{
  name: 'Error',
  stack: 'Error: A valid latitude and longitude or searchTerm must be specified.\n' +
    '    at SterlingSchedulingService.requestAsync (/home/ibrahim/apps/sterling-integration-api/src/services/integrations/sterling-scheduling-service.ts:115:27)\n' +
    '    at processTicksAndRejections (node:internal/process/task_queues:95:5)\n' +
    '    at SterlingSchedulingService.getLocationByExternalId (/home/ibrahim/apps/sterling-integration-api/src/services/integrations/sterling-scheduling-service.ts:47:24)\n' +
    '    at UpdateOrderLocationsTask.getSterlingLocationsByExternalIds (/home/ibrahim/apps/sterling-integration-api/src/tasks/update-order-locations-task.ts:63:42)\n' +
    '    at handle (/home/ibrahim/apps/sterling-integration-api/src/tasks/update-order-locations-task.ts:43:53)\n' +
    '    at Task.handleOverLapping (/home/ibrahim/apps/sterling-integration-api/src/tasks/task.ts:87:17)',
  message: 'A valid latitude and longitude or searchTerm must be specified.',
  error: 'A valid latitude and longitude or searchTerm must be specified.',
  code: 'SterlingError',
  level: 'error',
  timestamp: '2026-05-04 09:22:47'
}
{
  name: 'Error',
  stack: 'Error: A location with locationId TUPSS23604 was not found.\n' +
    '    at SterlingSchedulingService.requestAsync (/home/ibrahim/apps/sterling-integration-api/src/services/integrations/sterling-scheduling-service.ts:107:27)\n' +
    '    at processTicksAndRejections (node:internal/process/task_queues:95:5)\n' +
    '    at SterlingSchedulingService.getLocationByExternalId (/home/ibrahim/apps/sterling-integration-api/src/services/integrations/sterling-scheduling-service.ts:47:24)\n' +
    '    at UpdateOrderLocationsTask.getSterlingLocationsByExternalIds (/home/ibrahim/apps/sterling-integration-api/src/tasks/update-order-locations-task.ts:63:42)\n' +
    '    at handle (/home/ibrahim/apps/sterling-integration-api/src/tasks/update-order-locations-task.ts:43:53)\n' +
    '    at Task.handleOverLapping (/home/ibrahim/apps/sterling-integration-api/src/tasks/task.ts:87:17)',
  message: 'A location with locationId TUPSS23604 was not found.',
  error: 'A location with locationId TUPSS23604 was not found.',
  code: 'SterlingNotFound',
  level: 'error',
  timestamp: '2026-05-04 09:22:50'
}
{
  name: 'Error',
  stack: 'Error: A location with locationId null was not found.\n' +
    '    at SterlingSchedulingService.requestAsync (/home/ibrahim/apps/sterling-integration-api/src/services/integrations/sterling-scheduling-service.ts:107:27)\n' +
    '    at processTicksAndRejections (node:internal/process/task_queues:95:5)\n' +
    '    at SterlingSchedulingService.getLocationByExternalId (/home/ibrahim/apps/sterling-integration-api/src/services/integrations/sterling-scheduling-service.ts:47:24)\n' +
    '    at UpdateOrderLocationsTask.getSterlingLocationsByExternalIds (/home/ibrahim/apps/sterling-integration-api/src/tasks/update-order-locations-task.ts:63:42)\n' +
    '    at handle (/home/ibrahim/apps/sterling-integration-api/src/tasks/update-order-locations-task.ts:43:53)\n' +
    '    at Task.handleOverLapping (/home/ibrahim/apps/sterling-integration-api/src/tasks/task.ts:87:17)',
  message: 'A location with locationId null was not found.',
  error: 'A location with locationId null was not found.',
  code: 'SterlingNotFound',
  level: 'error',
  timestamp: '2026-05-04 09:22:51'
}
{
  name: 'Error',
  stack: 'Error: A valid latitude and longitude or searchTerm must be specified.\n' +
    '    at SterlingSchedulingService.requestAsync (/home/ibrahim/apps/sterling-integration-api/src/services/integrations/sterling-scheduling-service.ts:115:27)\n' +
    '    at processTicksAndRejections (node:internal/process/task_queues:95:5)\n' +
    '    at SterlingSchedulingService.getLocationByExternalId (/home/ibrahim/apps/sterling-integration-api/src/services/integrations/sterling-scheduling-service.ts:47:24)\n' +
    '    at UpdateOrderLocationsTask.getSterlingLocationsByExternalIds (/home/ibrahim/apps/sterling-integration-api/src/tasks/update-order-locations-task.ts:63:42)\n' +
    '    at handle (/home/ibrahim/apps/sterling-integration-api/src/tasks/update-order-locations-task.ts:43:53)\n' +
    '    at Task.handleOverLapping (/home/ibrahim/apps/sterling-integration-api/src/tasks/task.ts:87:17)',
  message: 'A valid latitude and longitude or searchTerm must be specified.',
  error: 'A valid latitude and longitude or searchTerm must be specified.',
  code: 'SterlingError',
  level: 'error',
  timestamp: '2026-05-04 11:11:41'
}
{
  name: 'Error',
  stack: 'Error: A location with locationId TUPSS23604 was not found.\n' +
    '    at SterlingSchedulingService.requestAsync (/home/ibrahim/apps/sterling-integration-api/src/services/integrations/sterling-scheduling-service.ts:107:27)\n' +
    '    at processTicksAndRejections (node:internal/process/task_queues:95:5)\n' +
    '    at SterlingSchedulingService.getLocationByExternalId (/home/ibrahim/apps/sterling-integration-api/src/services/integrations/sterling-scheduling-service.ts:47:24)\n' +
    '    at UpdateOrderLocationsTask.getSterlingLocationsByExternalIds (/home/ibrahim/apps/sterling-integration-api/src/tasks/update-order-locations-task.ts:63:42)\n' +
    '    at handle (/home/ibrahim/apps/sterling-integration-api/src/tasks/update-order-locations-task.ts:43:53)\n' +
    '    at Task.handleOverLapping (/home/ibrahim/apps/sterling-integration-api/src/tasks/task.ts:87:17)',
  message: 'A location with locationId TUPSS23604 was not found.',
  error: 'A location with locationId TUPSS23604 was not found.',
  code: 'SterlingNotFound',
  level: 'error',
  timestamp: '2026-05-04 11:11:42'
}
{
  name: 'Error',
  stack: 'Error: A location with locationId null was not found.\n' +
    '    at SterlingSchedulingService.requestAsync (/home/ibrahim/apps/sterling-integration-api/src/services/integrations/sterling-scheduling-service.ts:107:27)\n' +
    '    at processTicksAndRejections (node:internal/process/task_queues:95:5)\n' +
    '    at SterlingSchedulingService.getLocationByExternalId (/home/ibrahim/apps/sterling-integration-api/src/services/integrations/sterling-scheduling-service.ts:47:24)\n' +
    '    at UpdateOrderLocationsTask.getSterlingLocationsByExternalIds (/home/ibrahim/apps/sterling-integration-api/src/tasks/update-order-locations-task.ts:63:42)\n' +
    '    at handle (/home/ibrahim/apps/sterling-integration-api/src/tasks/update-order-locations-task.ts:43:53)\n' +
    '    at Task.handleOverLapping (/home/ibrahim/apps/sterling-integration-api/src/tasks/task.ts:87:17)',
  message: 'A location with locationId null was not found.',
  error: 'A location with locationId null was not found.',
  code: 'SterlingNotFound',
  level: 'error',
  timestamp: '2026-05-04 11:11:45'
}
{
  message: {
    name: 'Error',
    stack: 'Error: \n' +
      '    at SterlingService.trackOrderAsync (/home/ibrahim/apps/sterling-integration-api/src/services/integrations/sterling-service.ts:28:15)\n' +
      '    at processTicksAndRejections (node:internal/process/task_queues:95:5)\n' +
      '    at OrderService.trackSterlingOrders (/home/ibrahim/apps/sterling-integration-api/src/services/order-service.ts:638:41)\n' +
      '    at handle (/home/ibrahim/apps/sterling-integration-api/src/tasks/update-order-task.ts:22:28)\n' +
      '    at Task.handleOverLapping (/home/ibrahim/apps/sterling-integration-api/src/tasks/task.ts:87:17)',
    message: '',
    error: 'Error: read ETIMEDOUT',
    code: 'SterlingError'
  },
  level: 'error',
  timestamp: '2026-05-04 11:26:33'
}
{
  name: 'TypeError',
  stack: "TypeError: Cannot read properties of undefined (reading 'access_token')\n" +
    '    at SterlingService.getTokenAsync (/home/ibrahim/apps/sterling-integration-api/src/services/integrations/sterling-service.ts:138:65)\n' +
    '    at processTicksAndRejections (node:internal/process/task_queues:95:5)\n' +
    '    at SterlingService.requestAsync (/home/ibrahim/apps/sterling-integration-api/src/services/integrations/sterling-service.ts:110:21)\n' +
    '    at SterlingService.trackOrderAsync (/home/ibrahim/apps/sterling-integration-api/src/services/integrations/sterling-service.ts:23:49)\n' +
    '    at OrderService.trackSterlingOrders (/home/ibrahim/apps/sterling-integration-api/src/services/order-service.ts:638:41)\n' +
    '    at handle (/home/ibrahim/apps/sterling-integration-api/src/tasks/update-order-task.ts:22:28)\n' +
    '    at Task.handleOverLapping (/home/ibrahim/apps/sterling-integration-api/src/tasks/task.ts:87:17)',
  message: "Cannot read properties of undefined (reading 'access_token')",
  error: TypeError: Cannot read properties of undefined (reading 'access_token')
      at SterlingService.getTokenAsync (/home/ibrahim/apps/sterling-integration-api/src/services/integrations/sterling-service.ts:138:65)
      at processTicksAndRejections (node:internal/process/task_queues:95:5)
      at SterlingService.requestAsync (/home/ibrahim/apps/sterling-integration-api/src/services/integrations/sterling-service.ts:110:21)
      at SterlingService.trackOrderAsync (/home/ibrahim/apps/sterling-integration-api/src/services/integrations/sterling-service.ts:23:49)
      at OrderService.trackSterlingOrders (/home/ibrahim/apps/sterling-integration-api/src/services/order-service.ts:638:41)
      at handle (/home/ibrahim/apps/sterling-integration-api/src/tasks/update-order-task.ts:22:28)
      at Task.handleOverLapping (/home/ibrahim/apps/sterling-integration-api/src/tasks/task.ts:87:17),
  level: 'error',
  timestamp: '2026-05-04 11:26:37'
}
{
  name: 'TypeError',
  stack: "TypeError: Cannot read properties of undefined (reading 'access_token')\n" +
    '    at SterlingService.getTokenAsync (/home/ibrahim/apps/sterling-integration-api/src/services/integrations/sterling-service.ts:138:65)\n' +
    '    at processTicksAndRejections (node:internal/process/task_queues:95:5)\n' +
    '    at SterlingService.requestAsync (/home/ibrahim/apps/sterling-integration-api/src/services/integrations/sterling-service.ts:110:21)\n' +
    '    at SterlingService.trackOrderAsync (/home/ibrahim/apps/sterling-integration-api/src/services/integrations/sterling-service.ts:23:49)\n' +
    '    at OrderService.trackSterlingOrders (/home/ibrahim/apps/sterling-integration-api/src/services/order-service.ts:638:41)\n' +
    '    at handle (/home/ibrahim/apps/sterling-integration-api/src/tasks/update-order-task.ts:22:28)\n' +
    '    at Task.handleOverLapping (/home/ibrahim/apps/sterling-integration-api/src/tasks/task.ts:87:17)',
  message: "Cannot read properties of undefined (reading 'access_token')",
  error: TypeError: Cannot read properties of undefined (reading 'access_token')
      at SterlingService.getTokenAsync (/home/ibrahim/apps/sterling-integration-api/src/services/integrations/sterling-service.ts:138:65)
      at processTicksAndRejections (node:internal/process/task_queues:95:5)
      at SterlingService.requestAsync (/home/ibrahim/apps/sterling-integration-api/src/services/integrations/sterling-service.ts:110:21)
      at SterlingService.trackOrderAsync (/home/ibrahim/apps/sterling-integration-api/src/services/integrations/sterling-service.ts:23:49)
      at OrderService.trackSterlingOrders (/home/ibrahim/apps/sterling-integration-api/src/services/order-service.ts:638:41)
      at handle (/home/ibrahim/apps/sterling-integration-api/src/tasks/update-order-task.ts:22:28)
      at Task.handleOverLapping (/home/ibrahim/apps/sterling-integration-api/src/tasks/task.ts:87:17),
  level: 'error',
  timestamp: '2026-05-04 11:26:37'
}
{
  name: 'TypeError',
  stack: "TypeError: Cannot read properties of undefined (reading 'access_token')\n" +
    '    at SterlingService.getTokenAsync (/home/ibrahim/apps/sterling-integration-api/src/services/integrations/sterling-service.ts:138:65)\n' +
    '    at processTicksAndRejections (node:internal/process/task_queues:95:5)\n' +
    '    at SterlingService.requestAsync (/home/ibrahim/apps/sterling-integration-api/src/services/integrations/sterling-service.ts:110:21)\n' +
    '    at SterlingService.trackOrderAsync (/home/ibrahim/apps/sterling-integration-api/src/services/integrations/sterling-service.ts:23:49)\n' +
    '    at OrderService.trackSterlingOrders (/home/ibrahim/apps/sterling-integration-api/src/services/order-service.ts:638:41)\n' +
    '    at handle (/home/ibrahim/apps/sterling-integration-api/src/tasks/update-order-task.ts:22:28)\n' +
    '    at Task.handleOverLapping (/home/ibrahim/apps/sterling-integration-api/src/tasks/task.ts:87:17)',
  message: "Cannot read properties of undefined (reading 'access_token')",
  error: TypeError: Cannot read properties of undefined (reading 'access_token')
      at SterlingService.getTokenAsync (/home/ibrahim/apps/sterling-integration-api/src/services/integrations/sterling-service.ts:138:65)
      at processTicksAndRejections (node:internal/process/task_queues:95:5)
      at SterlingService.requestAsync (/home/ibrahim/apps/sterling-integration-api/src/services/integrations/sterling-service.ts:110:21)
      at SterlingService.trackOrderAsync (/home/ibrahim/apps/sterling-integration-api/src/services/integrations/sterling-service.ts:23:49)
      at OrderService.trackSterlingOrders (/home/ibrahim/apps/sterling-integration-api/src/services/order-service.ts:638:41)
      at handle (/home/ibrahim/apps/sterling-integration-api/src/tasks/update-order-task.ts:22:28)
      at Task.handleOverLapping (/home/ibrahim/apps/sterling-integration-api/src/tasks/task.ts:87:17),
  level: 'error',
  timestamp: '2026-05-04 11:26:37'
}
{
  name: 'TypeError',
  stack: "TypeError: Cannot read properties of undefined (reading 'access_token')\n" +
    '    at SterlingService.getTokenAsync (/home/ibrahim/apps/sterling-integration-api/src/services/integrations/sterling-service.ts:138:65)\n' +
    '    at processTicksAndRejections (node:internal/process/task_queues:95:5)\n' +
    '    at SterlingService.requestAsync (/home/ibrahim/apps/sterling-integration-api/src/services/integrations/sterling-service.ts:110:21)\n' +
    '    at SterlingService.trackOrderAsync (/home/ibrahim/apps/sterling-integration-api/src/services/integrations/sterling-service.ts:23:49)\n' +
    '    at OrderService.trackSterlingOrders (/home/ibrahim/apps/sterling-integration-api/src/services/order-service.ts:638:41)\n' +
    '    at handle (/home/ibrahim/apps/sterling-integration-api/src/tasks/update-order-task.ts:22:28)\n' +
    '    at Task.handleOverLapping (/home/ibrahim/apps/sterling-integration-api/src/tasks/task.ts:87:17)',
  message: "Cannot read properties of undefined (reading 'access_token')",
  error: TypeError: Cannot read properties of undefined (reading 'access_token')
      at SterlingService.getTokenAsync (/home/ibrahim/apps/sterling-integration-api/src/services/integrations/sterling-service.ts:138:65)
      at processTicksAndRejections (node:internal/process/task_queues:95:5)
      at SterlingService.requestAsync (/home/ibrahim/apps/sterling-integration-api/src/services/integrations/sterling-service.ts:110:21)
      at SterlingService.trackOrderAsync (/home/ibrahim/apps/sterling-integration-api/src/services/integrations/sterling-service.ts:23:49)
      at OrderService.trackSterlingOrders (/home/ibrahim/apps/sterling-integration-api/src/services/order-service.ts:638:41)
      at handle (/home/ibrahim/apps/sterling-integration-api/src/tasks/update-order-task.ts:22:28)
      at Task.handleOverLapping (/home/ibrahim/apps/sterling-integration-api/src/tasks/task.ts:87:17),
  level: 'error',
  timestamp: '2026-05-04 11:26:37'
}
{
  name: 'TypeError',
  stack: "TypeError: Cannot read properties of undefined (reading 'access_token')\n" +
    '    at SterlingService.getTokenAsync (/home/ibrahim/apps/sterling-integration-api/src/services/integrations/sterling-service.ts:138:65)\n' +
    '    at processTicksAndRejections (node:internal/process/task_queues:95:5)\n' +
    '    at SterlingService.requestAsync (/home/ibrahim/apps/sterling-integration-api/src/services/integrations/sterling-service.ts:110:21)\n' +
    '    at SterlingService.trackOrderAsync (/home/ibrahim/apps/sterling-integration-api/src/services/integrations/sterling-service.ts:23:49)\n' +
    '    at OrderService.trackSterlingOrders (/home/ibrahim/apps/sterling-integration-api/src/services/order-service.ts:638:41)\n' +
    '    at handle (/home/ibrahim/apps/sterling-integration-api/src/tasks/update-order-task.ts:22:28)\n' +
    '    at Task.handleOverLapping (/home/ibrahim/apps/sterling-integration-api/src/tasks/task.ts:87:17)',
  message: "Cannot read properties of undefined (reading 'access_token')",
  error: TypeError: Cannot read properties of undefined (reading 'access_token')
      at SterlingService.getTokenAsync (/home/ibrahim/apps/sterling-integration-api/src/services/integrations/sterling-service.ts:138:65)
      at processTicksAndRejections (node:internal/process/task_queues:95:5)
      at SterlingService.requestAsync (/home/ibrahim/apps/sterling-integration-api/src/services/integrations/sterling-service.ts:110:21)
      at SterlingService.trackOrderAsync (/home/ibrahim/apps/sterling-integration-api/src/services/integrations/sterling-service.ts:23:49)
      at OrderService.trackSterlingOrders (/home/ibrahim/apps/sterling-integration-api/src/services/order-service.ts:638:41)
      at handle (/home/ibrahim/apps/sterling-integration-api/src/tasks/update-order-task.ts:22:28)
      at Task.handleOverLapping (/home/ibrahim/apps/sterling-integration-api/src/tasks/task.ts:87:17),
  level: 'error',
  timestamp: '2026-05-04 11:26:37'
}
{
  name: 'TypeError',
  stack: "TypeError: Cannot read properties of undefined (reading 'access_token')\n" +
    '    at SterlingService.getTokenAsync (/home/ibrahim/apps/sterling-integration-api/src/services/integrations/sterling-service.ts:138:65)\n' +
    '    at processTicksAndRejections (node:internal/process/task_queues:95:5)\n' +
    '    at SterlingService.requestAsync (/home/ibrahim/apps/sterling-integration-api/src/services/integrations/sterling-service.ts:110:21)\n' +
    '    at SterlingService.trackOrderAsync (/home/ibrahim/apps/sterling-integration-api/src/services/integrations/sterling-service.ts:23:49)\n' +
    '    at OrderService.trackSterlingOrders (/home/ibrahim/apps/sterling-integration-api/src/services/order-service.ts:638:41)\n' +
    '    at handle (/home/ibrahim/apps/sterling-integration-api/src/tasks/update-order-task.ts:22:28)\n' +
    '    at Task.handleOverLapping (/home/ibrahim/apps/sterling-integration-api/src/tasks/task.ts:87:17)',
  message: "Cannot read properties of undefined (reading 'access_token')",
  error: TypeError: Cannot read properties of undefined (reading 'access_token')
      at SterlingService.getTokenAsync (/home/ibrahim/apps/sterling-integration-api/src/services/integrations/sterling-service.ts:138:65)
      at processTicksAndRejections (node:internal/process/task_queues:95:5)
      at SterlingService.requestAsync (/home/ibrahim/apps/sterling-integration-api/src/services/integrations/sterling-service.ts:110:21)
      at SterlingService.trackOrderAsync (/home/ibrahim/apps/sterling-integration-api/src/services/integrations/sterling-service.ts:23:49)
      at OrderService.trackSterlingOrders (/home/ibrahim/apps/sterling-integration-api/src/services/order-service.ts:638:41)
      at handle (/home/ibrahim/apps/sterling-integration-api/src/tasks/update-order-task.ts:22:28)
      at Task.handleOverLapping (/home/ibrahim/apps/sterling-integration-api/src/tasks/task.ts:87:17),
  level: 'error',
  timestamp: '2026-05-04 11:26:37'
}
{
  name: 'TypeError',
  stack: "TypeError: Cannot read properties of undefined (reading 'access_token')\n" +
    '    at SterlingService.getTokenAsync (/home/ibrahim/apps/sterling-integration-api/src/services/integrations/sterling-service.ts:138:65)\n' +
    '    at processTicksAndRejections (node:internal/process/task_queues:95:5)\n' +
    '    at SterlingService.requestAsync (/home/ibrahim/apps/sterling-integration-api/src/services/integrations/sterling-service.ts:110:21)\n' +
    '    at SterlingService.trackOrderAsync (/home/ibrahim/apps/sterling-integration-api/src/services/integrations/sterling-service.ts:23:49)\n' +
    '    at OrderService.trackSterlingOrders (/home/ibrahim/apps/sterling-integration-api/src/services/order-service.ts:638:41)\n' +
    '    at handle (/home/ibrahim/apps/sterling-integration-api/src/tasks/update-order-task.ts:22:28)\n' +
    '    at Task.handleOverLapping (/home/ibrahim/apps/sterling-integration-api/src/tasks/task.ts:87:17)',
  message: "Cannot read properties of undefined (reading 'access_token')",
  error: TypeError: Cannot read properties of undefined (reading 'access_token')
      at SterlingService.getTokenAsync (/home/ibrahim/apps/sterling-integration-api/src/services/integrations/sterling-service.ts:138:65)
      at processTicksAndRejections (node:internal/process/task_queues:95:5)
      at SterlingService.requestAsync (/home/ibrahim/apps/sterling-integration-api/src/services/integrations/sterling-service.ts:110:21)
      at SterlingService.trackOrderAsync (/home/ibrahim/apps/sterling-integration-api/src/services/integrations/sterling-service.ts:23:49)
      at OrderService.trackSterlingOrders (/home/ibrahim/apps/sterling-integration-api/src/services/order-service.ts:638:41)
      at handle (/home/ibrahim/apps/sterling-integration-api/src/tasks/update-order-task.ts:22:28)
      at Task.handleOverLapping (/home/ibrahim/apps/sterling-integration-api/src/tasks/task.ts:87:17),
  level: 'error',
  timestamp: '2026-05-04 11:26:38'
}
{
  name: 'TypeError',
  stack: "TypeError: Cannot read properties of undefined (reading 'access_token')\n" +
    '    at SterlingService.getTokenAsync (/home/ibrahim/apps/sterling-integration-api/src/services/integrations/sterling-service.ts:138:65)\n' +
    '    at processTicksAndRejections (node:internal/process/task_queues:95:5)\n' +
    '    at SterlingService.requestAsync (/home/ibrahim/apps/sterling-integration-api/src/services/integrations/sterling-service.ts:110:21)\n' +
    '    at SterlingService.trackOrderAsync (/home/ibrahim/apps/sterling-integration-api/src/services/integrations/sterling-service.ts:23:49)\n' +
    '    at OrderService.trackSterlingOrders (/home/ibrahim/apps/sterling-integration-api/src/services/order-service.ts:638:41)\n' +
    '    at handle (/home/ibrahim/apps/sterling-integration-api/src/tasks/update-order-task.ts:22:28)\n' +
    '    at Task.handleOverLapping (/home/ibrahim/apps/sterling-integration-api/src/tasks/task.ts:87:17)',
  message: "Cannot read properties of undefined (reading 'access_token')",
  error: TypeError: Cannot read properties of undefined (reading 'access_token')
      at SterlingService.getTokenAsync (/home/ibrahim/apps/sterling-integration-api/src/services/integrations/sterling-service.ts:138:65)
      at processTicksAndRejections (node:internal/process/task_queues:95:5)
      at SterlingService.requestAsync (/home/ibrahim/apps/sterling-integration-api/src/services/integrations/sterling-service.ts:110:21)
      at SterlingService.trackOrderAsync (/home/ibrahim/apps/sterling-integration-api/src/services/integrations/sterling-service.ts:23:49)
      at OrderService.trackSterlingOrders (/home/ibrahim/apps/sterling-integration-api/src/services/order-service.ts:638:41)
      at handle (/home/ibrahim/apps/sterling-integration-api/src/tasks/update-order-task.ts:22:28)
      at Task.handleOverLapping (/home/ibrahim/apps/sterling-integration-api/src/tasks/task.ts:87:17),
  level: 'error',
  timestamp: '2026-05-04 11:26:38'
}
{
  name: 'TypeError',
  stack: "TypeError: Cannot read properties of undefined (reading 'access_token')\n" +
    '    at SterlingService.getTokenAsync (/home/ibrahim/apps/sterling-integration-api/src/services/integrations/sterling-service.ts:138:65)\n' +
    '    at processTicksAndRejections (node:internal/process/task_queues:95:5)\n' +
    '    at SterlingService.requestAsync (/home/ibrahim/apps/sterling-integration-api/src/services/integrations/sterling-service.ts:110:21)\n' +
    '    at SterlingService.trackOrderAsync (/home/ibrahim/apps/sterling-integration-api/src/services/integrations/sterling-service.ts:23:49)\n' +
    '    at OrderService.trackSterlingOrders (/home/ibrahim/apps/sterling-integration-api/src/services/order-service.ts:638:41)\n' +
    '    at handle (/home/ibrahim/apps/sterling-integration-api/src/tasks/update-order-task.ts:22:28)\n' +
    '    at Task.handleOverLapping (/home/ibrahim/apps/sterling-integration-api/src/tasks/task.ts:87:17)',
  message: "Cannot read properties of undefined (reading 'access_token')",
  error: TypeError: Cannot read properties of undefined (reading 'access_token')
      at SterlingService.getTokenAsync (/home/ibrahim/apps/sterling-integration-api/src/services/integrations/sterling-service.ts:138:65)
      at processTicksAndRejections (node:internal/process/task_queues:95:5)
      at SterlingService.requestAsync (/home/ibrahim/apps/sterling-integration-api/src/services/integrations/sterling-service.ts:110:21)
      at SterlingService.trackOrderAsync (/home/ibrahim/apps/sterling-integration-api/src/services/integrations/sterling-service.ts:23:49)
      at OrderService.trackSterlingOrders (/home/ibrahim/apps/sterling-integration-api/src/services/order-service.ts:638:41)
      at handle (/home/ibrahim/apps/sterling-integration-api/src/tasks/update-order-task.ts:22:28)
      at Task.handleOverLapping (/home/ibrahim/apps/sterling-integration-api/src/tasks/task.ts:87:17),
  level: 'error',
  timestamp: '2026-05-04 11:26:38'
}
{
  name: 'TypeError',
  stack: "TypeError: Cannot read properties of undefined (reading 'access_token')\n" +
    '    at SterlingService.getTokenAsync (/home/ibrahim/apps/sterling-integration-api/src/services/integrations/sterling-service.ts:138:65)\n' +
    '    at processTicksAndRejections (node:internal/process/task_queues:95:5)\n' +
    '    at SterlingService.requestAsync (/home/ibrahim/apps/sterling-integration-api/src/services/integrations/sterling-service.ts:110:21)\n' +
    '    at SterlingService.trackOrderAsync (/home/ibrahim/apps/sterling-integration-api/src/services/integrations/sterling-service.ts:23:49)\n' +
    '    at OrderService.trackSterlingOrders (/home/ibrahim/apps/sterling-integration-api/src/services/order-service.ts:638:41)\n' +
    '    at handle (/home/ibrahim/apps/sterling-integration-api/src/tasks/update-order-task.ts:22:28)\n' +
    '    at Task.handleOverLapping (/home/ibrahim/apps/sterling-integration-api/src/tasks/task.ts:87:17)',
  message: "Cannot read properties of undefined (reading 'access_token')",
  error: TypeError: Cannot read properties of undefined (reading 'access_token')
      at SterlingService.getTokenAsync (/home/ibrahim/apps/sterling-integration-api/src/services/integrations/sterling-service.ts:138:65)
      at processTicksAndRejections (node:internal/process/task_queues:95:5)
      at SterlingService.requestAsync (/home/ibrahim/apps/sterling-integration-api/src/services/integrations/sterling-service.ts:110:21)
      at SterlingService.trackOrderAsync (/home/ibrahim/apps/sterling-integration-api/src/services/integrations/sterling-service.ts:23:49)
      at OrderService.trackSterlingOrders (/home/ibrahim/apps/sterling-integration-api/src/services/order-service.ts:638:41)
      at handle (/home/ibrahim/apps/sterling-integration-api/src/tasks/update-order-task.ts:22:28)
      at Task.handleOverLapping (/home/ibrahim/apps/sterling-integration-api/src/tasks/task.ts:87:17),
  level: 'error',
  timestamp: '2026-05-04 11:26:38'
}
{
  name: 'TypeError',
  stack: "TypeError: Cannot read properties of undefined (reading 'access_token')\n" +
    '    at SterlingService.getTokenAsync (/home/ibrahim/apps/sterling-integration-api/src/services/integrations/sterling-service.ts:138:65)\n' +
    '    at processTicksAndRejections (node:internal/process/task_queues:95:5)\n' +
    '    at SterlingService.requestAsync (/home/ibrahim/apps/sterling-integration-api/src/services/integrations/sterling-service.ts:110:21)\n' +
    '    at SterlingService.trackOrderAsync (/home/ibrahim/apps/sterling-integration-api/src/services/integrations/sterling-service.ts:23:49)\n' +
    '    at OrderService.trackSterlingOrders (/home/ibrahim/apps/sterling-integration-api/src/services/order-service.ts:638:41)\n' +
    '    at handle (/home/ibrahim/apps/sterling-integration-api/src/tasks/update-order-task.ts:22:28)\n' +
    '    at Task.handleOverLapping (/home/ibrahim/apps/sterling-integration-api/src/tasks/task.ts:87:17)',
  message: "Cannot read properties of undefined (reading 'access_token')",
  error: TypeError: Cannot read properties of undefined (reading 'access_token')
      at SterlingService.getTokenAsync (/home/ibrahim/apps/sterling-integration-api/src/services/integrations/sterling-service.ts:138:65)
      at processTicksAndRejections (node:internal/process/task_queues:95:5)
      at SterlingService.requestAsync (/home/ibrahim/apps/sterling-integration-api/src/services/integrations/sterling-service.ts:110:21)
      at SterlingService.trackOrderAsync (/home/ibrahim/apps/sterling-integration-api/src/services/integrations/sterling-service.ts:23:49)
      at OrderService.trackSterlingOrders (/home/ibrahim/apps/sterling-integration-api/src/services/order-service.ts:638:41)
      at handle (/home/ibrahim/apps/sterling-integration-api/src/tasks/update-order-task.ts:22:28)
      at Task.handleOverLapping (/home/ibrahim/apps/sterling-integration-api/src/tasks/task.ts:87:17),
  level: 'error',
  timestamp: '2026-05-04 11:26:38'
}
{
  name: 'TypeError',
  stack: "TypeError: Cannot read properties of undefined (reading 'access_token')\n" +
    '    at SterlingService.getTokenAsync (/home/ibrahim/apps/sterling-integration-api/src/services/integrations/sterling-service.ts:138:65)\n' +
    '    at processTicksAndRejections (node:internal/process/task_queues:95:5)\n' +
    '    at SterlingService.requestAsync (/home/ibrahim/apps/sterling-integration-api/src/services/integrations/sterling-service.ts:110:21)\n' +
    '    at SterlingService.trackOrderAsync (/home/ibrahim/apps/sterling-integration-api/src/services/integrations/sterling-service.ts:23:49)\n' +
    '    at OrderService.trackSterlingOrders (/home/ibrahim/apps/sterling-integration-api/src/services/order-service.ts:638:41)\n' +
    '    at handle (/home/ibrahim/apps/sterling-integration-api/src/tasks/update-order-task.ts:22:28)\n' +
    '    at Task.handleOverLapping (/home/ibrahim/apps/sterling-integration-api/src/tasks/task.ts:87:17)',
  message: "Cannot read properties of undefined (reading 'access_token')",
  error: TypeError: Cannot read properties of undefined (reading 'access_token')
      at SterlingService.getTokenAsync (/home/ibrahim/apps/sterling-integration-api/src/services/integrations/sterling-service.ts:138:65)
      at processTicksAndRejections (node:internal/process/task_queues:95:5)
      at SterlingService.requestAsync (/home/ibrahim/apps/sterling-integration-api/src/services/integrations/sterling-service.ts:110:21)
      at SterlingService.trackOrderAsync (/home/ibrahim/apps/sterling-integration-api/src/services/integrations/sterling-service.ts:23:49)
      at OrderService.trackSterlingOrders (/home/ibrahim/apps/sterling-integration-api/src/services/order-service.ts:638:41)
      at handle (/home/ibrahim/apps/sterling-integration-api/src/tasks/update-order-task.ts:22:28)
      at Task.handleOverLapping (/home/ibrahim/apps/sterling-integration-api/src/tasks/task.ts:87:17),
  level: 'error',
  timestamp: '2026-05-04 11:26:38'
}
{
  name: 'TypeError',
  stack: "TypeError: Cannot read properties of undefined (reading 'access_token')\n" +
    '    at SterlingService.getTokenAsync (/home/ibrahim/apps/sterling-integration-api/src/services/integrations/sterling-service.ts:138:65)\n' +
    '    at processTicksAndRejections (node:internal/process/task_queues:95:5)\n' +
    '    at SterlingService.requestAsync (/home/ibrahim/apps/sterling-integration-api/src/services/integrations/sterling-service.ts:110:21)\n' +
    '    at SterlingService.trackOrderAsync (/home/ibrahim/apps/sterling-integration-api/src/services/integrations/sterling-service.ts:23:49)\n' +
    '    at OrderService.trackSterlingOrders (/home/ibrahim/apps/sterling-integration-api/src/services/order-service.ts:638:41)\n' +
    '    at handle (/home/ibrahim/apps/sterling-integration-api/src/tasks/update-order-task.ts:22:28)\n' +
    '    at Task.handleOverLapping (/home/ibrahim/apps/sterling-integration-api/src/tasks/task.ts:87:17)',
  message: "Cannot read properties of undefined (reading 'access_token')",
  error: TypeError: Cannot read properties of undefined (reading 'access_token')
      at SterlingService.getTokenAsync (/home/ibrahim/apps/sterling-integration-api/src/services/integrations/sterling-service.ts:138:65)
      at processTicksAndRejections (node:internal/process/task_queues:95:5)
      at SterlingService.requestAsync (/home/ibrahim/apps/sterling-integration-api/src/services/integrations/sterling-service.ts:110:21)
      at SterlingService.trackOrderAsync (/home/ibrahim/apps/sterling-integration-api/src/services/integrations/sterling-service.ts:23:49)
      at OrderService.trackSterlingOrders (/home/ibrahim/apps/sterling-integration-api/src/services/order-service.ts:638:41)
      at handle (/home/ibrahim/apps/sterling-integration-api/src/tasks/update-order-task.ts:22:28)
      at Task.handleOverLapping (/home/ibrahim/apps/sterling-integration-api/src/tasks/task.ts:87:17),
  level: 'error',
  timestamp: '2026-05-04 11:26:38'
}
{
  name: 'TypeError',
  stack: "TypeError: Cannot read properties of undefined (reading 'access_token')\n" +
    '    at SterlingService.getTokenAsync (/home/ibrahim/apps/sterling-integration-api/src/services/integrations/sterling-service.ts:138:65)\n' +
    '    at processTicksAndRejections (node:internal/process/task_queues:95:5)\n' +
    '    at SterlingService.requestAsync (/home/ibrahim/apps/sterling-integration-api/src/services/integrations/sterling-service.ts:110:21)\n' +
    '    at SterlingService.trackOrderAsync (/home/ibrahim/apps/sterling-integration-api/src/services/integrations/sterling-service.ts:23:49)\n' +
    '    at OrderService.trackSterlingOrders (/home/ibrahim/apps/sterling-integration-api/src/services/order-service.ts:638:41)\n' +
    '    at handle (/home/ibrahim/apps/sterling-integration-api/src/tasks/update-order-task.ts:22:28)\n' +
    '    at Task.handleOverLapping (/home/ibrahim/apps/sterling-integration-api/src/tasks/task.ts:87:17)',
  message: "Cannot read properties of undefined (reading 'access_token')",
  error: TypeError: Cannot read properties of undefined (reading 'access_token')
      at SterlingService.getTokenAsync (/home/ibrahim/apps/sterling-integration-api/src/services/integrations/sterling-service.ts:138:65)
      at processTicksAndRejections (node:internal/process/task_queues:95:5)
      at SterlingService.requestAsync (/home/ibrahim/apps/sterling-integration-api/src/services/integrations/sterling-service.ts:110:21)
      at SterlingService.trackOrderAsync (/home/ibrahim/apps/sterling-integration-api/src/services/integrations/sterling-service.ts:23:49)
      at OrderService.trackSterlingOrders (/home/ibrahim/apps/sterling-integration-api/src/services/order-service.ts:638:41)
      at handle (/home/ibrahim/apps/sterling-integration-api/src/tasks/update-order-task.ts:22:28)
      at Task.handleOverLapping (/home/ibrahim/apps/sterling-integration-api/src/tasks/task.ts:87:17),
  level: 'error',
  timestamp: '2026-05-04 11:26:38'
}
{
  name: 'TypeError',
  stack: "TypeError: Cannot read properties of undefined (reading 'access_token')\n" +
    '    at SterlingService.getTokenAsync (/home/ibrahim/apps/sterling-integration-api/src/services/integrations/sterling-service.ts:138:65)\n' +
    '    at processTicksAndRejections (node:internal/process/task_queues:95:5)\n' +
    '    at SterlingService.requestAsync (/home/ibrahim/apps/sterling-integration-api/src/services/integrations/sterling-service.ts:110:21)\n' +
    '    at SterlingService.trackOrderAsync (/home/ibrahim/apps/sterling-integration-api/src/services/integrations/sterling-service.ts:23:49)\n' +
    '    at OrderService.trackSterlingOrders (/home/ibrahim/apps/sterling-integration-api/src/services/order-service.ts:638:41)\n' +
    '    at handle (/home/ibrahim/apps/sterling-integration-api/src/tasks/update-order-task.ts:22:28)\n' +
    '    at Task.handleOverLapping (/home/ibrahim/apps/sterling-integration-api/src/tasks/task.ts:87:17)',
  message: "Cannot read properties of undefined (reading 'access_token')",
  error: TypeError: Cannot read properties of undefined (reading 'access_token')
      at SterlingService.getTokenAsync (/home/ibrahim/apps/sterling-integration-api/src/services/integrations/sterling-service.ts:138:65)
      at processTicksAndRejections (node:internal/process/task_queues:95:5)
      at SterlingService.requestAsync (/home/ibrahim/apps/sterling-integration-api/src/services/integrations/sterling-service.ts:110:21)
      at SterlingService.trackOrderAsync (/home/ibrahim/apps/sterling-integration-api/src/services/integrations/sterling-service.ts:23:49)
      at OrderService.trackSterlingOrders (/home/ibrahim/apps/sterling-integration-api/src/services/order-service.ts:638:41)
      at handle (/home/ibrahim/apps/sterling-integration-api/src/tasks/update-order-task.ts:22:28)
      at Task.handleOverLapping (/home/ibrahim/apps/sterling-integration-api/src/tasks/task.ts:87:17),
  level: 'error',
  timestamp: '2026-05-04 11:26:38'
}
{
  name: 'TypeError',
  stack: "TypeError: Cannot read properties of undefined (reading 'access_token')\n" +
    '    at SterlingService.getTokenAsync (/home/ibrahim/apps/sterling-integration-api/src/services/integrations/sterling-service.ts:138:65)\n' +
    '    at processTicksAndRejections (node:internal/process/task_queues:95:5)\n' +
    '    at SterlingService.requestAsync (/home/ibrahim/apps/sterling-integration-api/src/services/integrations/sterling-service.ts:110:21)\n' +
    '    at SterlingService.trackOrderAsync (/home/ibrahim/apps/sterling-integration-api/src/services/integrations/sterling-service.ts:23:49)\n' +
    '    at OrderService.trackSterlingOrders (/home/ibrahim/apps/sterling-integration-api/src/services/order-service.ts:638:41)\n' +
    '    at handle (/home/ibrahim/apps/sterling-integration-api/src/tasks/update-order-task.ts:22:28)\n' +
    '    at Task.handleOverLapping (/home/ibrahim/apps/sterling-integration-api/src/tasks/task.ts:87:17)',
  message: "Cannot read properties of undefined (reading 'access_token')",
  error: TypeError: Cannot read properties of undefined (reading 'access_token')
      at SterlingService.getTokenAsync (/home/ibrahim/apps/sterling-integration-api/src/services/integrations/sterling-service.ts:138:65)
      at processTicksAndRejections (node:internal/process/task_queues:95:5)
      at SterlingService.requestAsync (/home/ibrahim/apps/sterling-integration-api/src/services/integrations/sterling-service.ts:110:21)
      at SterlingService.trackOrderAsync (/home/ibrahim/apps/sterling-integration-api/src/services/integrations/sterling-service.ts:23:49)
      at OrderService.trackSterlingOrders (/home/ibrahim/apps/sterling-integration-api/src/services/order-service.ts:638:41)
      at handle (/home/ibrahim/apps/sterling-integration-api/src/tasks/update-order-task.ts:22:28)
      at Task.handleOverLapping (/home/ibrahim/apps/sterling-integration-api/src/tasks/task.ts:87:17),
  level: 'error',
  timestamp: '2026-05-04 11:26:39'
}
{
  name: 'TypeError',
  stack: "TypeError: Cannot read properties of undefined (reading 'access_token')\n" +
    '    at SterlingService.getTokenAsync (/home/ibrahim/apps/sterling-integration-api/src/services/integrations/sterling-service.ts:138:65)\n' +
    '    at processTicksAndRejections (node:internal/process/task_queues:95:5)\n' +
    '    at SterlingService.requestAsync (/home/ibrahim/apps/sterling-integration-api/src/services/integrations/sterling-service.ts:110:21)\n' +
    '    at SterlingService.trackOrderAsync (/home/ibrahim/apps/sterling-integration-api/src/services/integrations/sterling-service.ts:23:49)\n' +
    '    at OrderService.trackSterlingOrders (/home/ibrahim/apps/sterling-integration-api/src/services/order-service.ts:638:41)\n' +
    '    at handle (/home/ibrahim/apps/sterling-integration-api/src/tasks/update-order-task.ts:22:28)\n' +
    '    at Task.handleOverLapping (/home/ibrahim/apps/sterling-integration-api/src/tasks/task.ts:87:17)',
  message: "Cannot read properties of undefined (reading 'access_token')",
  error: TypeError: Cannot read properties of undefined (reading 'access_token')
      at SterlingService.getTokenAsync (/home/ibrahim/apps/sterling-integration-api/src/services/integrations/sterling-service.ts:138:65)
      at processTicksAndRejections (node:internal/process/task_queues:95:5)
      at SterlingService.requestAsync (/home/ibrahim/apps/sterling-integration-api/src/services/integrations/sterling-service.ts:110:21)
      at SterlingService.trackOrderAsync (/home/ibrahim/apps/sterling-integration-api/src/services/integrations/sterling-service.ts:23:49)
      at OrderService.trackSterlingOrders (/home/ibrahim/apps/sterling-integration-api/src/services/order-service.ts:638:41)
      at handle (/home/ibrahim/apps/sterling-integration-api/src/tasks/update-order-task.ts:22:28)
      at Task.handleOverLapping (/home/ibrahim/apps/sterling-integration-api/src/tasks/task.ts:87:17),
  level: 'error',
  timestamp: '2026-05-04 11:26:39'
}
{
  name: 'TypeError',
  stack: "TypeError: Cannot read properties of undefined (reading 'access_token')\n" +
    '    at SterlingService.getTokenAsync (/home/ibrahim/apps/sterling-integration-api/src/services/integrations/sterling-service.ts:138:65)\n' +
    '    at processTicksAndRejections (node:internal/process/task_queues:95:5)\n' +
    '    at SterlingService.requestAsync (/home/ibrahim/apps/sterling-integration-api/src/services/integrations/sterling-service.ts:110:21)\n' +
    '    at SterlingService.trackOrderAsync (/home/ibrahim/apps/sterling-integration-api/src/services/integrations/sterling-service.ts:23:49)\n' +
    '    at OrderService.trackSterlingOrders (/home/ibrahim/apps/sterling-integration-api/src/services/order-service.ts:638:41)\n' +
    '    at handle (/home/ibrahim/apps/sterling-integration-api/src/tasks/update-order-task.ts:22:28)\n' +
    '    at Task.handleOverLapping (/home/ibrahim/apps/sterling-integration-api/src/tasks/task.ts:87:17)',
  message: "Cannot read properties of undefined (reading 'access_token')",
  error: TypeError: Cannot read properties of undefined (reading 'access_token')
      at SterlingService.getTokenAsync (/home/ibrahim/apps/sterling-integration-api/src/services/integrations/sterling-service.ts:138:65)
      at processTicksAndRejections (node:internal/process/task_queues:95:5)
      at SterlingService.requestAsync (/home/ibrahim/apps/sterling-integration-api/src/services/integrations/sterling-service.ts:110:21)
      at SterlingService.trackOrderAsync (/home/ibrahim/apps/sterling-integration-api/src/services/integrations/sterling-service.ts:23:49)
      at OrderService.trackSterlingOrders (/home/ibrahim/apps/sterling-integration-api/src/services/order-service.ts:638:41)
      at handle (/home/ibrahim/apps/sterling-integration-api/src/tasks/update-order-task.ts:22:28)
      at Task.handleOverLapping (/home/ibrahim/apps/sterling-integration-api/src/tasks/task.ts:87:17),
  level: 'error',
  timestamp: '2026-05-04 11:26:39'
}
{
  name: 'TypeError',
  stack: "TypeError: Cannot read properties of undefined (reading 'access_token')\n" +
    '    at SterlingService.getTokenAsync (/home/ibrahim/apps/sterling-integration-api/src/services/integrations/sterling-service.ts:138:65)\n' +
    '    at processTicksAndRejections (node:internal/process/task_queues:95:5)\n' +
    '    at SterlingService.requestAsync (/home/ibrahim/apps/sterling-integration-api/src/services/integrations/sterling-service.ts:110:21)\n' +
    '    at SterlingService.trackOrderAsync (/home/ibrahim/apps/sterling-integration-api/src/services/integrations/sterling-service.ts:23:49)\n' +
    '    at OrderService.trackSterlingOrders (/home/ibrahim/apps/sterling-integration-api/src/services/order-service.ts:638:41)\n' +
    '    at handle (/home/ibrahim/apps/sterling-integration-api/src/tasks/update-order-task.ts:22:28)\n' +
    '    at Task.handleOverLapping (/home/ibrahim/apps/sterling-integration-api/src/tasks/task.ts:87:17)',
  message: "Cannot read properties of undefined (reading 'access_token')",
  error: TypeError: Cannot read properties of undefined (reading 'access_token')
      at SterlingService.getTokenAsync (/home/ibrahim/apps/sterling-integration-api/src/services/integrations/sterling-service.ts:138:65)
      at processTicksAndRejections (node:internal/process/task_queues:95:5)
      at SterlingService.requestAsync (/home/ibrahim/apps/sterling-integration-api/src/services/integrations/sterling-service.ts:110:21)
      at SterlingService.trackOrderAsync (/home/ibrahim/apps/sterling-integration-api/src/services/integrations/sterling-service.ts:23:49)
      at OrderService.trackSterlingOrders (/home/ibrahim/apps/sterling-integration-api/src/services/order-service.ts:638:41)
      at handle (/home/ibrahim/apps/sterling-integration-api/src/tasks/update-order-task.ts:22:28)
      at Task.handleOverLapping (/home/ibrahim/apps/sterling-integration-api/src/tasks/task.ts:87:17),
  level: 'error',
  timestamp: '2026-05-04 11:26:39'
}
{
  name: 'TypeError',
  stack: "TypeError: Cannot read properties of undefined (reading 'access_token')\n" +
    '    at SterlingService.getTokenAsync (/home/ibrahim/apps/sterling-integration-api/src/services/integrations/sterling-service.ts:138:65)\n' +
    '    at processTicksAndRejections (node:internal/process/task_queues:95:5)\n' +
    '    at SterlingService.requestAsync (/home/ibrahim/apps/sterling-integration-api/src/services/integrations/sterling-service.ts:110:21)\n' +
    '    at SterlingService.trackOrderAsync (/home/ibrahim/apps/sterling-integration-api/src/services/integrations/sterling-service.ts:23:49)\n' +
    '    at OrderService.trackSterlingOrders (/home/ibrahim/apps/sterling-integration-api/src/services/order-service.ts:638:41)\n' +
    '    at handle (/home/ibrahim/apps/sterling-integration-api/src/tasks/update-order-task.ts:22:28)\n' +
    '    at Task.handleOverLapping (/home/ibrahim/apps/sterling-integration-api/src/tasks/task.ts:87:17)',
  message: "Cannot read properties of undefined (reading 'access_token')",
  error: TypeError: Cannot read properties of undefined (reading 'access_token')
      at SterlingService.getTokenAsync (/home/ibrahim/apps/sterling-integration-api/src/services/integrations/sterling-service.ts:138:65)
      at processTicksAndRejections (node:internal/process/task_queues:95:5)
      at SterlingService.requestAsync (/home/ibrahim/apps/sterling-integration-api/src/services/integrations/sterling-service.ts:110:21)
      at SterlingService.trackOrderAsync (/home/ibrahim/apps/sterling-integration-api/src/services/integrations/sterling-service.ts:23:49)
      at OrderService.trackSterlingOrders (/home/ibrahim/apps/sterling-integration-api/src/services/order-service.ts:638:41)
      at handle (/home/ibrahim/apps/sterling-integration-api/src/tasks/update-order-task.ts:22:28)
      at Task.handleOverLapping (/home/ibrahim/apps/sterling-integration-api/src/tasks/task.ts:87:17),
  level: 'error',
  timestamp: '2026-05-04 11:26:39'
}
{
  name: 'TypeError',
  stack: "TypeError: Cannot read properties of undefined (reading 'access_token')\n" +
    '    at SterlingService.getTokenAsync (/home/ibrahim/apps/sterling-integration-api/src/services/integrations/sterling-service.ts:138:65)\n' +
    '    at processTicksAndRejections (node:internal/process/task_queues:95:5)\n' +
    '    at SterlingService.requestAsync (/home/ibrahim/apps/sterling-integration-api/src/services/integrations/sterling-service.ts:110:21)\n' +
    '    at SterlingService.trackOrderAsync (/home/ibrahim/apps/sterling-integration-api/src/services/integrations/sterling-service.ts:23:49)\n' +
    '    at OrderService.trackSterlingOrders (/home/ibrahim/apps/sterling-integration-api/src/services/order-service.ts:638:41)\n' +
    '    at handle (/home/ibrahim/apps/sterling-integration-api/src/tasks/update-order-task.ts:22:28)\n' +
    '    at Task.handleOverLapping (/home/ibrahim/apps/sterling-integration-api/src/tasks/task.ts:87:17)',
  message: "Cannot read properties of undefined (reading 'access_token')",
  error: TypeError: Cannot read properties of undefined (reading 'access_token')
      at SterlingService.getTokenAsync (/home/ibrahim/apps/sterling-integration-api/src/services/integrations/sterling-service.ts:138:65)
      at processTicksAndRejections (node:internal/process/task_queues:95:5)
      at SterlingService.requestAsync (/home/ibrahim/apps/sterling-integration-api/src/services/integrations/sterling-service.ts:110:21)
      at SterlingService.trackOrderAsync (/home/ibrahim/apps/sterling-integration-api/src/services/integrations/sterling-service.ts:23:49)
      at OrderService.trackSterlingOrders (/home/ibrahim/apps/sterling-integration-api/src/services/order-service.ts:638:41)
      at handle (/home/ibrahim/apps/sterling-integration-api/src/tasks/update-order-task.ts:22:28)
      at Task.handleOverLapping (/home/ibrahim/apps/sterling-integration-api/src/tasks/task.ts:87:17),
  level: 'error',
  timestamp: '2026-05-04 11:26:39'
}
{
  name: 'TypeError',
  stack: "TypeError: Cannot read properties of undefined (reading 'access_token')\n" +
    '    at SterlingService.getTokenAsync (/home/ibrahim/apps/sterling-integration-api/src/services/integrations/sterling-service.ts:138:65)\n' +
    '    at processTicksAndRejections (node:internal/process/task_queues:95:5)\n' +
    '    at SterlingService.requestAsync (/home/ibrahim/apps/sterling-integration-api/src/services/integrations/sterling-service.ts:110:21)\n' +
    '    at SterlingService.trackOrderAsync (/home/ibrahim/apps/sterling-integration-api/src/services/integrations/sterling-service.ts:23:49)\n' +
    '    at OrderService.trackSterlingOrders (/home/ibrahim/apps/sterling-integration-api/src/services/order-service.ts:638:41)\n' +
    '    at handle (/home/ibrahim/apps/sterling-integration-api/src/tasks/update-order-task.ts:22:28)\n' +
    '    at Task.handleOverLapping (/home/ibrahim/apps/sterling-integration-api/src/tasks/task.ts:87:17)',
  message: "Cannot read properties of undefined (reading 'access_token')",
  error: TypeError: Cannot read properties of undefined (reading 'access_token')
      at SterlingService.getTokenAsync (/home/ibrahim/apps/sterling-integration-api/src/services/integrations/sterling-service.ts:138:65)
      at processTicksAndRejections (node:internal/process/task_queues:95:5)
      at SterlingService.requestAsync (/home/ibrahim/apps/sterling-integration-api/src/services/integrations/sterling-service.ts:110:21)
      at SterlingService.trackOrderAsync (/home/ibrahim/apps/sterling-integration-api/src/services/integrations/sterling-service.ts:23:49)
      at OrderService.trackSterlingOrders (/home/ibrahim/apps/sterling-integration-api/src/services/order-service.ts:638:41)
      at handle (/home/ibrahim/apps/sterling-integration-api/src/tasks/update-order-task.ts:22:28)
      at Task.handleOverLapping (/home/ibrahim/apps/sterling-integration-api/src/tasks/task.ts:87:17),
  level: 'error',
  timestamp: '2026-05-04 11:26:39'
}
{
  name: 'TypeError',
  stack: "TypeError: Cannot read properties of undefined (reading 'access_token')\n" +
    '    at SterlingService.getTokenAsync (/home/ibrahim/apps/sterling-integration-api/src/services/integrations/sterling-service.ts:138:65)\n' +
    '    at processTicksAndRejections (node:internal/process/task_queues:95:5)\n' +
    '    at SterlingService.requestAsync (/home/ibrahim/apps/sterling-integration-api/src/services/integrations/sterling-service.ts:110:21)\n' +
    '    at SterlingService.trackOrderAsync (/home/ibrahim/apps/sterling-integration-api/src/services/integrations/sterling-service.ts:23:49)\n' +
    '    at OrderService.trackSterlingOrders (/home/ibrahim/apps/sterling-integration-api/src/services/order-service.ts:638:41)\n' +
    '    at handle (/home/ibrahim/apps/sterling-integration-api/src/tasks/update-order-task.ts:22:28)\n' +
    '    at Task.handleOverLapping (/home/ibrahim/apps/sterling-integration-api/src/tasks/task.ts:87:17)',
  message: "Cannot read properties of undefined (reading 'access_token')",
  error: TypeError: Cannot read properties of undefined (reading 'access_token')
      at SterlingService.getTokenAsync (/home/ibrahim/apps/sterling-integration-api/src/services/integrations/sterling-service.ts:138:65)
      at processTicksAndRejections (node:internal/process/task_queues:95:5)
      at SterlingService.requestAsync (/home/ibrahim/apps/sterling-integration-api/src/services/integrations/sterling-service.ts:110:21)
      at SterlingService.trackOrderAsync (/home/ibrahim/apps/sterling-integration-api/src/services/integrations/sterling-service.ts:23:49)
      at OrderService.trackSterlingOrders (/home/ibrahim/apps/sterling-integration-api/src/services/order-service.ts:638:41)
      at handle (/home/ibrahim/apps/sterling-integration-api/src/tasks/update-order-task.ts:22:28)
      at Task.handleOverLapping (/home/ibrahim/apps/sterling-integration-api/src/tasks/task.ts:87:17),
  level: 'error',
  timestamp: '2026-05-04 11:26:40'
}
{
  name: 'TypeError',
  stack: "TypeError: Cannot read properties of undefined (reading 'access_token')\n" +
    '    at SterlingService.getTokenAsync (/home/ibrahim/apps/sterling-integration-api/src/services/integrations/sterling-service.ts:138:65)\n' +
    '    at processTicksAndRejections (node:internal/process/task_queues:95:5)\n' +
    '    at SterlingService.requestAsync (/home/ibrahim/apps/sterling-integration-api/src/services/integrations/sterling-service.ts:110:21)\n' +
    '    at SterlingService.trackOrderAsync (/home/ibrahim/apps/sterling-integration-api/src/services/integrations/sterling-service.ts:23:49)\n' +
    '    at OrderService.trackSterlingOrders (/home/ibrahim/apps/sterling-integration-api/src/services/order-service.ts:638:41)\n' +
    '    at handle (/home/ibrahim/apps/sterling-integration-api/src/tasks/update-order-task.ts:22:28)\n' +
    '    at Task.handleOverLapping (/home/ibrahim/apps/sterling-integration-api/src/tasks/task.ts:87:17)',
  message: "Cannot read properties of undefined (reading 'access_token')",
  error: TypeError: Cannot read properties of undefined (reading 'access_token')
      at SterlingService.getTokenAsync (/home/ibrahim/apps/sterling-integration-api/src/services/integrations/sterling-service.ts:138:65)
      at processTicksAndRejections (node:internal/process/task_queues:95:5)
      at SterlingService.requestAsync (/home/ibrahim/apps/sterling-integration-api/src/services/integrations/sterling-service.ts:110:21)
      at SterlingService.trackOrderAsync (/home/ibrahim/apps/sterling-integration-api/src/services/integrations/sterling-service.ts:23:49)
      at OrderService.trackSterlingOrders (/home/ibrahim/apps/sterling-integration-api/src/services/order-service.ts:638:41)
      at handle (/home/ibrahim/apps/sterling-integration-api/src/tasks/update-order-task.ts:22:28)
      at Task.handleOverLapping (/home/ibrahim/apps/sterling-integration-api/src/tasks/task.ts:87:17),
  level: 'error',
  timestamp: '2026-05-04 11:26:40'
}
{
  name: 'TypeError',
  stack: "TypeError: Cannot read properties of undefined (reading 'access_token')\n" +
    '    at SterlingService.getTokenAsync (/home/ibrahim/apps/sterling-integration-api/src/services/integrations/sterling-service.ts:138:65)\n' +
    '    at processTicksAndRejections (node:internal/process/task_queues:95:5)\n' +
    '    at SterlingService.requestAsync (/home/ibrahim/apps/sterling-integration-api/src/services/integrations/sterling-service.ts:110:21)\n' +
    '    at SterlingService.trackOrderAsync (/home/ibrahim/apps/sterling-integration-api/src/services/integrations/sterling-service.ts:23:49)\n' +
    '    at OrderService.trackSterlingOrders (/home/ibrahim/apps/sterling-integration-api/src/services/order-service.ts:638:41)\n' +
    '    at handle (/home/ibrahim/apps/sterling-integration-api/src/tasks/update-order-task.ts:22:28)\n' +
    '    at Task.handleOverLapping (/home/ibrahim/apps/sterling-integration-api/src/tasks/task.ts:87:17)',
  message: "Cannot read properties of undefined (reading 'access_token')",
  error: TypeError: Cannot read properties of undefined (reading 'access_token')
      at SterlingService.getTokenAsync (/home/ibrahim/apps/sterling-integration-api/src/services/integrations/sterling-service.ts:138:65)
      at processTicksAndRejections (node:internal/process/task_queues:95:5)
      at SterlingService.requestAsync (/home/ibrahim/apps/sterling-integration-api/src/services/integrations/sterling-service.ts:110:21)
      at SterlingService.trackOrderAsync (/home/ibrahim/apps/sterling-integration-api/src/services/integrations/sterling-service.ts:23:49)
      at OrderService.trackSterlingOrders (/home/ibrahim/apps/sterling-integration-api/src/services/order-service.ts:638:41)
      at handle (/home/ibrahim/apps/sterling-integration-api/src/tasks/update-order-task.ts:22:28)
      at Task.handleOverLapping (/home/ibrahim/apps/sterling-integration-api/src/tasks/task.ts:87:17),
  level: 'error',
  timestamp: '2026-05-04 11:26:40'
}
{
  name: 'TypeError',
  stack: "TypeError: Cannot read properties of undefined (reading 'access_token')\n" +
    '    at SterlingService.getTokenAsync (/home/ibrahim/apps/sterling-integration-api/src/services/integrations/sterling-service.ts:138:65)\n' +
    '    at processTicksAndRejections (node:internal/process/task_queues:95:5)\n' +
    '    at SterlingService.requestAsync (/home/ibrahim/apps/sterling-integration-api/src/services/integrations/sterling-service.ts:110:21)\n' +
    '    at SterlingService.trackOrderAsync (/home/ibrahim/apps/sterling-integration-api/src/services/integrations/sterling-service.ts:23:49)\n' +
    '    at OrderService.trackSterlingOrders (/home/ibrahim/apps/sterling-integration-api/src/services/order-service.ts:638:41)\n' +
    '    at handle (/home/ibrahim/apps/sterling-integration-api/src/tasks/update-order-task.ts:22:28)\n' +
    '    at Task.handleOverLapping (/home/ibrahim/apps/sterling-integration-api/src/tasks/task.ts:87:17)',
  message: "Cannot read properties of undefined (reading 'access_token')",
  error: TypeError: Cannot read properties of undefined (reading 'access_token')
      at SterlingService.getTokenAsync (/home/ibrahim/apps/sterling-integration-api/src/services/integrations/sterling-service.ts:138:65)
      at processTicksAndRejections (node:internal/process/task_queues:95:5)
      at SterlingService.requestAsync (/home/ibrahim/apps/sterling-integration-api/src/services/integrations/sterling-service.ts:110:21)
      at SterlingService.trackOrderAsync (/home/ibrahim/apps/sterling-integration-api/src/services/integrations/sterling-service.ts:23:49)
      at OrderService.trackSterlingOrders (/home/ibrahim/apps/sterling-integration-api/src/services/order-service.ts:638:41)
      at handle (/home/ibrahim/apps/sterling-integration-api/src/tasks/update-order-task.ts:22:28)
      at Task.handleOverLapping (/home/ibrahim/apps/sterling-integration-api/src/tasks/task.ts:87:17),
  level: 'error',
  timestamp: '2026-05-04 11:26:40'
}
{
  name: 'TypeError',
  stack: "TypeError: Cannot read properties of undefined (reading 'access_token')\n" +
    '    at SterlingService.getTokenAsync (/home/ibrahim/apps/sterling-integration-api/src/services/integrations/sterling-service.ts:138:65)\n' +
    '    at processTicksAndRejections (node:internal/process/task_queues:95:5)\n' +
    '    at SterlingService.requestAsync (/home/ibrahim/apps/sterling-integration-api/src/services/integrations/sterling-service.ts:110:21)\n' +
    '    at SterlingService.trackOrderAsync (/home/ibrahim/apps/sterling-integration-api/src/services/integrations/sterling-service.ts:23:49)\n' +
    '    at OrderService.trackSterlingOrders (/home/ibrahim/apps/sterling-integration-api/src/services/order-service.ts:638:41)\n' +
    '    at handle (/home/ibrahim/apps/sterling-integration-api/src/tasks/update-order-task.ts:22:28)\n' +
    '    at Task.handleOverLapping (/home/ibrahim/apps/sterling-integration-api/src/tasks/task.ts:87:17)',
  message: "Cannot read properties of undefined (reading 'access_token')",
  error: TypeError: Cannot read properties of undefined (reading 'access_token')
      at SterlingService.getTokenAsync (/home/ibrahim/apps/sterling-integration-api/src/services/integrations/sterling-service.ts:138:65)
      at processTicksAndRejections (node:internal/process/task_queues:95:5)
      at SterlingService.requestAsync (/home/ibrahim/apps/sterling-integration-api/src/services/integrations/sterling-service.ts:110:21)
      at SterlingService.trackOrderAsync (/home/ibrahim/apps/sterling-integration-api/src/services/integrations/sterling-service.ts:23:49)
      at OrderService.trackSterlingOrders (/home/ibrahim/apps/sterling-integration-api/src/services/order-service.ts:638:41)
      at handle (/home/ibrahim/apps/sterling-integration-api/src/tasks/update-order-task.ts:22:28)
      at Task.handleOverLapping (/home/ibrahim/apps/sterling-integration-api/src/tasks/task.ts:87:17),
  level: 'error',
  timestamp: '2026-05-04 11:26:40'
}
{
  name: 'TypeError',
  stack: "TypeError: Cannot read properties of undefined (reading 'access_token')\n" +
    '    at SterlingService.getTokenAsync (/home/ibrahim/apps/sterling-integration-api/src/services/integrations/sterling-service.ts:138:65)\n' +
    '    at processTicksAndRejections (node:internal/process/task_queues:95:5)\n' +
    '    at SterlingService.requestAsync (/home/ibrahim/apps/sterling-integration-api/src/services/integrations/sterling-service.ts:110:21)\n' +
    '    at SterlingService.trackOrderAsync (/home/ibrahim/apps/sterling-integration-api/src/services/integrations/sterling-service.ts:23:49)\n' +
    '    at OrderService.trackSterlingOrders (/home/ibrahim/apps/sterling-integration-api/src/services/order-service.ts:638:41)\n' +
    '    at handle (/home/ibrahim/apps/sterling-integration-api/src/tasks/update-order-task.ts:22:28)\n' +
    '    at Task.handleOverLapping (/home/ibrahim/apps/sterling-integration-api/src/tasks/task.ts:87:17)',
  message: "Cannot read properties of undefined (reading 'access_token')",
  error: TypeError: Cannot read properties of undefined (reading 'access_token')
      at SterlingService.getTokenAsync (/home/ibrahim/apps/sterling-integration-api/src/services/integrations/sterling-service.ts:138:65)
      at processTicksAndRejections (node:internal/process/task_queues:95:5)
      at SterlingService.requestAsync (/home/ibrahim/apps/sterling-integration-api/src/services/integrations/sterling-service.ts:110:21)
      at SterlingService.trackOrderAsync (/home/ibrahim/apps/sterling-integration-api/src/services/integrations/sterling-service.ts:23:49)
      at OrderService.trackSterlingOrders (/home/ibrahim/apps/sterling-integration-api/src/services/order-service.ts:638:41)
      at handle (/home/ibrahim/apps/sterling-integration-api/src/tasks/update-order-task.ts:22:28)
      at Task.handleOverLapping (/home/ibrahim/apps/sterling-integration-api/src/tasks/task.ts:87:17),
  level: 'error',
  timestamp: '2026-05-04 11:26:40'
}
{
  name: 'TypeError',
  stack: "TypeError: Cannot read properties of undefined (reading 'access_token')\n" +
    '    at SterlingService.getTokenAsync (/home/ibrahim/apps/sterling-integration-api/src/services/integrations/sterling-service.ts:138:65)\n' +
    '    at processTicksAndRejections (node:internal/process/task_queues:95:5)\n' +
    '    at SterlingService.requestAsync (/home/ibrahim/apps/sterling-integration-api/src/services/integrations/sterling-service.ts:110:21)\n' +
    '    at SterlingService.trackOrderAsync (/home/ibrahim/apps/sterling-integration-api/src/services/integrations/sterling-service.ts:23:49)\n' +
    '    at OrderService.trackSterlingOrders (/home/ibrahim/apps/sterling-integration-api/src/services/order-service.ts:638:41)\n' +
    '    at handle (/home/ibrahim/apps/sterling-integration-api/src/tasks/update-order-task.ts:22:28)\n' +
    '    at Task.handleOverLapping (/home/ibrahim/apps/sterling-integration-api/src/tasks/task.ts:87:17)',
  message: "Cannot read properties of undefined (reading 'access_token')",
  error: TypeError: Cannot read properties of undefined (reading 'access_token')
      at SterlingService.getTokenAsync (/home/ibrahim/apps/sterling-integration-api/src/services/integrations/sterling-service.ts:138:65)
      at processTicksAndRejections (node:internal/process/task_queues:95:5)
      at SterlingService.requestAsync (/home/ibrahim/apps/sterling-integration-api/src/services/integrations/sterling-service.ts:110:21)
      at SterlingService.trackOrderAsync (/home/ibrahim/apps/sterling-integration-api/src/services/integrations/sterling-service.ts:23:49)
      at OrderService.trackSterlingOrders (/home/ibrahim/apps/sterling-integration-api/src/services/order-service.ts:638:41)
      at handle (/home/ibrahim/apps/sterling-integration-api/src/tasks/update-order-task.ts:22:28)
      at Task.handleOverLapping (/home/ibrahim/apps/sterling-integration-api/src/tasks/task.ts:87:17),
  level: 'error',
  timestamp: '2026-05-04 11:26:40'
}
{
  name: 'TypeError',
  stack: "TypeError: Cannot read properties of undefined (reading 'access_token')\n" +
    '    at SterlingService.getTokenAsync (/home/ibrahim/apps/sterling-integration-api/src/services/integrations/sterling-service.ts:138:65)\n' +
    '    at processTicksAndRejections (node:internal/process/task_queues:95:5)\n' +
    '    at SterlingService.requestAsync (/home/ibrahim/apps/sterling-integration-api/src/services/integrations/sterling-service.ts:110:21)\n' +
    '    at SterlingService.trackOrderAsync (/home/ibrahim/apps/sterling-integration-api/src/services/integrations/sterling-service.ts:23:49)\n' +
    '    at OrderService.trackSterlingOrders (/home/ibrahim/apps/sterling-integration-api/src/services/order-service.ts:638:41)\n' +
    '    at handle (/home/ibrahim/apps/sterling-integration-api/src/tasks/update-order-task.ts:22:28)\n' +
    '    at Task.handleOverLapping (/home/ibrahim/apps/sterling-integration-api/src/tasks/task.ts:87:17)',
  message: "Cannot read properties of undefined (reading 'access_token')",
  error: TypeError: Cannot read properties of undefined (reading 'access_token')
      at SterlingService.getTokenAsync (/home/ibrahim/apps/sterling-integration-api/src/services/integrations/sterling-service.ts:138:65)
      at processTicksAndRejections (node:internal/process/task_queues:95:5)
      at SterlingService.requestAsync (/home/ibrahim/apps/sterling-integration-api/src/services/integrations/sterling-service.ts:110:21)
      at SterlingService.trackOrderAsync (/home/ibrahim/apps/sterling-integration-api/src/services/integrations/sterling-service.ts:23:49)
      at OrderService.trackSterlingOrders (/home/ibrahim/apps/sterling-integration-api/src/services/order-service.ts:638:41)
      at handle (/home/ibrahim/apps/sterling-integration-api/src/tasks/update-order-task.ts:22:28)
      at Task.handleOverLapping (/home/ibrahim/apps/sterling-integration-api/src/tasks/task.ts:87:17),
  level: 'error',
  timestamp: '2026-05-04 11:26:40'
}
{
  name: 'TypeError',
  stack: "TypeError: Cannot read properties of undefined (reading 'access_token')\n" +
    '    at SterlingService.getTokenAsync (/home/ibrahim/apps/sterling-integration-api/src/services/integrations/sterling-service.ts:138:65)\n' +
    '    at processTicksAndRejections (node:internal/process/task_queues:95:5)\n' +
    '    at SterlingService.requestAsync (/home/ibrahim/apps/sterling-integration-api/src/services/integrations/sterling-service.ts:110:21)\n' +
    '    at SterlingService.trackOrderAsync (/home/ibrahim/apps/sterling-integration-api/src/services/integrations/sterling-service.ts:23:49)\n' +
    '    at OrderService.trackSterlingOrders (/home/ibrahim/apps/sterling-integration-api/src/services/order-service.ts:638:41)\n' +
    '    at handle (/home/ibrahim/apps/sterling-integration-api/src/tasks/update-order-task.ts:22:28)\n' +
    '    at Task.handleOverLapping (/home/ibrahim/apps/sterling-integration-api/src/tasks/task.ts:87:17)',
  message: "Cannot read properties of undefined (reading 'access_token')",
  error: TypeError: Cannot read properties of undefined (reading 'access_token')
      at SterlingService.getTokenAsync (/home/ibrahim/apps/sterling-integration-api/src/services/integrations/sterling-service.ts:138:65)
      at processTicksAndRejections (node:internal/process/task_queues:95:5)
      at SterlingService.requestAsync (/home/ibrahim/apps/sterling-integration-api/src/services/integrations/sterling-service.ts:110:21)
      at SterlingService.trackOrderAsync (/home/ibrahim/apps/sterling-integration-api/src/services/integrations/sterling-service.ts:23:49)
      at OrderService.trackSterlingOrders (/home/ibrahim/apps/sterling-integration-api/src/services/order-service.ts:638:41)
      at handle (/home/ibrahim/apps/sterling-integration-api/src/tasks/update-order-task.ts:22:28)
      at Task.handleOverLapping (/home/ibrahim/apps/sterling-integration-api/src/tasks/task.ts:87:17),
  level: 'error',
  timestamp: '2026-05-04 11:26:41'
}
{
  name: 'TypeError',
  stack: "TypeError: Cannot read properties of undefined (reading 'access_token')\n" +
    '    at SterlingService.getTokenAsync (/home/ibrahim/apps/sterling-integration-api/src/services/integrations/sterling-service.ts:138:65)\n' +
    '    at processTicksAndRejections (node:internal/process/task_queues:95:5)\n' +
    '    at SterlingService.requestAsync (/home/ibrahim/apps/sterling-integration-api/src/services/integrations/sterling-service.ts:110:21)\n' +
    '    at SterlingService.trackOrderAsync (/home/ibrahim/apps/sterling-integration-api/src/services/integrations/sterling-service.ts:23:49)\n' +
    '    at OrderService.trackSterlingOrders (/home/ibrahim/apps/sterling-integration-api/src/services/order-service.ts:638:41)\n' +
    '    at handle (/home/ibrahim/apps/sterling-integration-api/src/tasks/update-order-task.ts:22:28)\n' +
    '    at Task.handleOverLapping (/home/ibrahim/apps/sterling-integration-api/src/tasks/task.ts:87:17)',
  message: "Cannot read properties of undefined (reading 'access_token')",
  error: TypeError: Cannot read properties of undefined (reading 'access_token')
      at SterlingService.getTokenAsync (/home/ibrahim/apps/sterling-integration-api/src/services/integrations/sterling-service.ts:138:65)
      at processTicksAndRejections (node:internal/process/task_queues:95:5)
      at SterlingService.requestAsync (/home/ibrahim/apps/sterling-integration-api/src/services/integrations/sterling-service.ts:110:21)
      at SterlingService.trackOrderAsync (/home/ibrahim/apps/sterling-integration-api/src/services/integrations/sterling-service.ts:23:49)
      at OrderService.trackSterlingOrders (/home/ibrahim/apps/sterling-integration-api/src/services/order-service.ts:638:41)
      at handle (/home/ibrahim/apps/sterling-integration-api/src/tasks/update-order-task.ts:22:28)
      at Task.handleOverLapping (/home/ibrahim/apps/sterling-integration-api/src/tasks/task.ts:87:17),
  level: 'error',
  timestamp: '2026-05-04 11:26:41'
}
{
  name: 'TypeError',
  stack: "TypeError: Cannot read properties of undefined (reading 'access_token')\n" +
    '    at SterlingService.getTokenAsync (/home/ibrahim/apps/sterling-integration-api/src/services/integrations/sterling-service.ts:138:65)\n' +
    '    at processTicksAndRejections (node:internal/process/task_queues:95:5)\n' +
    '    at SterlingService.requestAsync (/home/ibrahim/apps/sterling-integration-api/src/services/integrations/sterling-service.ts:110:21)\n' +
    '    at SterlingService.trackOrderAsync (/home/ibrahim/apps/sterling-integration-api/src/services/integrations/sterling-service.ts:23:49)\n' +
    '    at OrderService.trackSterlingOrders (/home/ibrahim/apps/sterling-integration-api/src/services/order-service.ts:638:41)\n' +
    '    at handle (/home/ibrahim/apps/sterling-integration-api/src/tasks/update-order-task.ts:22:28)\n' +
    '    at Task.handleOverLapping (/home/ibrahim/apps/sterling-integration-api/src/tasks/task.ts:87:17)',
  message: "Cannot read properties of undefined (reading 'access_token')",
  error: TypeError: Cannot read properties of undefined (reading 'access_token')
      at SterlingService.getTokenAsync (/home/ibrahim/apps/sterling-integration-api/src/services/integrations/sterling-service.ts:138:65)
      at processTicksAndRejections (node:internal/process/task_queues:95:5)
      at SterlingService.requestAsync (/home/ibrahim/apps/sterling-integration-api/src/services/integrations/sterling-service.ts:110:21)
      at SterlingService.trackOrderAsync (/home/ibrahim/apps/sterling-integration-api/src/services/integrations/sterling-service.ts:23:49)
      at OrderService.trackSterlingOrders (/home/ibrahim/apps/sterling-integration-api/src/services/order-service.ts:638:41)
      at handle (/home/ibrahim/apps/sterling-integration-api/src/tasks/update-order-task.ts:22:28)
      at Task.handleOverLapping (/home/ibrahim/apps/sterling-integration-api/src/tasks/task.ts:87:17),
  level: 'error',
  timestamp: '2026-05-04 11:26:41'
}
{
  name: 'TypeError',
  stack: "TypeError: Cannot read properties of undefined (reading 'access_token')\n" +
    '    at SterlingService.getTokenAsync (/home/ibrahim/apps/sterling-integration-api/src/services/integrations/sterling-service.ts:138:65)\n' +
    '    at processTicksAndRejections (node:internal/process/task_queues:95:5)\n' +
    '    at SterlingService.requestAsync (/home/ibrahim/apps/sterling-integration-api/src/services/integrations/sterling-service.ts:110:21)\n' +
    '    at SterlingService.trackOrderAsync (/home/ibrahim/apps/sterling-integration-api/src/services/integrations/sterling-service.ts:23:49)\n' +
    '    at OrderService.trackSterlingOrders (/home/ibrahim/apps/sterling-integration-api/src/services/order-service.ts:638:41)\n' +
    '    at handle (/home/ibrahim/apps/sterling-integration-api/src/tasks/update-order-task.ts:22:28)\n' +
    '    at Task.handleOverLapping (/home/ibrahim/apps/sterling-integration-api/src/tasks/task.ts:87:17)',
  message: "Cannot read properties of undefined (reading 'access_token')",
  error: TypeError: Cannot read properties of undefined (reading 'access_token')
      at SterlingService.getTokenAsync (/home/ibrahim/apps/sterling-integration-api/src/services/integrations/sterling-service.ts:138:65)
      at processTicksAndRejections (node:internal/process/task_queues:95:5)
      at SterlingService.requestAsync (/home/ibrahim/apps/sterling-integration-api/src/services/integrations/sterling-service.ts:110:21)
      at SterlingService.trackOrderAsync (/home/ibrahim/apps/sterling-integration-api/src/services/integrations/sterling-service.ts:23:49)
      at OrderService.trackSterlingOrders (/home/ibrahim/apps/sterling-integration-api/src/services/order-service.ts:638:41)
      at handle (/home/ibrahim/apps/sterling-integration-api/src/tasks/update-order-task.ts:22:28)
      at Task.handleOverLapping (/home/ibrahim/apps/sterling-integration-api/src/tasks/task.ts:87:17),
  level: 'error',
  timestamp: '2026-05-04 11:26:41'
}
{
  name: 'TypeError',
  stack: "TypeError: Cannot read properties of undefined (reading 'access_token')\n" +
    '    at SterlingService.getTokenAsync (/home/ibrahim/apps/sterling-integration-api/src/services/integrations/sterling-service.ts:138:65)\n' +
    '    at processTicksAndRejections (node:internal/process/task_queues:95:5)\n' +
    '    at SterlingService.requestAsync (/home/ibrahim/apps/sterling-integration-api/src/services/integrations/sterling-service.ts:110:21)\n' +
    '    at SterlingService.trackOrderAsync (/home/ibrahim/apps/sterling-integration-api/src/services/integrations/sterling-service.ts:23:49)\n' +
    '    at OrderService.trackSterlingOrders (/home/ibrahim/apps/sterling-integration-api/src/services/order-service.ts:638:41)\n' +
    '    at handle (/home/ibrahim/apps/sterling-integration-api/src/tasks/update-order-task.ts:22:28)\n' +
    '    at Task.handleOverLapping (/home/ibrahim/apps/sterling-integration-api/src/tasks/task.ts:87:17)',
  message: "Cannot read properties of undefined (reading 'access_token')",
  error: TypeError: Cannot read properties of undefined (reading 'access_token')
      at SterlingService.getTokenAsync (/home/ibrahim/apps/sterling-integration-api/src/services/integrations/sterling-service.ts:138:65)
      at processTicksAndRejections (node:internal/process/task_queues:95:5)
      at SterlingService.requestAsync (/home/ibrahim/apps/sterling-integration-api/src/services/integrations/sterling-service.ts:110:21)
      at SterlingService.trackOrderAsync (/home/ibrahim/apps/sterling-integration-api/src/services/integrations/sterling-service.ts:23:49)
      at OrderService.trackSterlingOrders (/home/ibrahim/apps/sterling-integration-api/src/services/order-service.ts:638:41)
      at handle (/home/ibrahim/apps/sterling-integration-api/src/tasks/update-order-task.ts:22:28)
      at Task.handleOverLapping (/home/ibrahim/apps/sterling-integration-api/src/tasks/task.ts:87:17),
  level: 'error',
  timestamp: '2026-05-04 11:26:41'
}
{
  name: 'TypeError',
  stack: "TypeError: Cannot read properties of undefined (reading 'access_token')\n" +
    '    at SterlingService.getTokenAsync (/home/ibrahim/apps/sterling-integration-api/src/services/integrations/sterling-service.ts:138:65)\n' +
    '    at processTicksAndRejections (node:internal/process/task_queues:95:5)\n' +
    '    at SterlingService.requestAsync (/home/ibrahim/apps/sterling-integration-api/src/services/integrations/sterling-service.ts:110:21)\n' +
    '    at SterlingService.trackOrderAsync (/home/ibrahim/apps/sterling-integration-api/src/services/integrations/sterling-service.ts:23:49)\n' +
    '    at OrderService.trackSterlingOrders (/home/ibrahim/apps/sterling-integration-api/src/services/order-service.ts:638:41)\n' +
    '    at handle (/home/ibrahim/apps/sterling-integration-api/src/tasks/update-order-task.ts:22:28)\n' +
    '    at Task.handleOverLapping (/home/ibrahim/apps/sterling-integration-api/src/tasks/task.ts:87:17)',
  message: "Cannot read properties of undefined (reading 'access_token')",
  error: TypeError: Cannot read properties of undefined (reading 'access_token')
      at SterlingService.getTokenAsync (/home/ibrahim/apps/sterling-integration-api/src/services/integrations/sterling-service.ts:138:65)
      at processTicksAndRejections (node:internal/process/task_queues:95:5)
      at SterlingService.requestAsync (/home/ibrahim/apps/sterling-integration-api/src/services/integrations/sterling-service.ts:110:21)
      at SterlingService.trackOrderAsync (/home/ibrahim/apps/sterling-integration-api/src/services/integrations/sterling-service.ts:23:49)
      at OrderService.trackSterlingOrders (/home/ibrahim/apps/sterling-integration-api/src/services/order-service.ts:638:41)
      at handle (/home/ibrahim/apps/sterling-integration-api/src/tasks/update-order-task.ts:22:28)
      at Task.handleOverLapping (/home/ibrahim/apps/sterling-integration-api/src/tasks/task.ts:87:17),
  level: 'error',
  timestamp: '2026-05-04 11:26:41'
}
{
  name: 'TypeError',
  stack: "TypeError: Cannot read properties of undefined (reading 'access_token')\n" +
    '    at SterlingService.getTokenAsync (/home/ibrahim/apps/sterling-integration-api/src/services/integrations/sterling-service.ts:138:65)\n' +
    '    at processTicksAndRejections (node:internal/process/task_queues:95:5)\n' +
    '    at SterlingService.requestAsync (/home/ibrahim/apps/sterling-integration-api/src/services/integrations/sterling-service.ts:110:21)\n' +
    '    at SterlingService.trackOrderAsync (/home/ibrahim/apps/sterling-integration-api/src/services/integrations/sterling-service.ts:23:49)\n' +
    '    at OrderService.trackSterlingOrders (/home/ibrahim/apps/sterling-integration-api/src/services/order-service.ts:638:41)\n' +
    '    at handle (/home/ibrahim/apps/sterling-integration-api/src/tasks/update-order-task.ts:22:28)\n' +
    '    at Task.handleOverLapping (/home/ibrahim/apps/sterling-integration-api/src/tasks/task.ts:87:17)',
  message: "Cannot read properties of undefined (reading 'access_token')",
  error: TypeError: Cannot read properties of undefined (reading 'access_token')
      at SterlingService.getTokenAsync (/home/ibrahim/apps/sterling-integration-api/src/services/integrations/sterling-service.ts:138:65)
      at processTicksAndRejections (node:internal/process/task_queues:95:5)
      at SterlingService.requestAsync (/home/ibrahim/apps/sterling-integration-api/src/services/integrations/sterling-service.ts:110:21)
      at SterlingService.trackOrderAsync (/home/ibrahim/apps/sterling-integration-api/src/services/integrations/sterling-service.ts:23:49)
      at OrderService.trackSterlingOrders (/home/ibrahim/apps/sterling-integration-api/src/services/order-service.ts:638:41)
      at handle (/home/ibrahim/apps/sterling-integration-api/src/tasks/update-order-task.ts:22:28)
      at Task.handleOverLapping (/home/ibrahim/apps/sterling-integration-api/src/tasks/task.ts:87:17),
  level: 'error',
  timestamp: '2026-05-04 11:26:41'
}
{
  name: 'TypeError',
  stack: "TypeError: Cannot read properties of undefined (reading 'access_token')\n" +
    '    at SterlingService.getTokenAsync (/home/ibrahim/apps/sterling-integration-api/src/services/integrations/sterling-service.ts:138:65)\n' +
    '    at processTicksAndRejections (node:internal/process/task_queues:95:5)\n' +
    '    at SterlingService.requestAsync (/home/ibrahim/apps/sterling-integration-api/src/services/integrations/sterling-service.ts:110:21)\n' +
    '    at SterlingService.trackOrderAsync (/home/ibrahim/apps/sterling-integration-api/src/services/integrations/sterling-service.ts:23:49)\n' +
    '    at OrderService.trackSterlingOrders (/home/ibrahim/apps/sterling-integration-api/src/services/order-service.ts:638:41)\n' +
    '    at handle (/home/ibrahim/apps/sterling-integration-api/src/tasks/update-order-task.ts:22:28)\n' +
    '    at Task.handleOverLapping (/home/ibrahim/apps/sterling-integration-api/src/tasks/task.ts:87:17)',
  message: "Cannot read properties of undefined (reading 'access_token')",
  error: TypeError: Cannot read properties of undefined (reading 'access_token')
      at SterlingService.getTokenAsync (/home/ibrahim/apps/sterling-integration-api/src/services/integrations/sterling-service.ts:138:65)
      at processTicksAndRejections (node:internal/process/task_queues:95:5)
      at SterlingService.requestAsync (/home/ibrahim/apps/sterling-integration-api/src/services/integrations/sterling-service.ts:110:21)
      at SterlingService.trackOrderAsync (/home/ibrahim/apps/sterling-integration-api/src/services/integrations/sterling-service.ts:23:49)
      at OrderService.trackSterlingOrders (/home/ibrahim/apps/sterling-integration-api/src/services/order-service.ts:638:41)
      at handle (/home/ibrahim/apps/sterling-integration-api/src/tasks/update-order-task.ts:22:28)
      at Task.handleOverLapping (/home/ibrahim/apps/sterling-integration-api/src/tasks/task.ts:87:17),
  level: 'error',
  timestamp: '2026-05-04 11:26:41'
}
{
  name: 'TypeError',
  stack: "TypeError: Cannot read properties of undefined (reading 'access_token')\n" +
    '    at SterlingService.getTokenAsync (/home/ibrahim/apps/sterling-integration-api/src/services/integrations/sterling-service.ts:138:65)\n' +
    '    at processTicksAndRejections (node:internal/process/task_queues:95:5)\n' +
    '    at SterlingService.requestAsync (/home/ibrahim/apps/sterling-integration-api/src/services/integrations/sterling-service.ts:110:21)\n' +
    '    at SterlingService.trackOrderAsync (/home/ibrahim/apps/sterling-integration-api/src/services/integrations/sterling-service.ts:23:49)\n' +
    '    at OrderService.trackSterlingOrders (/home/ibrahim/apps/sterling-integration-api/src/services/order-service.ts:638:41)\n' +
    '    at handle (/home/ibrahim/apps/sterling-integration-api/src/tasks/update-order-task.ts:22:28)\n' +
    '    at Task.handleOverLapping (/home/ibrahim/apps/sterling-integration-api/src/tasks/task.ts:87:17)',
  message: "Cannot read properties of undefined (reading 'access_token')",
  error: TypeError: Cannot read properties of undefined (reading 'access_token')
      at SterlingService.getTokenAsync (/home/ibrahim/apps/sterling-integration-api/src/services/integrations/sterling-service.ts:138:65)
      at processTicksAndRejections (node:internal/process/task_queues:95:5)
      at SterlingService.requestAsync (/home/ibrahim/apps/sterling-integration-api/src/services/integrations/sterling-service.ts:110:21)
      at SterlingService.trackOrderAsync (/home/ibrahim/apps/sterling-integration-api/src/services/integrations/sterling-service.ts:23:49)
      at OrderService.trackSterlingOrders (/home/ibrahim/apps/sterling-integration-api/src/services/order-service.ts:638:41)
      at handle (/home/ibrahim/apps/sterling-integration-api/src/tasks/update-order-task.ts:22:28)
      at Task.handleOverLapping (/home/ibrahim/apps/sterling-integration-api/src/tasks/task.ts:87:17),
  level: 'error',
  timestamp: '2026-05-04 11:26:42'
}
{
  name: 'TypeError',
  stack: "TypeError: Cannot read properties of undefined (reading 'access_token')\n" +
    '    at SterlingService.getTokenAsync (/home/ibrahim/apps/sterling-integration-api/src/services/integrations/sterling-service.ts:138:65)\n' +
    '    at processTicksAndRejections (node:internal/process/task_queues:95:5)\n' +
    '    at SterlingService.requestAsync (/home/ibrahim/apps/sterling-integration-api/src/services/integrations/sterling-service.ts:110:21)\n' +
    '    at SterlingService.trackOrderAsync (/home/ibrahim/apps/sterling-integration-api/src/services/integrations/sterling-service.ts:23:49)\n' +
    '    at OrderService.trackSterlingOrders (/home/ibrahim/apps/sterling-integration-api/src/services/order-service.ts:638:41)\n' +
    '    at handle (/home/ibrahim/apps/sterling-integration-api/src/tasks/update-order-task.ts:22:28)\n' +
    '    at Task.handleOverLapping (/home/ibrahim/apps/sterling-integration-api/src/tasks/task.ts:87:17)',
  message: "Cannot read properties of undefined (reading 'access_token')",
  error: TypeError: Cannot read properties of undefined (reading 'access_token')
      at SterlingService.getTokenAsync (/home/ibrahim/apps/sterling-integration-api/src/services/integrations/sterling-service.ts:138:65)
      at processTicksAndRejections (node:internal/process/task_queues:95:5)
      at SterlingService.requestAsync (/home/ibrahim/apps/sterling-integration-api/src/services/integrations/sterling-service.ts:110:21)
      at SterlingService.trackOrderAsync (/home/ibrahim/apps/sterling-integration-api/src/services/integrations/sterling-service.ts:23:49)
      at OrderService.trackSterlingOrders (/home/ibrahim/apps/sterling-integration-api/src/services/order-service.ts:638:41)
      at handle (/home/ibrahim/apps/sterling-integration-api/src/tasks/update-order-task.ts:22:28)
      at Task.handleOverLapping (/home/ibrahim/apps/sterling-integration-api/src/tasks/task.ts:87:17),
  level: 'error',
  timestamp: '2026-05-04 11:26:42'
}
{
  name: 'TypeError',
  stack: "TypeError: Cannot read properties of undefined (reading 'access_token')\n" +
    '    at SterlingService.getTokenAsync (/home/ibrahim/apps/sterling-integration-api/src/services/integrations/sterling-service.ts:138:65)\n' +
    '    at processTicksAndRejections (node:internal/process/task_queues:95:5)\n' +
    '    at SterlingService.requestAsync (/home/ibrahim/apps/sterling-integration-api/src/services/integrations/sterling-service.ts:110:21)\n' +
    '    at SterlingService.trackOrderAsync (/home/ibrahim/apps/sterling-integration-api/src/services/integrations/sterling-service.ts:23:49)\n' +
    '    at OrderService.trackSterlingOrders (/home/ibrahim/apps/sterling-integration-api/src/services/order-service.ts:638:41)\n' +
    '    at handle (/home/ibrahim/apps/sterling-integration-api/src/tasks/update-order-task.ts:22:28)\n' +
    '    at Task.handleOverLapping (/home/ibrahim/apps/sterling-integration-api/src/tasks/task.ts:87:17)',
  message: "Cannot read properties of undefined (reading 'access_token')",
  error: TypeError: Cannot read properties of undefined (reading 'access_token')
      at SterlingService.getTokenAsync (/home/ibrahim/apps/sterling-integration-api/src/services/integrations/sterling-service.ts:138:65)
      at processTicksAndRejections (node:internal/process/task_queues:95:5)
      at SterlingService.requestAsync (/home/ibrahim/apps/sterling-integration-api/src/services/integrations/sterling-service.ts:110:21)
      at SterlingService.trackOrderAsync (/home/ibrahim/apps/sterling-integration-api/src/services/integrations/sterling-service.ts:23:49)
      at OrderService.trackSterlingOrders (/home/ibrahim/apps/sterling-integration-api/src/services/order-service.ts:638:41)
      at handle (/home/ibrahim/apps/sterling-integration-api/src/tasks/update-order-task.ts:22:28)
      at Task.handleOverLapping (/home/ibrahim/apps/sterling-integration-api/src/tasks/task.ts:87:17),
  level: 'error',
  timestamp: '2026-05-04 11:26:42'
}
{
  name: 'TypeError',
  stack: "TypeError: Cannot read properties of undefined (reading 'access_token')\n" +
    '    at SterlingService.getTokenAsync (/home/ibrahim/apps/sterling-integration-api/src/services/integrations/sterling-service.ts:138:65)\n' +
    '    at processTicksAndRejections (node:internal/process/task_queues:95:5)\n' +
    '    at SterlingService.requestAsync (/home/ibrahim/apps/sterling-integration-api/src/services/integrations/sterling-service.ts:110:21)\n' +
    '    at SterlingService.trackOrderAsync (/home/ibrahim/apps/sterling-integration-api/src/services/integrations/sterling-service.ts:23:49)\n' +
    '    at OrderService.trackSterlingOrders (/home/ibrahim/apps/sterling-integration-api/src/services/order-service.ts:638:41)\n' +
    '    at handle (/home/ibrahim/apps/sterling-integration-api/src/tasks/update-order-task.ts:22:28)\n' +
    '    at Task.handleOverLapping (/home/ibrahim/apps/sterling-integration-api/src/tasks/task.ts:87:17)',
  message: "Cannot read properties of undefined (reading 'access_token')",
  error: TypeError: Cannot read properties of undefined (reading 'access_token')
      at SterlingService.getTokenAsync (/home/ibrahim/apps/sterling-integration-api/src/services/integrations/sterling-service.ts:138:65)
      at processTicksAndRejections (node:internal/process/task_queues:95:5)
      at SterlingService.requestAsync (/home/ibrahim/apps/sterling-integration-api/src/services/integrations/sterling-service.ts:110:21)
      at SterlingService.trackOrderAsync (/home/ibrahim/apps/sterling-integration-api/src/services/integrations/sterling-service.ts:23:49)
      at OrderService.trackSterlingOrders (/home/ibrahim/apps/sterling-integration-api/src/services/order-service.ts:638:41)
      at handle (/home/ibrahim/apps/sterling-integration-api/src/tasks/update-order-task.ts:22:28)
      at Task.handleOverLapping (/home/ibrahim/apps/sterling-integration-api/src/tasks/task.ts:87:17),
  level: 'error',
  timestamp: '2026-05-04 11:26:42'
}
{
  name: 'TypeError',
  stack: "TypeError: Cannot read properties of undefined (reading 'access_token')\n" +
    '    at SterlingService.getTokenAsync (/home/ibrahim/apps/sterling-integration-api/src/services/integrations/sterling-service.ts:138:65)\n' +
    '    at processTicksAndRejections (node:internal/process/task_queues:95:5)\n' +
    '    at SterlingService.requestAsync (/home/ibrahim/apps/sterling-integration-api/src/services/integrations/sterling-service.ts:110:21)\n' +
    '    at SterlingService.trackOrderAsync (/home/ibrahim/apps/sterling-integration-api/src/services/integrations/sterling-service.ts:23:49)\n' +
    '    at OrderService.trackSterlingOrders (/home/ibrahim/apps/sterling-integration-api/src/services/order-service.ts:638:41)\n' +
    '    at handle (/home/ibrahim/apps/sterling-integration-api/src/tasks/update-order-task.ts:22:28)\n' +
    '    at Task.handleOverLapping (/home/ibrahim/apps/sterling-integration-api/src/tasks/task.ts:87:17)',
  message: "Cannot read properties of undefined (reading 'access_token')",
  error: TypeError: Cannot read properties of undefined (reading 'access_token')
      at SterlingService.getTokenAsync (/home/ibrahim/apps/sterling-integration-api/src/services/integrations/sterling-service.ts:138:65)
      at processTicksAndRejections (node:internal/process/task_queues:95:5)
      at SterlingService.requestAsync (/home/ibrahim/apps/sterling-integration-api/src/services/integrations/sterling-service.ts:110:21)
      at SterlingService.trackOrderAsync (/home/ibrahim/apps/sterling-integration-api/src/services/integrations/sterling-service.ts:23:49)
      at OrderService.trackSterlingOrders (/home/ibrahim/apps/sterling-integration-api/src/services/order-service.ts:638:41)
      at handle (/home/ibrahim/apps/sterling-integration-api/src/tasks/update-order-task.ts:22:28)
      at Task.handleOverLapping (/home/ibrahim/apps/sterling-integration-api/src/tasks/task.ts:87:17),
  level: 'error',
  timestamp: '2026-05-04 11:26:42'
}
{
  name: 'TypeError',
  stack: "TypeError: Cannot read properties of undefined (reading 'access_token')\n" +
    '    at SterlingService.getTokenAsync (/home/ibrahim/apps/sterling-integration-api/src/services/integrations/sterling-service.ts:138:65)\n' +
    '    at processTicksAndRejections (node:internal/process/task_queues:95:5)\n' +
    '    at SterlingService.requestAsync (/home/ibrahim/apps/sterling-integration-api/src/services/integrations/sterling-service.ts:110:21)\n' +
    '    at SterlingService.trackOrderAsync (/home/ibrahim/apps/sterling-integration-api/src/services/integrations/sterling-service.ts:23:49)\n' +
    '    at OrderService.trackSterlingOrders (/home/ibrahim/apps/sterling-integration-api/src/services/order-service.ts:638:41)\n' +
    '    at handle (/home/ibrahim/apps/sterling-integration-api/src/tasks/update-order-task.ts:22:28)\n' +
    '    at Task.handleOverLapping (/home/ibrahim/apps/sterling-integration-api/src/tasks/task.ts:87:17)',
  message: "Cannot read properties of undefined (reading 'access_token')",
  error: TypeError: Cannot read properties of undefined (reading 'access_token')
      at SterlingService.getTokenAsync (/home/ibrahim/apps/sterling-integration-api/src/services/integrations/sterling-service.ts:138:65)
      at processTicksAndRejections (node:internal/process/task_queues:95:5)
      at SterlingService.requestAsync (/home/ibrahim/apps/sterling-integration-api/src/services/integrations/sterling-service.ts:110:21)
      at SterlingService.trackOrderAsync (/home/ibrahim/apps/sterling-integration-api/src/services/integrations/sterling-service.ts:23:49)
      at OrderService.trackSterlingOrders (/home/ibrahim/apps/sterling-integration-api/src/services/order-service.ts:638:41)
      at handle (/home/ibrahim/apps/sterling-integration-api/src/tasks/update-order-task.ts:22:28)
      at Task.handleOverLapping (/home/ibrahim/apps/sterling-integration-api/src/tasks/task.ts:87:17),
  level: 'error',
  timestamp: '2026-05-04 11:26:42'
}
{
  name: 'TypeError',
  stack: "TypeError: Cannot read properties of undefined (reading 'access_token')\n" +
    '    at SterlingService.getTokenAsync (/home/ibrahim/apps/sterling-integration-api/src/services/integrations/sterling-service.ts:138:65)\n' +
    '    at processTicksAndRejections (node:internal/process/task_queues:95:5)\n' +
    '    at SterlingService.requestAsync (/home/ibrahim/apps/sterling-integration-api/src/services/integrations/sterling-service.ts:110:21)\n' +
    '    at SterlingService.trackOrderAsync (/home/ibrahim/apps/sterling-integration-api/src/services/integrations/sterling-service.ts:23:49)\n' +
    '    at OrderService.trackSterlingOrders (/home/ibrahim/apps/sterling-integration-api/src/services/order-service.ts:638:41)\n' +
    '    at handle (/home/ibrahim/apps/sterling-integration-api/src/tasks/update-order-task.ts:22:28)\n' +
    '    at Task.handleOverLapping (/home/ibrahim/apps/sterling-integration-api/src/tasks/task.ts:87:17)',
  message: "Cannot read properties of undefined (reading 'access_token')",
  error: TypeError: Cannot read properties of undefined (reading 'access_token')
      at SterlingService.getTokenAsync (/home/ibrahim/apps/sterling-integration-api/src/services/integrations/sterling-service.ts:138:65)
      at processTicksAndRejections (node:internal/process/task_queues:95:5)
      at SterlingService.requestAsync (/home/ibrahim/apps/sterling-integration-api/src/services/integrations/sterling-service.ts:110:21)
      at SterlingService.trackOrderAsync (/home/ibrahim/apps/sterling-integration-api/src/services/integrations/sterling-service.ts:23:49)
      at OrderService.trackSterlingOrders (/home/ibrahim/apps/sterling-integration-api/src/services/order-service.ts:638:41)
      at handle (/home/ibrahim/apps/sterling-integration-api/src/tasks/update-order-task.ts:22:28)
      at Task.handleOverLapping (/home/ibrahim/apps/sterling-integration-api/src/tasks/task.ts:87:17),
  level: 'error',
  timestamp: '2026-05-04 11:26:42'
}
{
  name: 'TypeError',
  stack: "TypeError: Cannot read properties of undefined (reading 'access_token')\n" +
    '    at SterlingService.getTokenAsync (/home/ibrahim/apps/sterling-integration-api/src/services/integrations/sterling-service.ts:138:65)\n' +
    '    at processTicksAndRejections (node:internal/process/task_queues:95:5)\n' +
    '    at SterlingService.requestAsync (/home/ibrahim/apps/sterling-integration-api/src/services/integrations/sterling-service.ts:110:21)\n' +
    '    at SterlingService.trackOrderAsync (/home/ibrahim/apps/sterling-integration-api/src/services/integrations/sterling-service.ts:23:49)\n' +
    '    at OrderService.trackSterlingOrders (/home/ibrahim/apps/sterling-integration-api/src/services/order-service.ts:638:41)\n' +
    '    at handle (/home/ibrahim/apps/sterling-integration-api/src/tasks/update-order-task.ts:22:28)\n' +
    '    at Task.handleOverLapping (/home/ibrahim/apps/sterling-integration-api/src/tasks/task.ts:87:17)',
  message: "Cannot read properties of undefined (reading 'access_token')",
  error: TypeError: Cannot read properties of undefined (reading 'access_token')
      at SterlingService.getTokenAsync (/home/ibrahim/apps/sterling-integration-api/src/services/integrations/sterling-service.ts:138:65)
      at processTicksAndRejections (node:internal/process/task_queues:95:5)
      at SterlingService.requestAsync (/home/ibrahim/apps/sterling-integration-api/src/services/integrations/sterling-service.ts:110:21)
      at SterlingService.trackOrderAsync (/home/ibrahim/apps/sterling-integration-api/src/services/integrations/sterling-service.ts:23:49)
      at OrderService.trackSterlingOrders (/home/ibrahim/apps/sterling-integration-api/src/services/order-service.ts:638:41)
      at handle (/home/ibrahim/apps/sterling-integration-api/src/tasks/update-order-task.ts:22:28)
      at Task.handleOverLapping (/home/ibrahim/apps/sterling-integration-api/src/tasks/task.ts:87:17),
  level: 'error',
  timestamp: '2026-05-04 11:26:42'
}
{
  name: 'TypeError',
  stack: "TypeError: Cannot read properties of undefined (reading 'access_token')\n" +
    '    at SterlingService.getTokenAsync (/home/ibrahim/apps/sterling-integration-api/src/services/integrations/sterling-service.ts:138:65)\n' +
    '    at processTicksAndRejections (node:internal/process/task_queues:95:5)\n' +
    '    at SterlingService.requestAsync (/home/ibrahim/apps/sterling-integration-api/src/services/integrations/sterling-service.ts:110:21)\n' +
    '    at SterlingService.trackOrderAsync (/home/ibrahim/apps/sterling-integration-api/src/services/integrations/sterling-service.ts:23:49)\n' +
    '    at OrderService.trackSterlingOrders (/home/ibrahim/apps/sterling-integration-api/src/services/order-service.ts:638:41)\n' +
    '    at handle (/home/ibrahim/apps/sterling-integration-api/src/tasks/update-order-task.ts:22:28)\n' +
    '    at Task.handleOverLapping (/home/ibrahim/apps/sterling-integration-api/src/tasks/task.ts:87:17)',
  message: "Cannot read properties of undefined (reading 'access_token')",
  error: TypeError: Cannot read properties of undefined (reading 'access_token')
      at SterlingService.getTokenAsync (/home/ibrahim/apps/sterling-integration-api/src/services/integrations/sterling-service.ts:138:65)
      at processTicksAndRejections (node:internal/process/task_queues:95:5)
      at SterlingService.requestAsync (/home/ibrahim/apps/sterling-integration-api/src/services/integrations/sterling-service.ts:110:21)
      at SterlingService.trackOrderAsync (/home/ibrahim/apps/sterling-integration-api/src/services/integrations/sterling-service.ts:23:49)
      at OrderService.trackSterlingOrders (/home/ibrahim/apps/sterling-integration-api/src/services/order-service.ts:638:41)
      at handle (/home/ibrahim/apps/sterling-integration-api/src/tasks/update-order-task.ts:22:28)
      at Task.handleOverLapping (/home/ibrahim/apps/sterling-integration-api/src/tasks/task.ts:87:17),
  level: 'error',
  timestamp: '2026-05-04 11:26:42'
}
{
  name: 'TypeError',
  stack: "TypeError: Cannot read properties of undefined (reading 'access_token')\n" +
    '    at SterlingService.getTokenAsync (/home/ibrahim/apps/sterling-integration-api/src/services/integrations/sterling-service.ts:138:65)\n' +
    '    at processTicksAndRejections (node:internal/process/task_queues:95:5)\n' +
    '    at SterlingService.requestAsync (/home/ibrahim/apps/sterling-integration-api/src/services/integrations/sterling-service.ts:110:21)\n' +
    '    at SterlingService.trackOrderAsync (/home/ibrahim/apps/sterling-integration-api/src/services/integrations/sterling-service.ts:23:49)\n' +
    '    at OrderService.trackSterlingOrders (/home/ibrahim/apps/sterling-integration-api/src/services/order-service.ts:638:41)\n' +
    '    at handle (/home/ibrahim/apps/sterling-integration-api/src/tasks/update-order-task.ts:22:28)\n' +
    '    at Task.handleOverLapping (/home/ibrahim/apps/sterling-integration-api/src/tasks/task.ts:87:17)',
  message: "Cannot read properties of undefined (reading 'access_token')",
  error: TypeError: Cannot read properties of undefined (reading 'access_token')
      at SterlingService.getTokenAsync (/home/ibrahim/apps/sterling-integration-api/src/services/integrations/sterling-service.ts:138:65)
      at processTicksAndRejections (node:internal/process/task_queues:95:5)
      at SterlingService.requestAsync (/home/ibrahim/apps/sterling-integration-api/src/services/integrations/sterling-service.ts:110:21)
      at SterlingService.trackOrderAsync (/home/ibrahim/apps/sterling-integration-api/src/services/integrations/sterling-service.ts:23:49)
      at OrderService.trackSterlingOrders (/home/ibrahim/apps/sterling-integration-api/src/services/order-service.ts:638:41)
      at handle (/home/ibrahim/apps/sterling-integration-api/src/tasks/update-order-task.ts:22:28)
      at Task.handleOverLapping (/home/ibrahim/apps/sterling-integration-api/src/tasks/task.ts:87:17),
  level: 'error',
  timestamp: '2026-05-04 11:26:43'
}
{
  name: 'TypeError',
  stack: "TypeError: Cannot read properties of undefined (reading 'access_token')\n" +
    '    at SterlingService.getTokenAsync (/home/ibrahim/apps/sterling-integration-api/src/services/integrations/sterling-service.ts:138:65)\n' +
    '    at processTicksAndRejections (node:internal/process/task_queues:95:5)\n' +
    '    at SterlingService.requestAsync (/home/ibrahim/apps/sterling-integration-api/src/services/integrations/sterling-service.ts:110:21)\n' +
    '    at SterlingService.trackOrderAsync (/home/ibrahim/apps/sterling-integration-api/src/services/integrations/sterling-service.ts:23:49)\n' +
    '    at OrderService.trackSterlingOrders (/home/ibrahim/apps/sterling-integration-api/src/services/order-service.ts:638:41)\n' +
    '    at handle (/home/ibrahim/apps/sterling-integration-api/src/tasks/update-order-task.ts:22:28)\n' +
    '    at Task.handleOverLapping (/home/ibrahim/apps/sterling-integration-api/src/tasks/task.ts:87:17)',
  message: "Cannot read properties of undefined (reading 'access_token')",
  error: TypeError: Cannot read properties of undefined (reading 'access_token')
      at SterlingService.getTokenAsync (/home/ibrahim/apps/sterling-integration-api/src/services/integrations/sterling-service.ts:138:65)
      at processTicksAndRejections (node:internal/process/task_queues:95:5)
      at SterlingService.requestAsync (/home/ibrahim/apps/sterling-integration-api/src/services/integrations/sterling-service.ts:110:21)
      at SterlingService.trackOrderAsync (/home/ibrahim/apps/sterling-integration-api/src/services/integrations/sterling-service.ts:23:49)
      at OrderService.trackSterlingOrders (/home/ibrahim/apps/sterling-integration-api/src/services/order-service.ts:638:41)
      at handle (/home/ibrahim/apps/sterling-integration-api/src/tasks/update-order-task.ts:22:28)
      at Task.handleOverLapping (/home/ibrahim/apps/sterling-integration-api/src/tasks/task.ts:87:17),
  level: 'error',
  timestamp: '2026-05-04 11:26:43'
}
{
  name: 'TypeError',
  stack: "TypeError: Cannot read properties of undefined (reading 'access_token')\n" +
    '    at SterlingService.getTokenAsync (/home/ibrahim/apps/sterling-integration-api/src/services/integrations/sterling-service.ts:138:65)\n' +
    '    at processTicksAndRejections (node:internal/process/task_queues:95:5)\n' +
    '    at SterlingService.requestAsync (/home/ibrahim/apps/sterling-integration-api/src/services/integrations/sterling-service.ts:110:21)\n' +
    '    at SterlingService.trackOrderAsync (/home/ibrahim/apps/sterling-integration-api/src/services/integrations/sterling-service.ts:23:49)\n' +
    '    at OrderService.trackSterlingOrders (/home/ibrahim/apps/sterling-integration-api/src/services/order-service.ts:638:41)\n' +
    '    at handle (/home/ibrahim/apps/sterling-integration-api/src/tasks/update-order-task.ts:22:28)\n' +
    '    at Task.handleOverLapping (/home/ibrahim/apps/sterling-integration-api/src/tasks/task.ts:87:17)',
  message: "Cannot read properties of undefined (reading 'access_token')",
  error: TypeError: Cannot read properties of undefined (reading 'access_token')
      at SterlingService.getTokenAsync (/home/ibrahim/apps/sterling-integration-api/src/services/integrations/sterling-service.ts:138:65)
      at processTicksAndRejections (node:internal/process/task_queues:95:5)
      at SterlingService.requestAsync (/home/ibrahim/apps/sterling-integration-api/src/services/integrations/sterling-service.ts:110:21)
      at SterlingService.trackOrderAsync (/home/ibrahim/apps/sterling-integration-api/src/services/integrations/sterling-service.ts:23:49)
      at OrderService.trackSterlingOrders (/home/ibrahim/apps/sterling-integration-api/src/services/order-service.ts:638:41)
      at handle (/home/ibrahim/apps/sterling-integration-api/src/tasks/update-order-task.ts:22:28)
      at Task.handleOverLapping (/home/ibrahim/apps/sterling-integration-api/src/tasks/task.ts:87:17),
  level: 'error',
  timestamp: '2026-05-04 11:26:43'
}
{
  name: 'TypeError',
  stack: "TypeError: Cannot read properties of undefined (reading 'access_token')\n" +
    '    at SterlingService.getTokenAsync (/home/ibrahim/apps/sterling-integration-api/src/services/integrations/sterling-service.ts:138:65)\n' +
    '    at processTicksAndRejections (node:internal/process/task_queues:95:5)\n' +
    '    at SterlingService.requestAsync (/home/ibrahim/apps/sterling-integration-api/src/services/integrations/sterling-service.ts:110:21)\n' +
    '    at SterlingService.trackOrderAsync (/home/ibrahim/apps/sterling-integration-api/src/services/integrations/sterling-service.ts:23:49)\n' +
    '    at OrderService.trackSterlingOrders (/home/ibrahim/apps/sterling-integration-api/src/services/order-service.ts:638:41)\n' +
    '    at handle (/home/ibrahim/apps/sterling-integration-api/src/tasks/update-order-task.ts:22:28)\n' +
    '    at Task.handleOverLapping (/home/ibrahim/apps/sterling-integration-api/src/tasks/task.ts:87:17)',
  message: "Cannot read properties of undefined (reading 'access_token')",
  error: TypeError: Cannot read properties of undefined (reading 'access_token')
      at SterlingService.getTokenAsync (/home/ibrahim/apps/sterling-integration-api/src/services/integrations/sterling-service.ts:138:65)
      at processTicksAndRejections (node:internal/process/task_queues:95:5)
      at SterlingService.requestAsync (/home/ibrahim/apps/sterling-integration-api/src/services/integrations/sterling-service.ts:110:21)
      at SterlingService.trackOrderAsync (/home/ibrahim/apps/sterling-integration-api/src/services/integrations/sterling-service.ts:23:49)
      at OrderService.trackSterlingOrders (/home/ibrahim/apps/sterling-integration-api/src/services/order-service.ts:638:41)
      at handle (/home/ibrahim/apps/sterling-integration-api/src/tasks/update-order-task.ts:22:28)
      at Task.handleOverLapping (/home/ibrahim/apps/sterling-integration-api/src/tasks/task.ts:87:17),
  level: 'error',
  timestamp: '2026-05-04 11:26:43'
}
{
  name: 'TypeError',
  stack: "TypeError: Cannot read properties of undefined (reading 'access_token')\n" +
    '    at SterlingService.getTokenAsync (/home/ibrahim/apps/sterling-integration-api/src/services/integrations/sterling-service.ts:138:65)\n' +
    '    at processTicksAndRejections (node:internal/process/task_queues:95:5)\n' +
    '    at SterlingService.requestAsync (/home/ibrahim/apps/sterling-integration-api/src/services/integrations/sterling-service.ts:110:21)\n' +
    '    at SterlingService.trackOrderAsync (/home/ibrahim/apps/sterling-integration-api/src/services/integrations/sterling-service.ts:23:49)\n' +
    '    at OrderService.trackSterlingOrders (/home/ibrahim/apps/sterling-integration-api/src/services/order-service.ts:638:41)\n' +
    '    at handle (/home/ibrahim/apps/sterling-integration-api/src/tasks/update-order-task.ts:22:28)\n' +
    '    at Task.handleOverLapping (/home/ibrahim/apps/sterling-integration-api/src/tasks/task.ts:87:17)',
  message: "Cannot read properties of undefined (reading 'access_token')",
  error: TypeError: Cannot read properties of undefined (reading 'access_token')
      at SterlingService.getTokenAsync (/home/ibrahim/apps/sterling-integration-api/src/services/integrations/sterling-service.ts:138:65)
      at processTicksAndRejections (node:internal/process/task_queues:95:5)
      at SterlingService.requestAsync (/home/ibrahim/apps/sterling-integration-api/src/services/integrations/sterling-service.ts:110:21)
      at SterlingService.trackOrderAsync (/home/ibrahim/apps/sterling-integration-api/src/services/integrations/sterling-service.ts:23:49)
      at OrderService.trackSterlingOrders (/home/ibrahim/apps/sterling-integration-api/src/services/order-service.ts:638:41)
      at handle (/home/ibrahim/apps/sterling-integration-api/src/tasks/update-order-task.ts:22:28)
      at Task.handleOverLapping (/home/ibrahim/apps/sterling-integration-api/src/tasks/task.ts:87:17),
  level: 'error',
  timestamp: '2026-05-04 11:26:43'
}
{
  name: 'TypeError',
  stack: "TypeError: Cannot read properties of undefined (reading 'access_token')\n" +
    '    at SterlingService.getTokenAsync (/home/ibrahim/apps/sterling-integration-api/src/services/integrations/sterling-service.ts:138:65)\n' +
    '    at processTicksAndRejections (node:internal/process/task_queues:95:5)\n' +
    '    at SterlingService.requestAsync (/home/ibrahim/apps/sterling-integration-api/src/services/integrations/sterling-service.ts:110:21)\n' +
    '    at SterlingService.trackOrderAsync (/home/ibrahim/apps/sterling-integration-api/src/services/integrations/sterling-service.ts:23:49)\n' +
    '    at OrderService.trackSterlingOrders (/home/ibrahim/apps/sterling-integration-api/src/services/order-service.ts:638:41)\n' +
    '    at handle (/home/ibrahim/apps/sterling-integration-api/src/tasks/update-order-task.ts:22:28)\n' +
    '    at Task.handleOverLapping (/home/ibrahim/apps/sterling-integration-api/src/tasks/task.ts:87:17)',
  message: "Cannot read properties of undefined (reading 'access_token')",
  error: TypeError: Cannot read properties of undefined (reading 'access_token')
      at SterlingService.getTokenAsync (/home/ibrahim/apps/sterling-integration-api/src/services/integrations/sterling-service.ts:138:65)
      at processTicksAndRejections (node:internal/process/task_queues:95:5)
      at SterlingService.requestAsync (/home/ibrahim/apps/sterling-integration-api/src/services/integrations/sterling-service.ts:110:21)
      at SterlingService.trackOrderAsync (/home/ibrahim/apps/sterling-integration-api/src/services/integrations/sterling-service.ts:23:49)
      at OrderService.trackSterlingOrders (/home/ibrahim/apps/sterling-integration-api/src/services/order-service.ts:638:41)
      at handle (/home/ibrahim/apps/sterling-integration-api/src/tasks/update-order-task.ts:22:28)
      at Task.handleOverLapping (/home/ibrahim/apps/sterling-integration-api/src/tasks/task.ts:87:17),
  level: 'error',
  timestamp: '2026-05-04 11:26:43'
}
{
  name: 'TypeError',
  stack: "TypeError: Cannot read properties of undefined (reading 'access_token')\n" +
    '    at SterlingService.getTokenAsync (/home/ibrahim/apps/sterling-integration-api/src/services/integrations/sterling-service.ts:138:65)\n' +
    '    at processTicksAndRejections (node:internal/process/task_queues:95:5)\n' +
    '    at SterlingService.requestAsync (/home/ibrahim/apps/sterling-integration-api/src/services/integrations/sterling-service.ts:110:21)\n' +
    '    at SterlingService.trackOrderAsync (/home/ibrahim/apps/sterling-integration-api/src/services/integrations/sterling-service.ts:23:49)\n' +
    '    at OrderService.trackSterlingOrders (/home/ibrahim/apps/sterling-integration-api/src/services/order-service.ts:638:41)\n' +
    '    at handle (/home/ibrahim/apps/sterling-integration-api/src/tasks/update-order-task.ts:22:28)\n' +
    '    at Task.handleOverLapping (/home/ibrahim/apps/sterling-integration-api/src/tasks/task.ts:87:17)',
  message: "Cannot read properties of undefined (reading 'access_token')",
  error: TypeError: Cannot read properties of undefined (reading 'access_token')
      at SterlingService.getTokenAsync (/home/ibrahim/apps/sterling-integration-api/src/services/integrations/sterling-service.ts:138:65)
      at processTicksAndRejections (node:internal/process/task_queues:95:5)
      at SterlingService.requestAsync (/home/ibrahim/apps/sterling-integration-api/src/services/integrations/sterling-service.ts:110:21)
      at SterlingService.trackOrderAsync (/home/ibrahim/apps/sterling-integration-api/src/services/integrations/sterling-service.ts:23:49)
      at OrderService.trackSterlingOrders (/home/ibrahim/apps/sterling-integration-api/src/services/order-service.ts:638:41)
      at handle (/home/ibrahim/apps/sterling-integration-api/src/tasks/update-order-task.ts:22:28)
      at Task.handleOverLapping (/home/ibrahim/apps/sterling-integration-api/src/tasks/task.ts:87:17),
  level: 'error',
  timestamp: '2026-05-04 11:26:43'
}
{
  name: 'TypeError',
  stack: "TypeError: Cannot read properties of undefined (reading 'access_token')\n" +
    '    at SterlingService.getTokenAsync (/home/ibrahim/apps/sterling-integration-api/src/services/integrations/sterling-service.ts:138:65)\n' +
    '    at processTicksAndRejections (node:internal/process/task_queues:95:5)\n' +
    '    at SterlingService.requestAsync (/home/ibrahim/apps/sterling-integration-api/src/services/integrations/sterling-service.ts:110:21)\n' +
    '    at SterlingService.trackOrderAsync (/home/ibrahim/apps/sterling-integration-api/src/services/integrations/sterling-service.ts:23:49)\n' +
    '    at OrderService.trackSterlingOrders (/home/ibrahim/apps/sterling-integration-api/src/services/order-service.ts:638:41)\n' +
    '    at handle (/home/ibrahim/apps/sterling-integration-api/src/tasks/update-order-task.ts:22:28)\n' +
    '    at Task.handleOverLapping (/home/ibrahim/apps/sterling-integration-api/src/tasks/task.ts:87:17)',
  message: "Cannot read properties of undefined (reading 'access_token')",
  error: TypeError: Cannot read properties of undefined (reading 'access_token')
      at SterlingService.getTokenAsync (/home/ibrahim/apps/sterling-integration-api/src/services/integrations/sterling-service.ts:138:65)
      at processTicksAndRejections (node:internal/process/task_queues:95:5)
      at SterlingService.requestAsync (/home/ibrahim/apps/sterling-integration-api/src/services/integrations/sterling-service.ts:110:21)
      at SterlingService.trackOrderAsync (/home/ibrahim/apps/sterling-integration-api/src/services/integrations/sterling-service.ts:23:49)
      at OrderService.trackSterlingOrders (/home/ibrahim/apps/sterling-integration-api/src/services/order-service.ts:638:41)
      at handle (/home/ibrahim/apps/sterling-integration-api/src/tasks/update-order-task.ts:22:28)
      at Task.handleOverLapping (/home/ibrahim/apps/sterling-integration-api/src/tasks/task.ts:87:17),
  level: 'error',
  timestamp: '2026-05-04 11:26:43'
}
{
  name: 'TypeError',
  stack: "TypeError: Cannot read properties of undefined (reading 'access_token')\n" +
    '    at SterlingService.getTokenAsync (/home/ibrahim/apps/sterling-integration-api/src/services/integrations/sterling-service.ts:138:65)\n' +
    '    at processTicksAndRejections (node:internal/process/task_queues:95:5)\n' +
    '    at SterlingService.requestAsync (/home/ibrahim/apps/sterling-integration-api/src/services/integrations/sterling-service.ts:110:21)\n' +
    '    at SterlingService.trackOrderAsync (/home/ibrahim/apps/sterling-integration-api/src/services/integrations/sterling-service.ts:23:49)\n' +
    '    at OrderService.trackSterlingOrders (/home/ibrahim/apps/sterling-integration-api/src/services/order-service.ts:638:41)\n' +
    '    at handle (/home/ibrahim/apps/sterling-integration-api/src/tasks/update-order-task.ts:22:28)\n' +
    '    at Task.handleOverLapping (/home/ibrahim/apps/sterling-integration-api/src/tasks/task.ts:87:17)',
  message: "Cannot read properties of undefined (reading 'access_token')",
  error: TypeError: Cannot read properties of undefined (reading 'access_token')
      at SterlingService.getTokenAsync (/home/ibrahim/apps/sterling-integration-api/src/services/integrations/sterling-service.ts:138:65)
      at processTicksAndRejections (node:internal/process/task_queues:95:5)
      at SterlingService.requestAsync (/home/ibrahim/apps/sterling-integration-api/src/services/integrations/sterling-service.ts:110:21)
      at SterlingService.trackOrderAsync (/home/ibrahim/apps/sterling-integration-api/src/services/integrations/sterling-service.ts:23:49)
      at OrderService.trackSterlingOrders (/home/ibrahim/apps/sterling-integration-api/src/services/order-service.ts:638:41)
      at handle (/home/ibrahim/apps/sterling-integration-api/src/tasks/update-order-task.ts:22:28)
      at Task.handleOverLapping (/home/ibrahim/apps/sterling-integration-api/src/tasks/task.ts:87:17),
  level: 'error',
  timestamp: '2026-05-04 11:26:44'
}
{
  name: 'TypeError',
  stack: "TypeError: Cannot read properties of undefined (reading 'access_token')\n" +
    '    at SterlingService.getTokenAsync (/home/ibrahim/apps/sterling-integration-api/src/services/integrations/sterling-service.ts:138:65)\n' +
    '    at processTicksAndRejections (node:internal/process/task_queues:95:5)\n' +
    '    at SterlingService.requestAsync (/home/ibrahim/apps/sterling-integration-api/src/services/integrations/sterling-service.ts:110:21)\n' +
    '    at SterlingService.trackOrderAsync (/home/ibrahim/apps/sterling-integration-api/src/services/integrations/sterling-service.ts:23:49)\n' +
    '    at OrderService.trackSterlingOrders (/home/ibrahim/apps/sterling-integration-api/src/services/order-service.ts:638:41)\n' +
    '    at handle (/home/ibrahim/apps/sterling-integration-api/src/tasks/update-order-task.ts:22:28)\n' +
    '    at Task.handleOverLapping (/home/ibrahim/apps/sterling-integration-api/src/tasks/task.ts:87:17)',
  message: "Cannot read properties of undefined (reading 'access_token')",
  error: TypeError: Cannot read properties of undefined (reading 'access_token')
      at SterlingService.getTokenAsync (/home/ibrahim/apps/sterling-integration-api/src/services/integrations/sterling-service.ts:138:65)
      at processTicksAndRejections (node:internal/process/task_queues:95:5)
      at SterlingService.requestAsync (/home/ibrahim/apps/sterling-integration-api/src/services/integrations/sterling-service.ts:110:21)
      at SterlingService.trackOrderAsync (/home/ibrahim/apps/sterling-integration-api/src/services/integrations/sterling-service.ts:23:49)
      at OrderService.trackSterlingOrders (/home/ibrahim/apps/sterling-integration-api/src/services/order-service.ts:638:41)
      at handle (/home/ibrahim/apps/sterling-integration-api/src/tasks/update-order-task.ts:22:28)
      at Task.handleOverLapping (/home/ibrahim/apps/sterling-integration-api/src/tasks/task.ts:87:17),
  level: 'error',
  timestamp: '2026-05-04 11:26:44'
}
{
  name: 'TypeError',
  stack: "TypeError: Cannot read properties of undefined (reading 'access_token')\n" +
    '    at SterlingService.getTokenAsync (/home/ibrahim/apps/sterling-integration-api/src/services/integrations/sterling-service.ts:138:65)\n' +
    '    at processTicksAndRejections (node:internal/process/task_queues:95:5)\n' +
    '    at SterlingService.requestAsync (/home/ibrahim/apps/sterling-integration-api/src/services/integrations/sterling-service.ts:110:21)\n' +
    '    at SterlingService.trackOrderAsync (/home/ibrahim/apps/sterling-integration-api/src/services/integrations/sterling-service.ts:23:49)\n' +
    '    at OrderService.trackSterlingOrders (/home/ibrahim/apps/sterling-integration-api/src/services/order-service.ts:638:41)\n' +
    '    at handle (/home/ibrahim/apps/sterling-integration-api/src/tasks/update-order-task.ts:22:28)\n' +
    '    at Task.handleOverLapping (/home/ibrahim/apps/sterling-integration-api/src/tasks/task.ts:87:17)',
  message: "Cannot read properties of undefined (reading 'access_token')",
  error: TypeError: Cannot read properties of undefined (reading 'access_token')
      at SterlingService.getTokenAsync (/home/ibrahim/apps/sterling-integration-api/src/services/integrations/sterling-service.ts:138:65)
      at processTicksAndRejections (node:internal/process/task_queues:95:5)
      at SterlingService.requestAsync (/home/ibrahim/apps/sterling-integration-api/src/services/integrations/sterling-service.ts:110:21)
      at SterlingService.trackOrderAsync (/home/ibrahim/apps/sterling-integration-api/src/services/integrations/sterling-service.ts:23:49)
      at OrderService.trackSterlingOrders (/home/ibrahim/apps/sterling-integration-api/src/services/order-service.ts:638:41)
      at handle (/home/ibrahim/apps/sterling-integration-api/src/tasks/update-order-task.ts:22:28)
      at Task.handleOverLapping (/home/ibrahim/apps/sterling-integration-api/src/tasks/task.ts:87:17),
  level: 'error',
  timestamp: '2026-05-04 11:26:44'
}
{
  name: 'TypeError',
  stack: "TypeError: Cannot read properties of undefined (reading 'access_token')\n" +
    '    at SterlingService.getTokenAsync (/home/ibrahim/apps/sterling-integration-api/src/services/integrations/sterling-service.ts:138:65)\n' +
    '    at processTicksAndRejections (node:internal/process/task_queues:95:5)\n' +
    '    at SterlingService.requestAsync (/home/ibrahim/apps/sterling-integration-api/src/services/integrations/sterling-service.ts:110:21)\n' +
    '    at SterlingService.trackOrderAsync (/home/ibrahim/apps/sterling-integration-api/src/services/integrations/sterling-service.ts:23:49)\n' +
    '    at OrderService.trackSterlingOrders (/home/ibrahim/apps/sterling-integration-api/src/services/order-service.ts:638:41)\n' +
    '    at handle (/home/ibrahim/apps/sterling-integration-api/src/tasks/update-order-task.ts:22:28)\n' +
    '    at Task.handleOverLapping (/home/ibrahim/apps/sterling-integration-api/src/tasks/task.ts:87:17)',
  message: "Cannot read properties of undefined (reading 'access_token')",
  error: TypeError: Cannot read properties of undefined (reading 'access_token')
      at SterlingService.getTokenAsync (/home/ibrahim/apps/sterling-integration-api/src/services/integrations/sterling-service.ts:138:65)
      at processTicksAndRejections (node:internal/process/task_queues:95:5)
      at SterlingService.requestAsync (/home/ibrahim/apps/sterling-integration-api/src/services/integrations/sterling-service.ts:110:21)
      at SterlingService.trackOrderAsync (/home/ibrahim/apps/sterling-integration-api/src/services/integrations/sterling-service.ts:23:49)
      at OrderService.trackSterlingOrders (/home/ibrahim/apps/sterling-integration-api/src/services/order-service.ts:638:41)
      at handle (/home/ibrahim/apps/sterling-integration-api/src/tasks/update-order-task.ts:22:28)
      at Task.handleOverLapping (/home/ibrahim/apps/sterling-integration-api/src/tasks/task.ts:87:17),
  level: 'error',
  timestamp: '2026-05-04 11:26:44'
}
{
  name: 'TypeError',
  stack: "TypeError: Cannot read properties of undefined (reading 'access_token')\n" +
    '    at SterlingService.getTokenAsync (/home/ibrahim/apps/sterling-integration-api/src/services/integrations/sterling-service.ts:138:65)\n' +
    '    at processTicksAndRejections (node:internal/process/task_queues:95:5)\n' +
    '    at SterlingService.requestAsync (/home/ibrahim/apps/sterling-integration-api/src/services/integrations/sterling-service.ts:110:21)\n' +
    '    at SterlingService.trackOrderAsync (/home/ibrahim/apps/sterling-integration-api/src/services/integrations/sterling-service.ts:23:49)\n' +
    '    at OrderService.trackSterlingOrders (/home/ibrahim/apps/sterling-integration-api/src/services/order-service.ts:638:41)\n' +
    '    at handle (/home/ibrahim/apps/sterling-integration-api/src/tasks/update-order-task.ts:22:28)\n' +
    '    at Task.handleOverLapping (/home/ibrahim/apps/sterling-integration-api/src/tasks/task.ts:87:17)',
  message: "Cannot read properties of undefined (reading 'access_token')",
  error: TypeError: Cannot read properties of undefined (reading 'access_token')
      at SterlingService.getTokenAsync (/home/ibrahim/apps/sterling-integration-api/src/services/integrations/sterling-service.ts:138:65)
      at processTicksAndRejections (node:internal/process/task_queues:95:5)
      at SterlingService.requestAsync (/home/ibrahim/apps/sterling-integration-api/src/services/integrations/sterling-service.ts:110:21)
      at SterlingService.trackOrderAsync (/home/ibrahim/apps/sterling-integration-api/src/services/integrations/sterling-service.ts:23:49)
      at OrderService.trackSterlingOrders (/home/ibrahim/apps/sterling-integration-api/src/services/order-service.ts:638:41)
      at handle (/home/ibrahim/apps/sterling-integration-api/src/tasks/update-order-task.ts:22:28)
      at Task.handleOverLapping (/home/ibrahim/apps/sterling-integration-api/src/tasks/task.ts:87:17),
  level: 'error',
  timestamp: '2026-05-04 11:26:44'
}
{
  name: 'TypeError',
  stack: "TypeError: Cannot read properties of undefined (reading 'access_token')\n" +
    '    at SterlingService.getTokenAsync (/home/ibrahim/apps/sterling-integration-api/src/services/integrations/sterling-service.ts:138:65)\n' +
    '    at processTicksAndRejections (node:internal/process/task_queues:95:5)\n' +
    '    at SterlingService.requestAsync (/home/ibrahim/apps/sterling-integration-api/src/services/integrations/sterling-service.ts:110:21)\n' +
    '    at SterlingService.trackOrderAsync (/home/ibrahim/apps/sterling-integration-api/src/services/integrations/sterling-service.ts:23:49)\n' +
    '    at OrderService.trackSterlingOrders (/home/ibrahim/apps/sterling-integration-api/src/services/order-service.ts:638:41)\n' +
    '    at handle (/home/ibrahim/apps/sterling-integration-api/src/tasks/update-order-task.ts:22:28)\n' +
    '    at Task.handleOverLapping (/home/ibrahim/apps/sterling-integration-api/src/tasks/task.ts:87:17)',
  message: "Cannot read properties of undefined (reading 'access_token')",
  error: TypeError: Cannot read properties of undefined (reading 'access_token')
      at SterlingService.getTokenAsync (/home/ibrahim/apps/sterling-integration-api/src/services/integrations/sterling-service.ts:138:65)
      at processTicksAndRejections (node:internal/process/task_queues:95:5)
      at SterlingService.requestAsync (/home/ibrahim/apps/sterling-integration-api/src/services/integrations/sterling-service.ts:110:21)
      at SterlingService.trackOrderAsync (/home/ibrahim/apps/sterling-integration-api/src/services/integrations/sterling-service.ts:23:49)
      at OrderService.trackSterlingOrders (/home/ibrahim/apps/sterling-integration-api/src/services/order-service.ts:638:41)
      at handle (/home/ibrahim/apps/sterling-integration-api/src/tasks/update-order-task.ts:22:28)
      at Task.handleOverLapping (/home/ibrahim/apps/sterling-integration-api/src/tasks/task.ts:87:17),
  level: 'error',
  timestamp: '2026-05-04 11:26:44'
}
{
  name: 'TypeError',
  stack: "TypeError: Cannot read properties of undefined (reading 'access_token')\n" +
    '    at SterlingService.getTokenAsync (/home/ibrahim/apps/sterling-integration-api/src/services/integrations/sterling-service.ts:138:65)\n' +
    '    at processTicksAndRejections (node:internal/process/task_queues:95:5)\n' +
    '    at SterlingService.requestAsync (/home/ibrahim/apps/sterling-integration-api/src/services/integrations/sterling-service.ts:110:21)\n' +
    '    at SterlingService.trackOrderAsync (/home/ibrahim/apps/sterling-integration-api/src/services/integrations/sterling-service.ts:23:49)\n' +
    '    at OrderService.trackSterlingOrders (/home/ibrahim/apps/sterling-integration-api/src/services/order-service.ts:638:41)\n' +
    '    at handle (/home/ibrahim/apps/sterling-integration-api/src/tasks/update-order-task.ts:22:28)\n' +
    '    at Task.handleOverLapping (/home/ibrahim/apps/sterling-integration-api/src/tasks/task.ts:87:17)',
  message: "Cannot read properties of undefined (reading 'access_token')",
  error: TypeError: Cannot read properties of undefined (reading 'access_token')
      at SterlingService.getTokenAsync (/home/ibrahim/apps/sterling-integration-api/src/services/integrations/sterling-service.ts:138:65)
      at processTicksAndRejections (node:internal/process/task_queues:95:5)
      at SterlingService.requestAsync (/home/ibrahim/apps/sterling-integration-api/src/services/integrations/sterling-service.ts:110:21)
      at SterlingService.trackOrderAsync (/home/ibrahim/apps/sterling-integration-api/src/services/integrations/sterling-service.ts:23:49)
      at OrderService.trackSterlingOrders (/home/ibrahim/apps/sterling-integration-api/src/services/order-service.ts:638:41)
      at handle (/home/ibrahim/apps/sterling-integration-api/src/tasks/update-order-task.ts:22:28)
      at Task.handleOverLapping (/home/ibrahim/apps/sterling-integration-api/src/tasks/task.ts:87:17),
  level: 'error',
  timestamp: '2026-05-04 11:26:44'
}
{
  name: 'TypeError',
  stack: "TypeError: Cannot read properties of undefined (reading 'access_token')\n" +
    '    at SterlingService.getTokenAsync (/home/ibrahim/apps/sterling-integration-api/src/services/integrations/sterling-service.ts:138:65)\n' +
    '    at processTicksAndRejections (node:internal/process/task_queues:95:5)\n' +
    '    at SterlingService.requestAsync (/home/ibrahim/apps/sterling-integration-api/src/services/integrations/sterling-service.ts:110:21)\n' +
    '    at SterlingService.trackOrderAsync (/home/ibrahim/apps/sterling-integration-api/src/services/integrations/sterling-service.ts:23:49)\n' +
    '    at OrderService.trackSterlingOrders (/home/ibrahim/apps/sterling-integration-api/src/services/order-service.ts:638:41)\n' +
    '    at handle (/home/ibrahim/apps/sterling-integration-api/src/tasks/update-order-task.ts:22:28)\n' +
    '    at Task.handleOverLapping (/home/ibrahim/apps/sterling-integration-api/src/tasks/task.ts:87:17)',
  message: "Cannot read properties of undefined (reading 'access_token')",
  error: TypeError: Cannot read properties of undefined (reading 'access_token')
      at SterlingService.getTokenAsync (/home/ibrahim/apps/sterling-integration-api/src/services/integrations/sterling-service.ts:138:65)
      at processTicksAndRejections (node:internal/process/task_queues:95:5)
      at SterlingService.requestAsync (/home/ibrahim/apps/sterling-integration-api/src/services/integrations/sterling-service.ts:110:21)
      at SterlingService.trackOrderAsync (/home/ibrahim/apps/sterling-integration-api/src/services/integrations/sterling-service.ts:23:49)
      at OrderService.trackSterlingOrders (/home/ibrahim/apps/sterling-integration-api/src/services/order-service.ts:638:41)
      at handle (/home/ibrahim/apps/sterling-integration-api/src/tasks/update-order-task.ts:22:28)
      at Task.handleOverLapping (/home/ibrahim/apps/sterling-integration-api/src/tasks/task.ts:87:17),
  level: 'error',
  timestamp: '2026-05-04 11:26:44'
}
{
  name: 'TypeError',
  stack: "TypeError: Cannot read properties of undefined (reading 'access_token')\n" +
    '    at SterlingService.getTokenAsync (/home/ibrahim/apps/sterling-integration-api/src/services/integrations/sterling-service.ts:138:65)\n' +
    '    at processTicksAndRejections (node:internal/process/task_queues:95:5)\n' +
    '    at SterlingService.requestAsync (/home/ibrahim/apps/sterling-integration-api/src/services/integrations/sterling-service.ts:110:21)\n' +
    '    at SterlingService.trackOrderAsync (/home/ibrahim/apps/sterling-integration-api/src/services/integrations/sterling-service.ts:23:49)\n' +
    '    at OrderService.trackSterlingOrders (/home/ibrahim/apps/sterling-integration-api/src/services/order-service.ts:638:41)\n' +
    '    at handle (/home/ibrahim/apps/sterling-integration-api/src/tasks/update-order-task.ts:22:28)\n' +
    '    at Task.handleOverLapping (/home/ibrahim/apps/sterling-integration-api/src/tasks/task.ts:87:17)',
  message: "Cannot read properties of undefined (reading 'access_token')",
  error: TypeError: Cannot read properties of undefined (reading 'access_token')
      at SterlingService.getTokenAsync (/home/ibrahim/apps/sterling-integration-api/src/services/integrations/sterling-service.ts:138:65)
      at processTicksAndRejections (node:internal/process/task_queues:95:5)
      at SterlingService.requestAsync (/home/ibrahim/apps/sterling-integration-api/src/services/integrations/sterling-service.ts:110:21)
      at SterlingService.trackOrderAsync (/home/ibrahim/apps/sterling-integration-api/src/services/integrations/sterling-service.ts:23:49)
      at OrderService.trackSterlingOrders (/home/ibrahim/apps/sterling-integration-api/src/services/order-service.ts:638:41)
      at handle (/home/ibrahim/apps/sterling-integration-api/src/tasks/update-order-task.ts:22:28)
      at Task.handleOverLapping (/home/ibrahim/apps/sterling-integration-api/src/tasks/task.ts:87:17),
  level: 'error',
  timestamp: '2026-05-04 11:26:44'
}
{
  name: 'TypeError',
  stack: "TypeError: Cannot read properties of undefined (reading 'access_token')\n" +
    '    at SterlingService.getTokenAsync (/home/ibrahim/apps/sterling-integration-api/src/services/integrations/sterling-service.ts:138:65)\n' +
    '    at processTicksAndRejections (node:internal/process/task_queues:95:5)\n' +
    '    at SterlingService.requestAsync (/home/ibrahim/apps/sterling-integration-api/src/services/integrations/sterling-service.ts:110:21)\n' +
    '    at SterlingService.trackOrderAsync (/home/ibrahim/apps/sterling-integration-api/src/services/integrations/sterling-service.ts:23:49)\n' +
    '    at OrderService.trackSterlingOrders (/home/ibrahim/apps/sterling-integration-api/src/services/order-service.ts:638:41)\n' +
    '    at handle (/home/ibrahim/apps/sterling-integration-api/src/tasks/update-order-task.ts:22:28)\n' +
    '    at Task.handleOverLapping (/home/ibrahim/apps/sterling-integration-api/src/tasks/task.ts:87:17)',
  message: "Cannot read properties of undefined (reading 'access_token')",
  error: TypeError: Cannot read properties of undefined (reading 'access_token')
      at SterlingService.getTokenAsync (/home/ibrahim/apps/sterling-integration-api/src/services/integrations/sterling-service.ts:138:65)
      at processTicksAndRejections (node:internal/process/task_queues:95:5)
      at SterlingService.requestAsync (/home/ibrahim/apps/sterling-integration-api/src/services/integrations/sterling-service.ts:110:21)
      at SterlingService.trackOrderAsync (/home/ibrahim/apps/sterling-integration-api/src/services/integrations/sterling-service.ts:23:49)
      at OrderService.trackSterlingOrders (/home/ibrahim/apps/sterling-integration-api/src/services/order-service.ts:638:41)
      at handle (/home/ibrahim/apps/sterling-integration-api/src/tasks/update-order-task.ts:22:28)
      at Task.handleOverLapping (/home/ibrahim/apps/sterling-integration-api/src/tasks/task.ts:87:17),
  level: 'error',
  timestamp: '2026-05-04 11:26:45'
}
{
  name: 'TypeError',
  stack: "TypeError: Cannot read properties of undefined (reading 'access_token')\n" +
    '    at SterlingService.getTokenAsync (/home/ibrahim/apps/sterling-integration-api/src/services/integrations/sterling-service.ts:138:65)\n' +
    '    at processTicksAndRejections (node:internal/process/task_queues:95:5)\n' +
    '    at SterlingService.requestAsync (/home/ibrahim/apps/sterling-integration-api/src/services/integrations/sterling-service.ts:110:21)\n' +
    '    at SterlingService.trackOrderAsync (/home/ibrahim/apps/sterling-integration-api/src/services/integrations/sterling-service.ts:23:49)\n' +
    '    at OrderService.trackSterlingOrders (/home/ibrahim/apps/sterling-integration-api/src/services/order-service.ts:638:41)\n' +
    '    at handle (/home/ibrahim/apps/sterling-integration-api/src/tasks/update-order-task.ts:22:28)\n' +
    '    at Task.handleOverLapping (/home/ibrahim/apps/sterling-integration-api/src/tasks/task.ts:87:17)',
  message: "Cannot read properties of undefined (reading 'access_token')",
  error: TypeError: Cannot read properties of undefined (reading 'access_token')
      at SterlingService.getTokenAsync (/home/ibrahim/apps/sterling-integration-api/src/services/integrations/sterling-service.ts:138:65)
      at processTicksAndRejections (node:internal/process/task_queues:95:5)
      at SterlingService.requestAsync (/home/ibrahim/apps/sterling-integration-api/src/services/integrations/sterling-service.ts:110:21)
      at SterlingService.trackOrderAsync (/home/ibrahim/apps/sterling-integration-api/src/services/integrations/sterling-service.ts:23:49)
      at OrderService.trackSterlingOrders (/home/ibrahim/apps/sterling-integration-api/src/services/order-service.ts:638:41)
      at handle (/home/ibrahim/apps/sterling-integration-api/src/tasks/update-order-task.ts:22:28)
      at Task.handleOverLapping (/home/ibrahim/apps/sterling-integration-api/src/tasks/task.ts:87:17),
  level: 'error',
  timestamp: '2026-05-04 11:26:45'
}
{
  name: 'TypeError',
  stack: "TypeError: Cannot read properties of undefined (reading 'access_token')\n" +
    '    at SterlingService.getTokenAsync (/home/ibrahim/apps/sterling-integration-api/src/services/integrations/sterling-service.ts:138:65)\n' +
    '    at processTicksAndRejections (node:internal/process/task_queues:95:5)\n' +
    '    at SterlingService.requestAsync (/home/ibrahim/apps/sterling-integration-api/src/services/integrations/sterling-service.ts:110:21)\n' +
    '    at SterlingService.trackOrderAsync (/home/ibrahim/apps/sterling-integration-api/src/services/integrations/sterling-service.ts:23:49)\n' +
    '    at OrderService.trackSterlingOrders (/home/ibrahim/apps/sterling-integration-api/src/services/order-service.ts:638:41)\n' +
    '    at handle (/home/ibrahim/apps/sterling-integration-api/src/tasks/update-order-task.ts:22:28)\n' +
    '    at Task.handleOverLapping (/home/ibrahim/apps/sterling-integration-api/src/tasks/task.ts:87:17)',
  message: "Cannot read properties of undefined (reading 'access_token')",
  error: TypeError: Cannot read properties of undefined (reading 'access_token')
      at SterlingService.getTokenAsync (/home/ibrahim/apps/sterling-integration-api/src/services/integrations/sterling-service.ts:138:65)
      at processTicksAndRejections (node:internal/process/task_queues:95:5)
      at SterlingService.requestAsync (/home/ibrahim/apps/sterling-integration-api/src/services/integrations/sterling-service.ts:110:21)
      at SterlingService.trackOrderAsync (/home/ibrahim/apps/sterling-integration-api/src/services/integrations/sterling-service.ts:23:49)
      at OrderService.trackSterlingOrders (/home/ibrahim/apps/sterling-integration-api/src/services/order-service.ts:638:41)
      at handle (/home/ibrahim/apps/sterling-integration-api/src/tasks/update-order-task.ts:22:28)
      at Task.handleOverLapping (/home/ibrahim/apps/sterling-integration-api/src/tasks/task.ts:87:17),
  level: 'error',
  timestamp: '2026-05-04 11:26:45'
}
{
  name: 'TypeError',
  stack: "TypeError: Cannot read properties of undefined (reading 'access_token')\n" +
    '    at SterlingService.getTokenAsync (/home/ibrahim/apps/sterling-integration-api/src/services/integrations/sterling-service.ts:138:65)\n' +
    '    at processTicksAndRejections (node:internal/process/task_queues:95:5)\n' +
    '    at SterlingService.requestAsync (/home/ibrahim/apps/sterling-integration-api/src/services/integrations/sterling-service.ts:110:21)\n' +
    '    at SterlingService.trackOrderAsync (/home/ibrahim/apps/sterling-integration-api/src/services/integrations/sterling-service.ts:23:49)\n' +
    '    at OrderService.trackSterlingOrders (/home/ibrahim/apps/sterling-integration-api/src/services/order-service.ts:638:41)\n' +
    '    at handle (/home/ibrahim/apps/sterling-integration-api/src/tasks/update-order-task.ts:22:28)\n' +
    '    at Task.handleOverLapping (/home/ibrahim/apps/sterling-integration-api/src/tasks/task.ts:87:17)',
  message: "Cannot read properties of undefined (reading 'access_token')",
  error: TypeError: Cannot read properties of undefined (reading 'access_token')
      at SterlingService.getTokenAsync (/home/ibrahim/apps/sterling-integration-api/src/services/integrations/sterling-service.ts:138:65)
      at processTicksAndRejections (node:internal/process/task_queues:95:5)
      at SterlingService.requestAsync (/home/ibrahim/apps/sterling-integration-api/src/services/integrations/sterling-service.ts:110:21)
      at SterlingService.trackOrderAsync (/home/ibrahim/apps/sterling-integration-api/src/services/integrations/sterling-service.ts:23:49)
      at OrderService.trackSterlingOrders (/home/ibrahim/apps/sterling-integration-api/src/services/order-service.ts:638:41)
      at handle (/home/ibrahim/apps/sterling-integration-api/src/tasks/update-order-task.ts:22:28)
      at Task.handleOverLapping (/home/ibrahim/apps/sterling-integration-api/src/tasks/task.ts:87:17),
  level: 'error',
  timestamp: '2026-05-04 11:26:45'
}
{
  name: 'TypeError',
  stack: "TypeError: Cannot read properties of undefined (reading 'access_token')\n" +
    '    at SterlingService.getTokenAsync (/home/ibrahim/apps/sterling-integration-api/src/services/integrations/sterling-service.ts:138:65)\n' +
    '    at processTicksAndRejections (node:internal/process/task_queues:95:5)\n' +
    '    at SterlingService.requestAsync (/home/ibrahim/apps/sterling-integration-api/src/services/integrations/sterling-service.ts:110:21)\n' +
    '    at SterlingService.trackOrderAsync (/home/ibrahim/apps/sterling-integration-api/src/services/integrations/sterling-service.ts:23:49)\n' +
    '    at OrderService.trackSterlingOrders (/home/ibrahim/apps/sterling-integration-api/src/services/order-service.ts:638:41)\n' +
    '    at handle (/home/ibrahim/apps/sterling-integration-api/src/tasks/update-order-task.ts:22:28)\n' +
    '    at Task.handleOverLapping (/home/ibrahim/apps/sterling-integration-api/src/tasks/task.ts:87:17)',
  message: "Cannot read properties of undefined (reading 'access_token')",
  error: TypeError: Cannot read properties of undefined (reading 'access_token')
      at SterlingService.getTokenAsync (/home/ibrahim/apps/sterling-integration-api/src/services/integrations/sterling-service.ts:138:65)
      at processTicksAndRejections (node:internal/process/task_queues:95:5)
      at SterlingService.requestAsync (/home/ibrahim/apps/sterling-integration-api/src/services/integrations/sterling-service.ts:110:21)
      at SterlingService.trackOrderAsync (/home/ibrahim/apps/sterling-integration-api/src/services/integrations/sterling-service.ts:23:49)
      at OrderService.trackSterlingOrders (/home/ibrahim/apps/sterling-integration-api/src/services/order-service.ts:638:41)
      at handle (/home/ibrahim/apps/sterling-integration-api/src/tasks/update-order-task.ts:22:28)
      at Task.handleOverLapping (/home/ibrahim/apps/sterling-integration-api/src/tasks/task.ts:87:17),
  level: 'error',
  timestamp: '2026-05-04 11:26:45'
}
{
  name: 'TypeError',
  stack: "TypeError: Cannot read properties of undefined (reading 'access_token')\n" +
    '    at SterlingService.getTokenAsync (/home/ibrahim/apps/sterling-integration-api/src/services/integrations/sterling-service.ts:138:65)\n' +
    '    at processTicksAndRejections (node:internal/process/task_queues:95:5)\n' +
    '    at SterlingService.requestAsync (/home/ibrahim/apps/sterling-integration-api/src/services/integrations/sterling-service.ts:110:21)\n' +
    '    at SterlingService.trackOrderAsync (/home/ibrahim/apps/sterling-integration-api/src/services/integrations/sterling-service.ts:23:49)\n' +
    '    at OrderService.trackSterlingOrders (/home/ibrahim/apps/sterling-integration-api/src/services/order-service.ts:638:41)\n' +
    '    at handle (/home/ibrahim/apps/sterling-integration-api/src/tasks/update-order-task.ts:22:28)\n' +
    '    at Task.handleOverLapping (/home/ibrahim/apps/sterling-integration-api/src/tasks/task.ts:87:17)',
  message: "Cannot read properties of undefined (reading 'access_token')",
  error: TypeError: Cannot read properties of undefined (reading 'access_token')
      at SterlingService.getTokenAsync (/home/ibrahim/apps/sterling-integration-api/src/services/integrations/sterling-service.ts:138:65)
      at processTicksAndRejections (node:internal/process/task_queues:95:5)
      at SterlingService.requestAsync (/home/ibrahim/apps/sterling-integration-api/src/services/integrations/sterling-service.ts:110:21)
      at SterlingService.trackOrderAsync (/home/ibrahim/apps/sterling-integration-api/src/services/integrations/sterling-service.ts:23:49)
      at OrderService.trackSterlingOrders (/home/ibrahim/apps/sterling-integration-api/src/services/order-service.ts:638:41)
      at handle (/home/ibrahim/apps/sterling-integration-api/src/tasks/update-order-task.ts:22:28)
      at Task.handleOverLapping (/home/ibrahim/apps/sterling-integration-api/src/tasks/task.ts:87:17),
  level: 'error',
  timestamp: '2026-05-04 11:26:45'
}
{
  name: 'TypeError',
  stack: "TypeError: Cannot read properties of undefined (reading 'access_token')\n" +
    '    at SterlingService.getTokenAsync (/home/ibrahim/apps/sterling-integration-api/src/services/integrations/sterling-service.ts:138:65)\n' +
    '    at processTicksAndRejections (node:internal/process/task_queues:95:5)\n' +
    '    at SterlingService.requestAsync (/home/ibrahim/apps/sterling-integration-api/src/services/integrations/sterling-service.ts:110:21)\n' +
    '    at SterlingService.trackOrderAsync (/home/ibrahim/apps/sterling-integration-api/src/services/integrations/sterling-service.ts:23:49)\n' +
    '    at OrderService.trackSterlingOrders (/home/ibrahim/apps/sterling-integration-api/src/services/order-service.ts:638:41)\n' +
    '    at handle (/home/ibrahim/apps/sterling-integration-api/src/tasks/update-order-task.ts:22:28)\n' +
    '    at Task.handleOverLapping (/home/ibrahim/apps/sterling-integration-api/src/tasks/task.ts:87:17)',
  message: "Cannot read properties of undefined (reading 'access_token')",
  error: TypeError: Cannot read properties of undefined (reading 'access_token')
      at SterlingService.getTokenAsync (/home/ibrahim/apps/sterling-integration-api/src/services/integrations/sterling-service.ts:138:65)
      at processTicksAndRejections (node:internal/process/task_queues:95:5)
      at SterlingService.requestAsync (/home/ibrahim/apps/sterling-integration-api/src/services/integrations/sterling-service.ts:110:21)
      at SterlingService.trackOrderAsync (/home/ibrahim/apps/sterling-integration-api/src/services/integrations/sterling-service.ts:23:49)
      at OrderService.trackSterlingOrders (/home/ibrahim/apps/sterling-integration-api/src/services/order-service.ts:638:41)
      at handle (/home/ibrahim/apps/sterling-integration-api/src/tasks/update-order-task.ts:22:28)
      at Task.handleOverLapping (/home/ibrahim/apps/sterling-integration-api/src/tasks/task.ts:87:17),
  level: 'error',
  timestamp: '2026-05-04 11:26:45'
}
{
  name: 'TypeError',
  stack: "TypeError: Cannot read properties of undefined (reading 'access_token')\n" +
    '    at SterlingService.getTokenAsync (/home/ibrahim/apps/sterling-integration-api/src/services/integrations/sterling-service.ts:138:65)\n' +
    '    at processTicksAndRejections (node:internal/process/task_queues:95:5)\n' +
    '    at SterlingService.requestAsync (/home/ibrahim/apps/sterling-integration-api/src/services/integrations/sterling-service.ts:110:21)\n' +
    '    at SterlingService.trackOrderAsync (/home/ibrahim/apps/sterling-integration-api/src/services/integrations/sterling-service.ts:23:49)\n' +
    '    at OrderService.trackSterlingOrders (/home/ibrahim/apps/sterling-integration-api/src/services/order-service.ts:638:41)\n' +
    '    at handle (/home/ibrahim/apps/sterling-integration-api/src/tasks/update-order-task.ts:22:28)\n' +
    '    at Task.handleOverLapping (/home/ibrahim/apps/sterling-integration-api/src/tasks/task.ts:87:17)',
  message: "Cannot read properties of undefined (reading 'access_token')",
  error: TypeError: Cannot read properties of undefined (reading 'access_token')
      at SterlingService.getTokenAsync (/home/ibrahim/apps/sterling-integration-api/src/services/integrations/sterling-service.ts:138:65)
      at processTicksAndRejections (node:internal/process/task_queues:95:5)
      at SterlingService.requestAsync (/home/ibrahim/apps/sterling-integration-api/src/services/integrations/sterling-service.ts:110:21)
      at SterlingService.trackOrderAsync (/home/ibrahim/apps/sterling-integration-api/src/services/integrations/sterling-service.ts:23:49)
      at OrderService.trackSterlingOrders (/home/ibrahim/apps/sterling-integration-api/src/services/order-service.ts:638:41)
      at handle (/home/ibrahim/apps/sterling-integration-api/src/tasks/update-order-task.ts:22:28)
      at Task.handleOverLapping (/home/ibrahim/apps/sterling-integration-api/src/tasks/task.ts:87:17),
  level: 'error',
  timestamp: '2026-05-04 11:26:45'
}
{
  name: 'TypeError',
  stack: "TypeError: Cannot read properties of undefined (reading 'access_token')\n" +
    '    at SterlingService.getTokenAsync (/home/ibrahim/apps/sterling-integration-api/src/services/integrations/sterling-service.ts:138:65)\n' +
    '    at processTicksAndRejections (node:internal/process/task_queues:95:5)\n' +
    '    at SterlingService.requestAsync (/home/ibrahim/apps/sterling-integration-api/src/services/integrations/sterling-service.ts:110:21)\n' +
    '    at SterlingService.trackOrderAsync (/home/ibrahim/apps/sterling-integration-api/src/services/integrations/sterling-service.ts:23:49)\n' +
    '    at OrderService.trackSterlingOrders (/home/ibrahim/apps/sterling-integration-api/src/services/order-service.ts:638:41)\n' +
    '    at handle (/home/ibrahim/apps/sterling-integration-api/src/tasks/update-order-task.ts:22:28)\n' +
    '    at Task.handleOverLapping (/home/ibrahim/apps/sterling-integration-api/src/tasks/task.ts:87:17)',
  message: "Cannot read properties of undefined (reading 'access_token')",
  error: TypeError: Cannot read properties of undefined (reading 'access_token')
      at SterlingService.getTokenAsync (/home/ibrahim/apps/sterling-integration-api/src/services/integrations/sterling-service.ts:138:65)
      at processTicksAndRejections (node:internal/process/task_queues:95:5)
      at SterlingService.requestAsync (/home/ibrahim/apps/sterling-integration-api/src/services/integrations/sterling-service.ts:110:21)
      at SterlingService.trackOrderAsync (/home/ibrahim/apps/sterling-integration-api/src/services/integrations/sterling-service.ts:23:49)
      at OrderService.trackSterlingOrders (/home/ibrahim/apps/sterling-integration-api/src/services/order-service.ts:638:41)
      at handle (/home/ibrahim/apps/sterling-integration-api/src/tasks/update-order-task.ts:22:28)
      at Task.handleOverLapping (/home/ibrahim/apps/sterling-integration-api/src/tasks/task.ts:87:17),
  level: 'error',
  timestamp: '2026-05-04 11:26:46'
}
{
  name: 'TypeError',
  stack: "TypeError: Cannot read properties of undefined (reading 'access_token')\n" +
    '    at SterlingService.getTokenAsync (/home/ibrahim/apps/sterling-integration-api/src/services/integrations/sterling-service.ts:138:65)\n' +
    '    at processTicksAndRejections (node:internal/process/task_queues:95:5)\n' +
    '    at SterlingService.requestAsync (/home/ibrahim/apps/sterling-integration-api/src/services/integrations/sterling-service.ts:110:21)\n' +
    '    at SterlingService.trackOrderAsync (/home/ibrahim/apps/sterling-integration-api/src/services/integrations/sterling-service.ts:23:49)\n' +
    '    at OrderService.trackSterlingOrders (/home/ibrahim/apps/sterling-integration-api/src/services/order-service.ts:638:41)\n' +
    '    at handle (/home/ibrahim/apps/sterling-integration-api/src/tasks/update-order-task.ts:22:28)\n' +
    '    at Task.handleOverLapping (/home/ibrahim/apps/sterling-integration-api/src/tasks/task.ts:87:17)',
  message: "Cannot read properties of undefined (reading 'access_token')",
  error: TypeError: Cannot read properties of undefined (reading 'access_token')
      at SterlingService.getTokenAsync (/home/ibrahim/apps/sterling-integration-api/src/services/integrations/sterling-service.ts:138:65)
      at processTicksAndRejections (node:internal/process/task_queues:95:5)
      at SterlingService.requestAsync (/home/ibrahim/apps/sterling-integration-api/src/services/integrations/sterling-service.ts:110:21)
      at SterlingService.trackOrderAsync (/home/ibrahim/apps/sterling-integration-api/src/services/integrations/sterling-service.ts:23:49)
      at OrderService.trackSterlingOrders (/home/ibrahim/apps/sterling-integration-api/src/services/order-service.ts:638:41)
      at handle (/home/ibrahim/apps/sterling-integration-api/src/tasks/update-order-task.ts:22:28)
      at Task.handleOverLapping (/home/ibrahim/apps/sterling-integration-api/src/tasks/task.ts:87:17),
  level: 'error',
  timestamp: '2026-05-04 11:26:46'
}
{
  name: 'TypeError',
  stack: "TypeError: Cannot read properties of undefined (reading 'access_token')\n" +
    '    at SterlingService.getTokenAsync (/home/ibrahim/apps/sterling-integration-api/src/services/integrations/sterling-service.ts:138:65)\n' +
    '    at processTicksAndRejections (node:internal/process/task_queues:95:5)\n' +
    '    at SterlingService.requestAsync (/home/ibrahim/apps/sterling-integration-api/src/services/integrations/sterling-service.ts:110:21)\n' +
    '    at SterlingService.trackOrderAsync (/home/ibrahim/apps/sterling-integration-api/src/services/integrations/sterling-service.ts:23:49)\n' +
    '    at OrderService.trackSterlingOrders (/home/ibrahim/apps/sterling-integration-api/src/services/order-service.ts:638:41)\n' +
    '    at handle (/home/ibrahim/apps/sterling-integration-api/src/tasks/update-order-task.ts:22:28)\n' +
    '    at Task.handleOverLapping (/home/ibrahim/apps/sterling-integration-api/src/tasks/task.ts:87:17)',
  message: "Cannot read properties of undefined (reading 'access_token')",
  error: TypeError: Cannot read properties of undefined (reading 'access_token')
      at SterlingService.getTokenAsync (/home/ibrahim/apps/sterling-integration-api/src/services/integrations/sterling-service.ts:138:65)
      at processTicksAndRejections (node:internal/process/task_queues:95:5)
      at SterlingService.requestAsync (/home/ibrahim/apps/sterling-integration-api/src/services/integrations/sterling-service.ts:110:21)
      at SterlingService.trackOrderAsync (/home/ibrahim/apps/sterling-integration-api/src/services/integrations/sterling-service.ts:23:49)
      at OrderService.trackSterlingOrders (/home/ibrahim/apps/sterling-integration-api/src/services/order-service.ts:638:41)
      at handle (/home/ibrahim/apps/sterling-integration-api/src/tasks/update-order-task.ts:22:28)
      at Task.handleOverLapping (/home/ibrahim/apps/sterling-integration-api/src/tasks/task.ts:87:17),
  level: 'error',
  timestamp: '2026-05-04 11:26:46'
}
{
  name: 'TypeError',
  stack: "TypeError: Cannot read properties of undefined (reading 'access_token')\n" +
    '    at SterlingService.getTokenAsync (/home/ibrahim/apps/sterling-integration-api/src/services/integrations/sterling-service.ts:138:65)\n' +
    '    at processTicksAndRejections (node:internal/process/task_queues:95:5)\n' +
    '    at SterlingService.requestAsync (/home/ibrahim/apps/sterling-integration-api/src/services/integrations/sterling-service.ts:110:21)\n' +
    '    at SterlingService.trackOrderAsync (/home/ibrahim/apps/sterling-integration-api/src/services/integrations/sterling-service.ts:23:49)\n' +
    '    at OrderService.trackSterlingOrders (/home/ibrahim/apps/sterling-integration-api/src/services/order-service.ts:638:41)\n' +
    '    at handle (/home/ibrahim/apps/sterling-integration-api/src/tasks/update-order-task.ts:22:28)\n' +
    '    at Task.handleOverLapping (/home/ibrahim/apps/sterling-integration-api/src/tasks/task.ts:87:17)',
  message: "Cannot read properties of undefined (reading 'access_token')",
  error: TypeError: Cannot read properties of undefined (reading 'access_token')
      at SterlingService.getTokenAsync (/home/ibrahim/apps/sterling-integration-api/src/services/integrations/sterling-service.ts:138:65)
      at processTicksAndRejections (node:internal/process/task_queues:95:5)
      at SterlingService.requestAsync (/home/ibrahim/apps/sterling-integration-api/src/services/integrations/sterling-service.ts:110:21)
      at SterlingService.trackOrderAsync (/home/ibrahim/apps/sterling-integration-api/src/services/integrations/sterling-service.ts:23:49)
      at OrderService.trackSterlingOrders (/home/ibrahim/apps/sterling-integration-api/src/services/order-service.ts:638:41)
      at handle (/home/ibrahim/apps/sterling-integration-api/src/tasks/update-order-task.ts:22:28)
      at Task.handleOverLapping (/home/ibrahim/apps/sterling-integration-api/src/tasks/task.ts:87:17),
  level: 'error',
  timestamp: '2026-05-04 11:26:46'
}
{
  name: 'TypeError',
  stack: "TypeError: Cannot read properties of undefined (reading 'access_token')\n" +
    '    at SterlingService.getTokenAsync (/home/ibrahim/apps/sterling-integration-api/src/services/integrations/sterling-service.ts:138:65)\n' +
    '    at processTicksAndRejections (node:internal/process/task_queues:95:5)\n' +
    '    at SterlingService.requestAsync (/home/ibrahim/apps/sterling-integration-api/src/services/integrations/sterling-service.ts:110:21)\n' +
    '    at SterlingService.trackOrderAsync (/home/ibrahim/apps/sterling-integration-api/src/services/integrations/sterling-service.ts:23:49)\n' +
    '    at OrderService.trackSterlingOrders (/home/ibrahim/apps/sterling-integration-api/src/services/order-service.ts:638:41)\n' +
    '    at handle (/home/ibrahim/apps/sterling-integration-api/src/tasks/update-order-task.ts:22:28)\n' +
    '    at Task.handleOverLapping (/home/ibrahim/apps/sterling-integration-api/src/tasks/task.ts:87:17)',
  message: "Cannot read properties of undefined (reading 'access_token')",
  error: TypeError: Cannot read properties of undefined (reading 'access_token')
      at SterlingService.getTokenAsync (/home/ibrahim/apps/sterling-integration-api/src/services/integrations/sterling-service.ts:138:65)
      at processTicksAndRejections (node:internal/process/task_queues:95:5)
      at SterlingService.requestAsync (/home/ibrahim/apps/sterling-integration-api/src/services/integrations/sterling-service.ts:110:21)
      at SterlingService.trackOrderAsync (/home/ibrahim/apps/sterling-integration-api/src/services/integrations/sterling-service.ts:23:49)
      at OrderService.trackSterlingOrders (/home/ibrahim/apps/sterling-integration-api/src/services/order-service.ts:638:41)
      at handle (/home/ibrahim/apps/sterling-integration-api/src/tasks/update-order-task.ts:22:28)
      at Task.handleOverLapping (/home/ibrahim/apps/sterling-integration-api/src/tasks/task.ts:87:17),
  level: 'error',
  timestamp: '2026-05-04 11:26:47'
}
{
  name: 'TypeError',
  stack: "TypeError: Cannot read properties of undefined (reading 'access_token')\n" +
    '    at SterlingService.getTokenAsync (/home/ibrahim/apps/sterling-integration-api/src/services/integrations/sterling-service.ts:138:65)\n' +
    '    at processTicksAndRejections (node:internal/process/task_queues:95:5)\n' +
    '    at SterlingService.requestAsync (/home/ibrahim/apps/sterling-integration-api/src/services/integrations/sterling-service.ts:110:21)\n' +
    '    at SterlingService.trackOrderAsync (/home/ibrahim/apps/sterling-integration-api/src/services/integrations/sterling-service.ts:23:49)\n' +
    '    at OrderService.trackSterlingOrders (/home/ibrahim/apps/sterling-integration-api/src/services/order-service.ts:638:41)\n' +
    '    at handle (/home/ibrahim/apps/sterling-integration-api/src/tasks/update-order-task.ts:22:28)\n' +
    '    at Task.handleOverLapping (/home/ibrahim/apps/sterling-integration-api/src/tasks/task.ts:87:17)',
  message: "Cannot read properties of undefined (reading 'access_token')",
  error: TypeError: Cannot read properties of undefined (reading 'access_token')
      at SterlingService.getTokenAsync (/home/ibrahim/apps/sterling-integration-api/src/services/integrations/sterling-service.ts:138:65)
      at processTicksAndRejections (node:internal/process/task_queues:95:5)
      at SterlingService.requestAsync (/home/ibrahim/apps/sterling-integration-api/src/services/integrations/sterling-service.ts:110:21)
      at SterlingService.trackOrderAsync (/home/ibrahim/apps/sterling-integration-api/src/services/integrations/sterling-service.ts:23:49)
      at OrderService.trackSterlingOrders (/home/ibrahim/apps/sterling-integration-api/src/services/order-service.ts:638:41)
      at handle (/home/ibrahim/apps/sterling-integration-api/src/tasks/update-order-task.ts:22:28)
      at Task.handleOverLapping (/home/ibrahim/apps/sterling-integration-api/src/tasks/task.ts:87:17),
  level: 'error',
  timestamp: '2026-05-04 11:26:47'
}
{
  name: 'TypeError',
  stack: "TypeError: Cannot read properties of undefined (reading 'access_token')\n" +
    '    at SterlingService.getTokenAsync (/home/ibrahim/apps/sterling-integration-api/src/services/integrations/sterling-service.ts:138:65)\n' +
    '    at processTicksAndRejections (node:internal/process/task_queues:95:5)\n' +
    '    at SterlingService.requestAsync (/home/ibrahim/apps/sterling-integration-api/src/services/integrations/sterling-service.ts:110:21)\n' +
    '    at SterlingService.trackOrderAsync (/home/ibrahim/apps/sterling-integration-api/src/services/integrations/sterling-service.ts:23:49)\n' +
    '    at OrderService.trackSterlingOrders (/home/ibrahim/apps/sterling-integration-api/src/services/order-service.ts:638:41)\n' +
    '    at handle (/home/ibrahim/apps/sterling-integration-api/src/tasks/update-order-task.ts:22:28)\n' +
    '    at Task.handleOverLapping (/home/ibrahim/apps/sterling-integration-api/src/tasks/task.ts:87:17)',
  message: "Cannot read properties of undefined (reading 'access_token')",
  error: TypeError: Cannot read properties of undefined (reading 'access_token')
      at SterlingService.getTokenAsync (/home/ibrahim/apps/sterling-integration-api/src/services/integrations/sterling-service.ts:138:65)
      at processTicksAndRejections (node:internal/process/task_queues:95:5)
      at SterlingService.requestAsync (/home/ibrahim/apps/sterling-integration-api/src/services/integrations/sterling-service.ts:110:21)
      at SterlingService.trackOrderAsync (/home/ibrahim/apps/sterling-integration-api/src/services/integrations/sterling-service.ts:23:49)
      at OrderService.trackSterlingOrders (/home/ibrahim/apps/sterling-integration-api/src/services/order-service.ts:638:41)
      at handle (/home/ibrahim/apps/sterling-integration-api/src/tasks/update-order-task.ts:22:28)
      at Task.handleOverLapping (/home/ibrahim/apps/sterling-integration-api/src/tasks/task.ts:87:17),
  level: 'error',
  timestamp: '2026-05-04 11:26:47'
}
{
  name: 'TypeError',
  stack: "TypeError: Cannot read properties of undefined (reading 'access_token')\n" +
    '    at SterlingService.getTokenAsync (/home/ibrahim/apps/sterling-integration-api/src/services/integrations/sterling-service.ts:138:65)\n' +
    '    at processTicksAndRejections (node:internal/process/task_queues:95:5)\n' +
    '    at SterlingService.requestAsync (/home/ibrahim/apps/sterling-integration-api/src/services/integrations/sterling-service.ts:110:21)\n' +
    '    at SterlingService.trackOrderAsync (/home/ibrahim/apps/sterling-integration-api/src/services/integrations/sterling-service.ts:23:49)\n' +
    '    at OrderService.trackSterlingOrders (/home/ibrahim/apps/sterling-integration-api/src/services/order-service.ts:638:41)\n' +
    '    at handle (/home/ibrahim/apps/sterling-integration-api/src/tasks/update-order-task.ts:22:28)\n' +
    '    at Task.handleOverLapping (/home/ibrahim/apps/sterling-integration-api/src/tasks/task.ts:87:17)',
  message: "Cannot read properties of undefined (reading 'access_token')",
  error: TypeError: Cannot read properties of undefined (reading 'access_token')
      at SterlingService.getTokenAsync (/home/ibrahim/apps/sterling-integration-api/src/services/integrations/sterling-service.ts:138:65)
      at processTicksAndRejections (node:internal/process/task_queues:95:5)
      at SterlingService.requestAsync (/home/ibrahim/apps/sterling-integration-api/src/services/integrations/sterling-service.ts:110:21)
      at SterlingService.trackOrderAsync (/home/ibrahim/apps/sterling-integration-api/src/services/integrations/sterling-service.ts:23:49)
      at OrderService.trackSterlingOrders (/home/ibrahim/apps/sterling-integration-api/src/services/order-service.ts:638:41)
      at handle (/home/ibrahim/apps/sterling-integration-api/src/tasks/update-order-task.ts:22:28)
      at Task.handleOverLapping (/home/ibrahim/apps/sterling-integration-api/src/tasks/task.ts:87:17),
  level: 'error',
  timestamp: '2026-05-04 11:26:47'
}
{
  name: 'TypeError',
  stack: "TypeError: Cannot read properties of undefined (reading 'access_token')\n" +
    '    at SterlingService.getTokenAsync (/home/ibrahim/apps/sterling-integration-api/src/services/integrations/sterling-service.ts:138:65)\n' +
    '    at processTicksAndRejections (node:internal/process/task_queues:95:5)\n' +
    '    at SterlingService.requestAsync (/home/ibrahim/apps/sterling-integration-api/src/services/integrations/sterling-service.ts:110:21)\n' +
    '    at SterlingService.trackOrderAsync (/home/ibrahim/apps/sterling-integration-api/src/services/integrations/sterling-service.ts:23:49)\n' +
    '    at OrderService.trackSterlingOrders (/home/ibrahim/apps/sterling-integration-api/src/services/order-service.ts:638:41)\n' +
    '    at handle (/home/ibrahim/apps/sterling-integration-api/src/tasks/update-order-task.ts:22:28)\n' +
    '    at Task.handleOverLapping (/home/ibrahim/apps/sterling-integration-api/src/tasks/task.ts:87:17)',
  message: "Cannot read properties of undefined (reading 'access_token')",
  error: TypeError: Cannot read properties of undefined (reading 'access_token')
      at SterlingService.getTokenAsync (/home/ibrahim/apps/sterling-integration-api/src/services/integrations/sterling-service.ts:138:65)
      at processTicksAndRejections (node:internal/process/task_queues:95:5)
      at SterlingService.requestAsync (/home/ibrahim/apps/sterling-integration-api/src/services/integrations/sterling-service.ts:110:21)
      at SterlingService.trackOrderAsync (/home/ibrahim/apps/sterling-integration-api/src/services/integrations/sterling-service.ts:23:49)
      at OrderService.trackSterlingOrders (/home/ibrahim/apps/sterling-integration-api/src/services/order-service.ts:638:41)
      at handle (/home/ibrahim/apps/sterling-integration-api/src/tasks/update-order-task.ts:22:28)
      at Task.handleOverLapping (/home/ibrahim/apps/sterling-integration-api/src/tasks/task.ts:87:17),
  level: 'error',
  timestamp: '2026-05-04 11:26:47'
}
{
  name: 'TypeError',
  stack: "TypeError: Cannot read properties of undefined (reading 'access_token')\n" +
    '    at SterlingService.getTokenAsync (/home/ibrahim/apps/sterling-integration-api/src/services/integrations/sterling-service.ts:138:65)\n' +
    '    at processTicksAndRejections (node:internal/process/task_queues:95:5)\n' +
    '    at SterlingService.requestAsync (/home/ibrahim/apps/sterling-integration-api/src/services/integrations/sterling-service.ts:110:21)\n' +
    '    at SterlingService.trackOrderAsync (/home/ibrahim/apps/sterling-integration-api/src/services/integrations/sterling-service.ts:23:49)\n' +
    '    at OrderService.trackSterlingOrders (/home/ibrahim/apps/sterling-integration-api/src/services/order-service.ts:638:41)\n' +
    '    at handle (/home/ibrahim/apps/sterling-integration-api/src/tasks/update-order-task.ts:22:28)\n' +
    '    at Task.handleOverLapping (/home/ibrahim/apps/sterling-integration-api/src/tasks/task.ts:87:17)',
  message: "Cannot read properties of undefined (reading 'access_token')",
  error: TypeError: Cannot read properties of undefined (reading 'access_token')
      at SterlingService.getTokenAsync (/home/ibrahim/apps/sterling-integration-api/src/services/integrations/sterling-service.ts:138:65)
      at processTicksAndRejections (node:internal/process/task_queues:95:5)
      at SterlingService.requestAsync (/home/ibrahim/apps/sterling-integration-api/src/services/integrations/sterling-service.ts:110:21)
      at SterlingService.trackOrderAsync (/home/ibrahim/apps/sterling-integration-api/src/services/integrations/sterling-service.ts:23:49)
      at OrderService.trackSterlingOrders (/home/ibrahim/apps/sterling-integration-api/src/services/order-service.ts:638:41)
      at handle (/home/ibrahim/apps/sterling-integration-api/src/tasks/update-order-task.ts:22:28)
      at Task.handleOverLapping (/home/ibrahim/apps/sterling-integration-api/src/tasks/task.ts:87:17),
  level: 'error',
  timestamp: '2026-05-04 11:26:47'
}
{
  name: 'TypeError',
  stack: "TypeError: Cannot read properties of undefined (reading 'access_token')\n" +
    '    at SterlingService.getTokenAsync (/home/ibrahim/apps/sterling-integration-api/src/services/integrations/sterling-service.ts:138:65)\n' +
    '    at processTicksAndRejections (node:internal/process/task_queues:95:5)\n' +
    '    at SterlingService.requestAsync (/home/ibrahim/apps/sterling-integration-api/src/services/integrations/sterling-service.ts:110:21)\n' +
    '    at SterlingService.trackOrderAsync (/home/ibrahim/apps/sterling-integration-api/src/services/integrations/sterling-service.ts:23:49)\n' +
    '    at OrderService.trackSterlingOrders (/home/ibrahim/apps/sterling-integration-api/src/services/order-service.ts:638:41)\n' +
    '    at handle (/home/ibrahim/apps/sterling-integration-api/src/tasks/update-order-task.ts:22:28)\n' +
    '    at Task.handleOverLapping (/home/ibrahim/apps/sterling-integration-api/src/tasks/task.ts:87:17)',
  message: "Cannot read properties of undefined (reading 'access_token')",
  error: TypeError: Cannot read properties of undefined (reading 'access_token')
      at SterlingService.getTokenAsync (/home/ibrahim/apps/sterling-integration-api/src/services/integrations/sterling-service.ts:138:65)
      at processTicksAndRejections (node:internal/process/task_queues:95:5)
      at SterlingService.requestAsync (/home/ibrahim/apps/sterling-integration-api/src/services/integrations/sterling-service.ts:110:21)
      at SterlingService.trackOrderAsync (/home/ibrahim/apps/sterling-integration-api/src/services/integrations/sterling-service.ts:23:49)
      at OrderService.trackSterlingOrders (/home/ibrahim/apps/sterling-integration-api/src/services/order-service.ts:638:41)
      at handle (/home/ibrahim/apps/sterling-integration-api/src/tasks/update-order-task.ts:22:28)
      at Task.handleOverLapping (/home/ibrahim/apps/sterling-integration-api/src/tasks/task.ts:87:17),
  level: 'error',
  timestamp: '2026-05-04 11:26:47'
}
{
  name: 'TypeError',
  stack: "TypeError: Cannot read properties of undefined (reading 'access_token')\n" +
    '    at SterlingService.getTokenAsync (/home/ibrahim/apps/sterling-integration-api/src/services/integrations/sterling-service.ts:138:65)\n' +
    '    at processTicksAndRejections (node:internal/process/task_queues:95:5)\n' +
    '    at SterlingService.requestAsync (/home/ibrahim/apps/sterling-integration-api/src/services/integrations/sterling-service.ts:110:21)\n' +
    '    at SterlingService.trackOrderAsync (/home/ibrahim/apps/sterling-integration-api/src/services/integrations/sterling-service.ts:23:49)\n' +
    '    at OrderService.trackSterlingOrders (/home/ibrahim/apps/sterling-integration-api/src/services/order-service.ts:638:41)\n' +
    '    at handle (/home/ibrahim/apps/sterling-integration-api/src/tasks/update-order-task.ts:22:28)\n' +
    '    at Task.handleOverLapping (/home/ibrahim/apps/sterling-integration-api/src/tasks/task.ts:87:17)',
  message: "Cannot read properties of undefined (reading 'access_token')",
  error: TypeError: Cannot read properties of undefined (reading 'access_token')
      at SterlingService.getTokenAsync (/home/ibrahim/apps/sterling-integration-api/src/services/integrations/sterling-service.ts:138:65)
      at processTicksAndRejections (node:internal/process/task_queues:95:5)
      at SterlingService.requestAsync (/home/ibrahim/apps/sterling-integration-api/src/services/integrations/sterling-service.ts:110:21)
      at SterlingService.trackOrderAsync (/home/ibrahim/apps/sterling-integration-api/src/services/integrations/sterling-service.ts:23:49)
      at OrderService.trackSterlingOrders (/home/ibrahim/apps/sterling-integration-api/src/services/order-service.ts:638:41)
      at handle (/home/ibrahim/apps/sterling-integration-api/src/tasks/update-order-task.ts:22:28)
      at Task.handleOverLapping (/home/ibrahim/apps/sterling-integration-api/src/tasks/task.ts:87:17),
  level: 'error',
  timestamp: '2026-05-04 11:26:47'
}
{
  name: 'TypeError',
  stack: "TypeError: Cannot read properties of undefined (reading 'access_token')\n" +
    '    at SterlingService.getTokenAsync (/home/ibrahim/apps/sterling-integration-api/src/services/integrations/sterling-service.ts:138:65)\n' +
    '    at processTicksAndRejections (node:internal/process/task_queues:95:5)\n' +
    '    at SterlingService.requestAsync (/home/ibrahim/apps/sterling-integration-api/src/services/integrations/sterling-service.ts:110:21)\n' +
    '    at SterlingService.trackOrderAsync (/home/ibrahim/apps/sterling-integration-api/src/services/integrations/sterling-service.ts:23:49)\n' +
    '    at OrderService.trackSterlingOrders (/home/ibrahim/apps/sterling-integration-api/src/services/order-service.ts:638:41)\n' +
    '    at handle (/home/ibrahim/apps/sterling-integration-api/src/tasks/update-order-task.ts:22:28)\n' +
    '    at Task.handleOverLapping (/home/ibrahim/apps/sterling-integration-api/src/tasks/task.ts:87:17)',
  message: "Cannot read properties of undefined (reading 'access_token')",
  error: TypeError: Cannot read properties of undefined (reading 'access_token')
      at SterlingService.getTokenAsync (/home/ibrahim/apps/sterling-integration-api/src/services/integrations/sterling-service.ts:138:65)
      at processTicksAndRejections (node:internal/process/task_queues:95:5)
      at SterlingService.requestAsync (/home/ibrahim/apps/sterling-integration-api/src/services/integrations/sterling-service.ts:110:21)
      at SterlingService.trackOrderAsync (/home/ibrahim/apps/sterling-integration-api/src/services/integrations/sterling-service.ts:23:49)
      at OrderService.trackSterlingOrders (/home/ibrahim/apps/sterling-integration-api/src/services/order-service.ts:638:41)
      at handle (/home/ibrahim/apps/sterling-integration-api/src/tasks/update-order-task.ts:22:28)
      at Task.handleOverLapping (/home/ibrahim/apps/sterling-integration-api/src/tasks/task.ts:87:17),
  level: 'error',
  timestamp: '2026-05-04 11:26:47'
}
{
  name: 'TypeError',
  stack: "TypeError: Cannot read properties of undefined (reading 'access_token')\n" +
    '    at SterlingService.getTokenAsync (/home/ibrahim/apps/sterling-integration-api/src/services/integrations/sterling-service.ts:138:65)\n' +
    '    at processTicksAndRejections (node:internal/process/task_queues:95:5)\n' +
    '    at SterlingService.requestAsync (/home/ibrahim/apps/sterling-integration-api/src/services/integrations/sterling-service.ts:110:21)\n' +
    '    at SterlingService.trackOrderAsync (/home/ibrahim/apps/sterling-integration-api/src/services/integrations/sterling-service.ts:23:49)\n' +
    '    at OrderService.trackSterlingOrders (/home/ibrahim/apps/sterling-integration-api/src/services/order-service.ts:638:41)\n' +
    '    at handle (/home/ibrahim/apps/sterling-integration-api/src/tasks/update-order-task.ts:22:28)\n' +
    '    at Task.handleOverLapping (/home/ibrahim/apps/sterling-integration-api/src/tasks/task.ts:87:17)',
  message: "Cannot read properties of undefined (reading 'access_token')",
  error: TypeError: Cannot read properties of undefined (reading 'access_token')
      at SterlingService.getTokenAsync (/home/ibrahim/apps/sterling-integration-api/src/services/integrations/sterling-service.ts:138:65)
      at processTicksAndRejections (node:internal/process/task_queues:95:5)
      at SterlingService.requestAsync (/home/ibrahim/apps/sterling-integration-api/src/services/integrations/sterling-service.ts:110:21)
      at SterlingService.trackOrderAsync (/home/ibrahim/apps/sterling-integration-api/src/services/integrations/sterling-service.ts:23:49)
      at OrderService.trackSterlingOrders (/home/ibrahim/apps/sterling-integration-api/src/services/order-service.ts:638:41)
      at handle (/home/ibrahim/apps/sterling-integration-api/src/tasks/update-order-task.ts:22:28)
      at Task.handleOverLapping (/home/ibrahim/apps/sterling-integration-api/src/tasks/task.ts:87:17),
  level: 'error',
  timestamp: '2026-05-04 11:26:48'
}
{
  name: 'TypeError',
  stack: "TypeError: Cannot read properties of undefined (reading 'access_token')\n" +
    '    at SterlingService.getTokenAsync (/home/ibrahim/apps/sterling-integration-api/src/services/integrations/sterling-service.ts:138:65)\n' +
    '    at processTicksAndRejections (node:internal/process/task_queues:95:5)\n' +
    '    at SterlingService.requestAsync (/home/ibrahim/apps/sterling-integration-api/src/services/integrations/sterling-service.ts:110:21)\n' +
    '    at SterlingService.trackOrderAsync (/home/ibrahim/apps/sterling-integration-api/src/services/integrations/sterling-service.ts:23:49)\n' +
    '    at OrderService.trackSterlingOrders (/home/ibrahim/apps/sterling-integration-api/src/services/order-service.ts:638:41)\n' +
    '    at handle (/home/ibrahim/apps/sterling-integration-api/src/tasks/update-order-task.ts:22:28)\n' +
    '    at Task.handleOverLapping (/home/ibrahim/apps/sterling-integration-api/src/tasks/task.ts:87:17)',
  message: "Cannot read properties of undefined (reading 'access_token')",
  error: TypeError: Cannot read properties of undefined (reading 'access_token')
      at SterlingService.getTokenAsync (/home/ibrahim/apps/sterling-integration-api/src/services/integrations/sterling-service.ts:138:65)
      at processTicksAndRejections (node:internal/process/task_queues:95:5)
      at SterlingService.requestAsync (/home/ibrahim/apps/sterling-integration-api/src/services/integrations/sterling-service.ts:110:21)
      at SterlingService.trackOrderAsync (/home/ibrahim/apps/sterling-integration-api/src/services/integrations/sterling-service.ts:23:49)
      at OrderService.trackSterlingOrders (/home/ibrahim/apps/sterling-integration-api/src/services/order-service.ts:638:41)
      at handle (/home/ibrahim/apps/sterling-integration-api/src/tasks/update-order-task.ts:22:28)
      at Task.handleOverLapping (/home/ibrahim/apps/sterling-integration-api/src/tasks/task.ts:87:17),
  level: 'error',
  timestamp: '2026-05-04 11:26:48'
}
{
  name: 'TypeError',
  stack: "TypeError: Cannot read properties of undefined (reading 'access_token')\n" +
    '    at SterlingService.getTokenAsync (/home/ibrahim/apps/sterling-integration-api/src/services/integrations/sterling-service.ts:138:65)\n' +
    '    at processTicksAndRejections (node:internal/process/task_queues:95:5)\n' +
    '    at SterlingService.requestAsync (/home/ibrahim/apps/sterling-integration-api/src/services/integrations/sterling-service.ts:110:21)\n' +
    '    at SterlingService.trackOrderAsync (/home/ibrahim/apps/sterling-integration-api/src/services/integrations/sterling-service.ts:23:49)\n' +
    '    at OrderService.trackSterlingOrders (/home/ibrahim/apps/sterling-integration-api/src/services/order-service.ts:638:41)\n' +
    '    at handle (/home/ibrahim/apps/sterling-integration-api/src/tasks/update-order-task.ts:22:28)\n' +
    '    at Task.handleOverLapping (/home/ibrahim/apps/sterling-integration-api/src/tasks/task.ts:87:17)',
  message: "Cannot read properties of undefined (reading 'access_token')",
  error: TypeError: Cannot read properties of undefined (reading 'access_token')
      at SterlingService.getTokenAsync (/home/ibrahim/apps/sterling-integration-api/src/services/integrations/sterling-service.ts:138:65)
      at processTicksAndRejections (node:internal/process/task_queues:95:5)
      at SterlingService.requestAsync (/home/ibrahim/apps/sterling-integration-api/src/services/integrations/sterling-service.ts:110:21)
      at SterlingService.trackOrderAsync (/home/ibrahim/apps/sterling-integration-api/src/services/integrations/sterling-service.ts:23:49)
      at OrderService.trackSterlingOrders (/home/ibrahim/apps/sterling-integration-api/src/services/order-service.ts:638:41)
      at handle (/home/ibrahim/apps/sterling-integration-api/src/tasks/update-order-task.ts:22:28)
      at Task.handleOverLapping (/home/ibrahim/apps/sterling-integration-api/src/tasks/task.ts:87:17),
  level: 'error',
  timestamp: '2026-05-04 11:26:48'
}
{
  name: 'TypeError',
  stack: "TypeError: Cannot read properties of undefined (reading 'access_token')\n" +
    '    at SterlingService.getTokenAsync (/home/ibrahim/apps/sterling-integration-api/src/services/integrations/sterling-service.ts:138:65)\n' +
    '    at processTicksAndRejections (node:internal/process/task_queues:95:5)\n' +
    '    at SterlingService.requestAsync (/home/ibrahim/apps/sterling-integration-api/src/services/integrations/sterling-service.ts:110:21)\n' +
    '    at SterlingService.trackOrderAsync (/home/ibrahim/apps/sterling-integration-api/src/services/integrations/sterling-service.ts:23:49)\n' +
    '    at OrderService.trackSterlingOrders (/home/ibrahim/apps/sterling-integration-api/src/services/order-service.ts:638:41)\n' +
    '    at handle (/home/ibrahim/apps/sterling-integration-api/src/tasks/update-order-task.ts:22:28)\n' +
    '    at Task.handleOverLapping (/home/ibrahim/apps/sterling-integration-api/src/tasks/task.ts:87:17)',
  message: "Cannot read properties of undefined (reading 'access_token')",
  error: TypeError: Cannot read properties of undefined (reading 'access_token')
      at SterlingService.getTokenAsync (/home/ibrahim/apps/sterling-integration-api/src/services/integrations/sterling-service.ts:138:65)
      at processTicksAndRejections (node:internal/process/task_queues:95:5)
      at SterlingService.requestAsync (/home/ibrahim/apps/sterling-integration-api/src/services/integrations/sterling-service.ts:110:21)
      at SterlingService.trackOrderAsync (/home/ibrahim/apps/sterling-integration-api/src/services/integrations/sterling-service.ts:23:49)
      at OrderService.trackSterlingOrders (/home/ibrahim/apps/sterling-integration-api/src/services/order-service.ts:638:41)
      at handle (/home/ibrahim/apps/sterling-integration-api/src/tasks/update-order-task.ts:22:28)
      at Task.handleOverLapping (/home/ibrahim/apps/sterling-integration-api/src/tasks/task.ts:87:17),
  level: 'error',
  timestamp: '2026-05-04 11:26:48'
}
{
  name: 'TypeError',
  stack: "TypeError: Cannot read properties of undefined (reading 'access_token')\n" +
    '    at SterlingService.getTokenAsync (/home/ibrahim/apps/sterling-integration-api/src/services/integrations/sterling-service.ts:138:65)\n' +
    '    at processTicksAndRejections (node:internal/process/task_queues:95:5)\n' +
    '    at SterlingService.requestAsync (/home/ibrahim/apps/sterling-integration-api/src/services/integrations/sterling-service.ts:110:21)\n' +
    '    at SterlingService.trackOrderAsync (/home/ibrahim/apps/sterling-integration-api/src/services/integrations/sterling-service.ts:23:49)\n' +
    '    at OrderService.trackSterlingOrders (/home/ibrahim/apps/sterling-integration-api/src/services/order-service.ts:638:41)\n' +
    '    at handle (/home/ibrahim/apps/sterling-integration-api/src/tasks/update-order-task.ts:22:28)\n' +
    '    at Task.handleOverLapping (/home/ibrahim/apps/sterling-integration-api/src/tasks/task.ts:87:17)',
  message: "Cannot read properties of undefined (reading 'access_token')",
  error: TypeError: Cannot read properties of undefined (reading 'access_token')
      at SterlingService.getTokenAsync (/home/ibrahim/apps/sterling-integration-api/src/services/integrations/sterling-service.ts:138:65)
      at processTicksAndRejections (node:internal/process/task_queues:95:5)
      at SterlingService.requestAsync (/home/ibrahim/apps/sterling-integration-api/src/services/integrations/sterling-service.ts:110:21)
      at SterlingService.trackOrderAsync (/home/ibrahim/apps/sterling-integration-api/src/services/integrations/sterling-service.ts:23:49)
      at OrderService.trackSterlingOrders (/home/ibrahim/apps/sterling-integration-api/src/services/order-service.ts:638:41)
      at handle (/home/ibrahim/apps/sterling-integration-api/src/tasks/update-order-task.ts:22:28)
      at Task.handleOverLapping (/home/ibrahim/apps/sterling-integration-api/src/tasks/task.ts:87:17),
  level: 'error',
  timestamp: '2026-05-04 11:26:48'
}
{
  name: 'TypeError',
  stack: "TypeError: Cannot read properties of undefined (reading 'access_token')\n" +
    '    at SterlingService.getTokenAsync (/home/ibrahim/apps/sterling-integration-api/src/services/integrations/sterling-service.ts:138:65)\n' +
    '    at processTicksAndRejections (node:internal/process/task_queues:95:5)\n' +
    '    at SterlingService.requestAsync (/home/ibrahim/apps/sterling-integration-api/src/services/integrations/sterling-service.ts:110:21)\n' +
    '    at SterlingService.trackOrderAsync (/home/ibrahim/apps/sterling-integration-api/src/services/integrations/sterling-service.ts:23:49)\n' +
    '    at OrderService.trackSterlingOrders (/home/ibrahim/apps/sterling-integration-api/src/services/order-service.ts:638:41)\n' +
    '    at handle (/home/ibrahim/apps/sterling-integration-api/src/tasks/update-order-task.ts:22:28)\n' +
    '    at Task.handleOverLapping (/home/ibrahim/apps/sterling-integration-api/src/tasks/task.ts:87:17)',
  message: "Cannot read properties of undefined (reading 'access_token')",
  error: TypeError: Cannot read properties of undefined (reading 'access_token')
      at SterlingService.getTokenAsync (/home/ibrahim/apps/sterling-integration-api/src/services/integrations/sterling-service.ts:138:65)
      at processTicksAndRejections (node:internal/process/task_queues:95:5)
      at SterlingService.requestAsync (/home/ibrahim/apps/sterling-integration-api/src/services/integrations/sterling-service.ts:110:21)
      at SterlingService.trackOrderAsync (/home/ibrahim/apps/sterling-integration-api/src/services/integrations/sterling-service.ts:23:49)
      at OrderService.trackSterlingOrders (/home/ibrahim/apps/sterling-integration-api/src/services/order-service.ts:638:41)
      at handle (/home/ibrahim/apps/sterling-integration-api/src/tasks/update-order-task.ts:22:28)
      at Task.handleOverLapping (/home/ibrahim/apps/sterling-integration-api/src/tasks/task.ts:87:17),
  level: 'error',
  timestamp: '2026-05-04 11:26:48'
}
{
  name: 'TypeError',
  stack: "TypeError: Cannot read properties of undefined (reading 'access_token')\n" +
    '    at SterlingService.getTokenAsync (/home/ibrahim/apps/sterling-integration-api/src/services/integrations/sterling-service.ts:138:65)\n' +
    '    at processTicksAndRejections (node:internal/process/task_queues:95:5)\n' +
    '    at SterlingService.requestAsync (/home/ibrahim/apps/sterling-integration-api/src/services/integrations/sterling-service.ts:110:21)\n' +
    '    at SterlingService.trackOrderAsync (/home/ibrahim/apps/sterling-integration-api/src/services/integrations/sterling-service.ts:23:49)\n' +
    '    at OrderService.trackSterlingOrders (/home/ibrahim/apps/sterling-integration-api/src/services/order-service.ts:638:41)\n' +
    '    at handle (/home/ibrahim/apps/sterling-integration-api/src/tasks/update-order-task.ts:22:28)\n' +
    '    at Task.handleOverLapping (/home/ibrahim/apps/sterling-integration-api/src/tasks/task.ts:87:17)',
  message: "Cannot read properties of undefined (reading 'access_token')",
  error: TypeError: Cannot read properties of undefined (reading 'access_token')
      at SterlingService.getTokenAsync (/home/ibrahim/apps/sterling-integration-api/src/services/integrations/sterling-service.ts:138:65)
      at processTicksAndRejections (node:internal/process/task_queues:95:5)
      at SterlingService.requestAsync (/home/ibrahim/apps/sterling-integration-api/src/services/integrations/sterling-service.ts:110:21)
      at SterlingService.trackOrderAsync (/home/ibrahim/apps/sterling-integration-api/src/services/integrations/sterling-service.ts:23:49)
      at OrderService.trackSterlingOrders (/home/ibrahim/apps/sterling-integration-api/src/services/order-service.ts:638:41)
      at handle (/home/ibrahim/apps/sterling-integration-api/src/tasks/update-order-task.ts:22:28)
      at Task.handleOverLapping (/home/ibrahim/apps/sterling-integration-api/src/tasks/task.ts:87:17),
  level: 'error',
  timestamp: '2026-05-04 11:26:48'
}
{
  name: 'TypeError',
  stack: "TypeError: Cannot read properties of undefined (reading 'access_token')\n" +
    '    at SterlingService.getTokenAsync (/home/ibrahim/apps/sterling-integration-api/src/services/integrations/sterling-service.ts:138:65)\n' +
    '    at processTicksAndRejections (node:internal/process/task_queues:95:5)\n' +
    '    at SterlingService.requestAsync (/home/ibrahim/apps/sterling-integration-api/src/services/integrations/sterling-service.ts:110:21)\n' +
    '    at SterlingService.trackOrderAsync (/home/ibrahim/apps/sterling-integration-api/src/services/integrations/sterling-service.ts:23:49)\n' +
    '    at OrderService.trackSterlingOrders (/home/ibrahim/apps/sterling-integration-api/src/services/order-service.ts:638:41)\n' +
    '    at handle (/home/ibrahim/apps/sterling-integration-api/src/tasks/update-order-task.ts:22:28)\n' +
    '    at Task.handleOverLapping (/home/ibrahim/apps/sterling-integration-api/src/tasks/task.ts:87:17)',
  message: "Cannot read properties of undefined (reading 'access_token')",
  error: TypeError: Cannot read properties of undefined (reading 'access_token')
      at SterlingService.getTokenAsync (/home/ibrahim/apps/sterling-integration-api/src/services/integrations/sterling-service.ts:138:65)
      at processTicksAndRejections (node:internal/process/task_queues:95:5)
      at SterlingService.requestAsync (/home/ibrahim/apps/sterling-integration-api/src/services/integrations/sterling-service.ts:110:21)
      at SterlingService.trackOrderAsync (/home/ibrahim/apps/sterling-integration-api/src/services/integrations/sterling-service.ts:23:49)
      at OrderService.trackSterlingOrders (/home/ibrahim/apps/sterling-integration-api/src/services/order-service.ts:638:41)
      at handle (/home/ibrahim/apps/sterling-integration-api/src/tasks/update-order-task.ts:22:28)
      at Task.handleOverLapping (/home/ibrahim/apps/sterling-integration-api/src/tasks/task.ts:87:17),
  level: 'error',
  timestamp: '2026-05-04 11:26:48'
}
{
  name: 'TypeError',
  stack: "TypeError: Cannot read properties of undefined (reading 'access_token')\n" +
    '    at SterlingService.getTokenAsync (/home/ibrahim/apps/sterling-integration-api/src/services/integrations/sterling-service.ts:138:65)\n' +
    '    at processTicksAndRejections (node:internal/process/task_queues:95:5)\n' +
    '    at SterlingService.requestAsync (/home/ibrahim/apps/sterling-integration-api/src/services/integrations/sterling-service.ts:110:21)\n' +
    '    at SterlingService.trackOrderAsync (/home/ibrahim/apps/sterling-integration-api/src/services/integrations/sterling-service.ts:23:49)\n' +
    '    at OrderService.trackSterlingOrders (/home/ibrahim/apps/sterling-integration-api/src/services/order-service.ts:638:41)\n' +
    '    at handle (/home/ibrahim/apps/sterling-integration-api/src/tasks/update-order-task.ts:22:28)\n' +
    '    at Task.handleOverLapping (/home/ibrahim/apps/sterling-integration-api/src/tasks/task.ts:87:17)',
  message: "Cannot read properties of undefined (reading 'access_token')",
  error: TypeError: Cannot read properties of undefined (reading 'access_token')
      at SterlingService.getTokenAsync (/home/ibrahim/apps/sterling-integration-api/src/services/integrations/sterling-service.ts:138:65)
      at processTicksAndRejections (node:internal/process/task_queues:95:5)
      at SterlingService.requestAsync (/home/ibrahim/apps/sterling-integration-api/src/services/integrations/sterling-service.ts:110:21)
      at SterlingService.trackOrderAsync (/home/ibrahim/apps/sterling-integration-api/src/services/integrations/sterling-service.ts:23:49)
      at OrderService.trackSterlingOrders (/home/ibrahim/apps/sterling-integration-api/src/services/order-service.ts:638:41)
      at handle (/home/ibrahim/apps/sterling-integration-api/src/tasks/update-order-task.ts:22:28)
      at Task.handleOverLapping (/home/ibrahim/apps/sterling-integration-api/src/tasks/task.ts:87:17),
  level: 'error',
  timestamp: '2026-05-04 11:26:48'
}
{
  name: 'TypeError',
  stack: "TypeError: Cannot read properties of undefined (reading 'access_token')\n" +
    '    at SterlingService.getTokenAsync (/home/ibrahim/apps/sterling-integration-api/src/services/integrations/sterling-service.ts:138:65)\n' +
    '    at processTicksAndRejections (node:internal/process/task_queues:95:5)\n' +
    '    at SterlingService.requestAsync (/home/ibrahim/apps/sterling-integration-api/src/services/integrations/sterling-service.ts:110:21)\n' +
    '    at SterlingService.trackOrderAsync (/home/ibrahim/apps/sterling-integration-api/src/services/integrations/sterling-service.ts:23:49)\n' +
    '    at OrderService.trackSterlingOrders (/home/ibrahim/apps/sterling-integration-api/src/services/order-service.ts:638:41)\n' +
    '    at handle (/home/ibrahim/apps/sterling-integration-api/src/tasks/update-order-task.ts:22:28)\n' +
    '    at Task.handleOverLapping (/home/ibrahim/apps/sterling-integration-api/src/tasks/task.ts:87:17)',
  message: "Cannot read properties of undefined (reading 'access_token')",
  error: TypeError: Cannot read properties of undefined (reading 'access_token')
      at SterlingService.getTokenAsync (/home/ibrahim/apps/sterling-integration-api/src/services/integrations/sterling-service.ts:138:65)
      at processTicksAndRejections (node:internal/process/task_queues:95:5)
      at SterlingService.requestAsync (/home/ibrahim/apps/sterling-integration-api/src/services/integrations/sterling-service.ts:110:21)
      at SterlingService.trackOrderAsync (/home/ibrahim/apps/sterling-integration-api/src/services/integrations/sterling-service.ts:23:49)
      at OrderService.trackSterlingOrders (/home/ibrahim/apps/sterling-integration-api/src/services/order-service.ts:638:41)
      at handle (/home/ibrahim/apps/sterling-integration-api/src/tasks/update-order-task.ts:22:28)
      at Task.handleOverLapping (/home/ibrahim/apps/sterling-integration-api/src/tasks/task.ts:87:17),
  level: 'error',
  timestamp: '2026-05-04 11:26:49'
}
{
  name: 'TypeError',
  stack: "TypeError: Cannot read properties of undefined (reading 'access_token')\n" +
    '    at SterlingService.getTokenAsync (/home/ibrahim/apps/sterling-integration-api/src/services/integrations/sterling-service.ts:138:65)\n' +
    '    at processTicksAndRejections (node:internal/process/task_queues:95:5)\n' +
    '    at SterlingService.requestAsync (/home/ibrahim/apps/sterling-integration-api/src/services/integrations/sterling-service.ts:110:21)\n' +
    '    at SterlingService.trackOrderAsync (/home/ibrahim/apps/sterling-integration-api/src/services/integrations/sterling-service.ts:23:49)\n' +
    '    at OrderService.trackSterlingOrders (/home/ibrahim/apps/sterling-integration-api/src/services/order-service.ts:638:41)\n' +
    '    at handle (/home/ibrahim/apps/sterling-integration-api/src/tasks/update-order-task.ts:22:28)\n' +
    '    at Task.handleOverLapping (/home/ibrahim/apps/sterling-integration-api/src/tasks/task.ts:87:17)',
  message: "Cannot read properties of undefined (reading 'access_token')",
  error: TypeError: Cannot read properties of undefined (reading 'access_token')
      at SterlingService.getTokenAsync (/home/ibrahim/apps/sterling-integration-api/src/services/integrations/sterling-service.ts:138:65)
      at processTicksAndRejections (node:internal/process/task_queues:95:5)
      at SterlingService.requestAsync (/home/ibrahim/apps/sterling-integration-api/src/services/integrations/sterling-service.ts:110:21)
      at SterlingService.trackOrderAsync (/home/ibrahim/apps/sterling-integration-api/src/services/integrations/sterling-service.ts:23:49)
      at OrderService.trackSterlingOrders (/home/ibrahim/apps/sterling-integration-api/src/services/order-service.ts:638:41)
      at handle (/home/ibrahim/apps/sterling-integration-api/src/tasks/update-order-task.ts:22:28)
      at Task.handleOverLapping (/home/ibrahim/apps/sterling-integration-api/src/tasks/task.ts:87:17),
  level: 'error',
  timestamp: '2026-05-04 11:26:49'
}
{
  name: 'TypeError',
  stack: "TypeError: Cannot read properties of undefined (reading 'access_token')\n" +
    '    at SterlingService.getTokenAsync (/home/ibrahim/apps/sterling-integration-api/src/services/integrations/sterling-service.ts:138:65)\n' +
    '    at processTicksAndRejections (node:internal/process/task_queues:95:5)\n' +
    '    at SterlingService.requestAsync (/home/ibrahim/apps/sterling-integration-api/src/services/integrations/sterling-service.ts:110:21)\n' +
    '    at SterlingService.trackOrderAsync (/home/ibrahim/apps/sterling-integration-api/src/services/integrations/sterling-service.ts:23:49)\n' +
    '    at OrderService.trackSterlingOrders (/home/ibrahim/apps/sterling-integration-api/src/services/order-service.ts:638:41)\n' +
    '    at handle (/home/ibrahim/apps/sterling-integration-api/src/tasks/update-order-task.ts:22:28)\n' +
    '    at Task.handleOverLapping (/home/ibrahim/apps/sterling-integration-api/src/tasks/task.ts:87:17)',
  message: "Cannot read properties of undefined (reading 'access_token')",
  error: TypeError: Cannot read properties of undefined (reading 'access_token')
      at SterlingService.getTokenAsync (/home/ibrahim/apps/sterling-integration-api/src/services/integrations/sterling-service.ts:138:65)
      at processTicksAndRejections (node:internal/process/task_queues:95:5)
      at SterlingService.requestAsync (/home/ibrahim/apps/sterling-integration-api/src/services/integrations/sterling-service.ts:110:21)
      at SterlingService.trackOrderAsync (/home/ibrahim/apps/sterling-integration-api/src/services/integrations/sterling-service.ts:23:49)
      at OrderService.trackSterlingOrders (/home/ibrahim/apps/sterling-integration-api/src/services/order-service.ts:638:41)
      at handle (/home/ibrahim/apps/sterling-integration-api/src/tasks/update-order-task.ts:22:28)
      at Task.handleOverLapping (/home/ibrahim/apps/sterling-integration-api/src/tasks/task.ts:87:17),
  level: 'error',
  timestamp: '2026-05-04 11:26:49'
}
{
  name: 'TypeError',
  stack: "TypeError: Cannot read properties of undefined (reading 'access_token')\n" +
    '    at SterlingService.getTokenAsync (/home/ibrahim/apps/sterling-integration-api/src/services/integrations/sterling-service.ts:138:65)\n' +
    '    at processTicksAndRejections (node:internal/process/task_queues:95:5)\n' +
    '    at SterlingService.requestAsync (/home/ibrahim/apps/sterling-integration-api/src/services/integrations/sterling-service.ts:110:21)\n' +
    '    at SterlingService.trackOrderAsync (/home/ibrahim/apps/sterling-integration-api/src/services/integrations/sterling-service.ts:23:49)\n' +
    '    at OrderService.trackSterlingOrders (/home/ibrahim/apps/sterling-integration-api/src/services/order-service.ts:638:41)\n' +
    '    at handle (/home/ibrahim/apps/sterling-integration-api/src/tasks/update-order-task.ts:22:28)\n' +
    '    at Task.handleOverLapping (/home/ibrahim/apps/sterling-integration-api/src/tasks/task.ts:87:17)',
  message: "Cannot read properties of undefined (reading 'access_token')",
  error: TypeError: Cannot read properties of undefined (reading 'access_token')
      at SterlingService.getTokenAsync (/home/ibrahim/apps/sterling-integration-api/src/services/integrations/sterling-service.ts:138:65)
      at processTicksAndRejections (node:internal/process/task_queues:95:5)
      at SterlingService.requestAsync (/home/ibrahim/apps/sterling-integration-api/src/services/integrations/sterling-service.ts:110:21)
      at SterlingService.trackOrderAsync (/home/ibrahim/apps/sterling-integration-api/src/services/integrations/sterling-service.ts:23:49)
      at OrderService.trackSterlingOrders (/home/ibrahim/apps/sterling-integration-api/src/services/order-service.ts:638:41)
      at handle (/home/ibrahim/apps/sterling-integration-api/src/tasks/update-order-task.ts:22:28)
      at Task.handleOverLapping (/home/ibrahim/apps/sterling-integration-api/src/tasks/task.ts:87:17),
  level: 'error',
  timestamp: '2026-05-04 11:26:49'
}
{
  name: 'TypeError',
  stack: "TypeError: Cannot read properties of undefined (reading 'access_token')\n" +
    '    at SterlingService.getTokenAsync (/home/ibrahim/apps/sterling-integration-api/src/services/integrations/sterling-service.ts:138:65)\n' +
    '    at processTicksAndRejections (node:internal/process/task_queues:95:5)\n' +
    '    at SterlingService.requestAsync (/home/ibrahim/apps/sterling-integration-api/src/services/integrations/sterling-service.ts:110:21)\n' +
    '    at SterlingService.trackOrderAsync (/home/ibrahim/apps/sterling-integration-api/src/services/integrations/sterling-service.ts:23:49)\n' +
    '    at OrderService.trackSterlingOrders (/home/ibrahim/apps/sterling-integration-api/src/services/order-service.ts:638:41)\n' +
    '    at handle (/home/ibrahim/apps/sterling-integration-api/src/tasks/update-order-task.ts:22:28)\n' +
    '    at Task.handleOverLapping (/home/ibrahim/apps/sterling-integration-api/src/tasks/task.ts:87:17)',
  message: "Cannot read properties of undefined (reading 'access_token')",
  error: TypeError: Cannot read properties of undefined (reading 'access_token')
      at SterlingService.getTokenAsync (/home/ibrahim/apps/sterling-integration-api/src/services/integrations/sterling-service.ts:138:65)
      at processTicksAndRejections (node:internal/process/task_queues:95:5)
      at SterlingService.requestAsync (/home/ibrahim/apps/sterling-integration-api/src/services/integrations/sterling-service.ts:110:21)
      at SterlingService.trackOrderAsync (/home/ibrahim/apps/sterling-integration-api/src/services/integrations/sterling-service.ts:23:49)
      at OrderService.trackSterlingOrders (/home/ibrahim/apps/sterling-integration-api/src/services/order-service.ts:638:41)
      at handle (/home/ibrahim/apps/sterling-integration-api/src/tasks/update-order-task.ts:22:28)
      at Task.handleOverLapping (/home/ibrahim/apps/sterling-integration-api/src/tasks/task.ts:87:17),
  level: 'error',
  timestamp: '2026-05-04 11:26:49'
}
{
  name: 'TypeError',
  stack: "TypeError: Cannot read properties of undefined (reading 'access_token')\n" +
    '    at SterlingService.getTokenAsync (/home/ibrahim/apps/sterling-integration-api/src/services/integrations/sterling-service.ts:138:65)\n' +
    '    at processTicksAndRejections (node:internal/process/task_queues:95:5)\n' +
    '    at SterlingService.requestAsync (/home/ibrahim/apps/sterling-integration-api/src/services/integrations/sterling-service.ts:110:21)\n' +
    '    at SterlingService.trackOrderAsync (/home/ibrahim/apps/sterling-integration-api/src/services/integrations/sterling-service.ts:23:49)\n' +
    '    at OrderService.trackSterlingOrders (/home/ibrahim/apps/sterling-integration-api/src/services/order-service.ts:638:41)\n' +
    '    at handle (/home/ibrahim/apps/sterling-integration-api/src/tasks/update-order-task.ts:22:28)\n' +
    '    at Task.handleOverLapping (/home/ibrahim/apps/sterling-integration-api/src/tasks/task.ts:87:17)',
  message: "Cannot read properties of undefined (reading 'access_token')",
  error: TypeError: Cannot read properties of undefined (reading 'access_token')
      at SterlingService.getTokenAsync (/home/ibrahim/apps/sterling-integration-api/src/services/integrations/sterling-service.ts:138:65)
      at processTicksAndRejections (node:internal/process/task_queues:95:5)
      at SterlingService.requestAsync (/home/ibrahim/apps/sterling-integration-api/src/services/integrations/sterling-service.ts:110:21)
      at SterlingService.trackOrderAsync (/home/ibrahim/apps/sterling-integration-api/src/services/integrations/sterling-service.ts:23:49)
      at OrderService.trackSterlingOrders (/home/ibrahim/apps/sterling-integration-api/src/services/order-service.ts:638:41)
      at handle (/home/ibrahim/apps/sterling-integration-api/src/tasks/update-order-task.ts:22:28)
      at Task.handleOverLapping (/home/ibrahim/apps/sterling-integration-api/src/tasks/task.ts:87:17),
  level: 'error',
  timestamp: '2026-05-04 11:26:49'
}
{
  name: 'TypeError',
  stack: "TypeError: Cannot read properties of undefined (reading 'access_token')\n" +
    '    at SterlingService.getTokenAsync (/home/ibrahim/apps/sterling-integration-api/src/services/integrations/sterling-service.ts:138:65)\n' +
    '    at processTicksAndRejections (node:internal/process/task_queues:95:5)\n' +
    '    at SterlingService.requestAsync (/home/ibrahim/apps/sterling-integration-api/src/services/integrations/sterling-service.ts:110:21)\n' +
    '    at SterlingService.trackOrderAsync (/home/ibrahim/apps/sterling-integration-api/src/services/integrations/sterling-service.ts:23:49)\n' +
    '    at OrderService.trackSterlingOrders (/home/ibrahim/apps/sterling-integration-api/src/services/order-service.ts:638:41)\n' +
    '    at handle (/home/ibrahim/apps/sterling-integration-api/src/tasks/update-order-task.ts:22:28)\n' +
    '    at Task.handleOverLapping (/home/ibrahim/apps/sterling-integration-api/src/tasks/task.ts:87:17)',
  message: "Cannot read properties of undefined (reading 'access_token')",
  error: TypeError: Cannot read properties of undefined (reading 'access_token')
      at SterlingService.getTokenAsync (/home/ibrahim/apps/sterling-integration-api/src/services/integrations/sterling-service.ts:138:65)
      at processTicksAndRejections (node:internal/process/task_queues:95:5)
      at SterlingService.requestAsync (/home/ibrahim/apps/sterling-integration-api/src/services/integrations/sterling-service.ts:110:21)
      at SterlingService.trackOrderAsync (/home/ibrahim/apps/sterling-integration-api/src/services/integrations/sterling-service.ts:23:49)
      at OrderService.trackSterlingOrders (/home/ibrahim/apps/sterling-integration-api/src/services/order-service.ts:638:41)
      at handle (/home/ibrahim/apps/sterling-integration-api/src/tasks/update-order-task.ts:22:28)
      at Task.handleOverLapping (/home/ibrahim/apps/sterling-integration-api/src/tasks/task.ts:87:17),
  level: 'error',
  timestamp: '2026-05-04 11:26:49'
}
{
  name: 'TypeError',
  stack: "TypeError: Cannot read properties of undefined (reading 'access_token')\n" +
    '    at SterlingService.getTokenAsync (/home/ibrahim/apps/sterling-integration-api/src/services/integrations/sterling-service.ts:138:65)\n' +
    '    at processTicksAndRejections (node:internal/process/task_queues:95:5)\n' +
    '    at SterlingService.requestAsync (/home/ibrahim/apps/sterling-integration-api/src/services/integrations/sterling-service.ts:110:21)\n' +
    '    at SterlingService.trackOrderAsync (/home/ibrahim/apps/sterling-integration-api/src/services/integrations/sterling-service.ts:23:49)\n' +
    '    at OrderService.trackSterlingOrders (/home/ibrahim/apps/sterling-integration-api/src/services/order-service.ts:638:41)\n' +
    '    at handle (/home/ibrahim/apps/sterling-integration-api/src/tasks/update-order-task.ts:22:28)\n' +
    '    at Task.handleOverLapping (/home/ibrahim/apps/sterling-integration-api/src/tasks/task.ts:87:17)',
  message: "Cannot read properties of undefined (reading 'access_token')",
  error: TypeError: Cannot read properties of undefined (reading 'access_token')
      at SterlingService.getTokenAsync (/home/ibrahim/apps/sterling-integration-api/src/services/integrations/sterling-service.ts:138:65)
      at processTicksAndRejections (node:internal/process/task_queues:95:5)
      at SterlingService.requestAsync (/home/ibrahim/apps/sterling-integration-api/src/services/integrations/sterling-service.ts:110:21)
      at SterlingService.trackOrderAsync (/home/ibrahim/apps/sterling-integration-api/src/services/integrations/sterling-service.ts:23:49)
      at OrderService.trackSterlingOrders (/home/ibrahim/apps/sterling-integration-api/src/services/order-service.ts:638:41)
      at handle (/home/ibrahim/apps/sterling-integration-api/src/tasks/update-order-task.ts:22:28)
      at Task.handleOverLapping (/home/ibrahim/apps/sterling-integration-api/src/tasks/task.ts:87:17),
  level: 'error',
  timestamp: '2026-05-04 11:26:49'
}
{
  name: 'TypeError',
  stack: "TypeError: Cannot read properties of undefined (reading 'access_token')\n" +
    '    at SterlingService.getTokenAsync (/home/ibrahim/apps/sterling-integration-api/src/services/integrations/sterling-service.ts:138:65)\n' +
    '    at processTicksAndRejections (node:internal/process/task_queues:95:5)\n' +
    '    at SterlingService.requestAsync (/home/ibrahim/apps/sterling-integration-api/src/services/integrations/sterling-service.ts:110:21)\n' +
    '    at SterlingService.trackOrderAsync (/home/ibrahim/apps/sterling-integration-api/src/services/integrations/sterling-service.ts:23:49)\n' +
    '    at OrderService.trackSterlingOrders (/home/ibrahim/apps/sterling-integration-api/src/services/order-service.ts:638:41)\n' +
    '    at handle (/home/ibrahim/apps/sterling-integration-api/src/tasks/update-order-task.ts:22:28)\n' +
    '    at Task.handleOverLapping (/home/ibrahim/apps/sterling-integration-api/src/tasks/task.ts:87:17)',
  message: "Cannot read properties of undefined (reading 'access_token')",
  error: TypeError: Cannot read properties of undefined (reading 'access_token')
      at SterlingService.getTokenAsync (/home/ibrahim/apps/sterling-integration-api/src/services/integrations/sterling-service.ts:138:65)
      at processTicksAndRejections (node:internal/process/task_queues:95:5)
      at SterlingService.requestAsync (/home/ibrahim/apps/sterling-integration-api/src/services/integrations/sterling-service.ts:110:21)
      at SterlingService.trackOrderAsync (/home/ibrahim/apps/sterling-integration-api/src/services/integrations/sterling-service.ts:23:49)
      at OrderService.trackSterlingOrders (/home/ibrahim/apps/sterling-integration-api/src/services/order-service.ts:638:41)
      at handle (/home/ibrahim/apps/sterling-integration-api/src/tasks/update-order-task.ts:22:28)
      at Task.handleOverLapping (/home/ibrahim/apps/sterling-integration-api/src/tasks/task.ts:87:17),
  level: 'error',
  timestamp: '2026-05-04 11:26:49'
}
{
  name: 'TypeError',
  stack: "TypeError: Cannot read properties of undefined (reading 'access_token')\n" +
    '    at SterlingService.getTokenAsync (/home/ibrahim/apps/sterling-integration-api/src/services/integrations/sterling-service.ts:138:65)\n' +
    '    at processTicksAndRejections (node:internal/process/task_queues:95:5)\n' +
    '    at SterlingService.requestAsync (/home/ibrahim/apps/sterling-integration-api/src/services/integrations/sterling-service.ts:110:21)\n' +
    '    at SterlingService.trackOrderAsync (/home/ibrahim/apps/sterling-integration-api/src/services/integrations/sterling-service.ts:23:49)\n' +
    '    at OrderService.trackSterlingOrders (/home/ibrahim/apps/sterling-integration-api/src/services/order-service.ts:638:41)\n' +
    '    at handle (/home/ibrahim/apps/sterling-integration-api/src/tasks/update-order-task.ts:22:28)\n' +
    '    at Task.handleOverLapping (/home/ibrahim/apps/sterling-integration-api/src/tasks/task.ts:87:17)',
  message: "Cannot read properties of undefined (reading 'access_token')",
  error: TypeError: Cannot read properties of undefined (reading 'access_token')
      at SterlingService.getTokenAsync (/home/ibrahim/apps/sterling-integration-api/src/services/integrations/sterling-service.ts:138:65)
      at processTicksAndRejections (node:internal/process/task_queues:95:5)
      at SterlingService.requestAsync (/home/ibrahim/apps/sterling-integration-api/src/services/integrations/sterling-service.ts:110:21)
      at SterlingService.trackOrderAsync (/home/ibrahim/apps/sterling-integration-api/src/services/integrations/sterling-service.ts:23:49)
      at OrderService.trackSterlingOrders (/home/ibrahim/apps/sterling-integration-api/src/services/order-service.ts:638:41)
      at handle (/home/ibrahim/apps/sterling-integration-api/src/tasks/update-order-task.ts:22:28)
      at Task.handleOverLapping (/home/ibrahim/apps/sterling-integration-api/src/tasks/task.ts:87:17),
  level: 'error',
  timestamp: '2026-05-04 11:26:50'
}
{
  name: 'TypeError',
  stack: "TypeError: Cannot read properties of undefined (reading 'access_token')\n" +
    '    at SterlingService.getTokenAsync (/home/ibrahim/apps/sterling-integration-api/src/services/integrations/sterling-service.ts:138:65)\n' +
    '    at processTicksAndRejections (node:internal/process/task_queues:95:5)\n' +
    '    at SterlingService.requestAsync (/home/ibrahim/apps/sterling-integration-api/src/services/integrations/sterling-service.ts:110:21)\n' +
    '    at SterlingService.trackOrderAsync (/home/ibrahim/apps/sterling-integration-api/src/services/integrations/sterling-service.ts:23:49)\n' +
    '    at OrderService.trackSterlingOrders (/home/ibrahim/apps/sterling-integration-api/src/services/order-service.ts:638:41)\n' +
    '    at handle (/home/ibrahim/apps/sterling-integration-api/src/tasks/update-order-task.ts:22:28)\n' +
    '    at Task.handleOverLapping (/home/ibrahim/apps/sterling-integration-api/src/tasks/task.ts:87:17)',
  message: "Cannot read properties of undefined (reading 'access_token')",
  error: TypeError: Cannot read properties of undefined (reading 'access_token')
      at SterlingService.getTokenAsync (/home/ibrahim/apps/sterling-integration-api/src/services/integrations/sterling-service.ts:138:65)
      at processTicksAndRejections (node:internal/process/task_queues:95:5)
      at SterlingService.requestAsync (/home/ibrahim/apps/sterling-integration-api/src/services/integrations/sterling-service.ts:110:21)
      at SterlingService.trackOrderAsync (/home/ibrahim/apps/sterling-integration-api/src/services/integrations/sterling-service.ts:23:49)
      at OrderService.trackSterlingOrders (/home/ibrahim/apps/sterling-integration-api/src/services/order-service.ts:638:41)
      at handle (/home/ibrahim/apps/sterling-integration-api/src/tasks/update-order-task.ts:22:28)
      at Task.handleOverLapping (/home/ibrahim/apps/sterling-integration-api/src/tasks/task.ts:87:17),
  level: 'error',
  timestamp: '2026-05-04 11:26:50'
}
{
  name: 'TypeError',
  stack: "TypeError: Cannot read properties of undefined (reading 'access_token')\n" +
    '    at SterlingService.getTokenAsync (/home/ibrahim/apps/sterling-integration-api/src/services/integrations/sterling-service.ts:138:65)\n' +
    '    at processTicksAndRejections (node:internal/process/task_queues:95:5)\n' +
    '    at SterlingService.requestAsync (/home/ibrahim/apps/sterling-integration-api/src/services/integrations/sterling-service.ts:110:21)\n' +
    '    at SterlingService.trackOrderAsync (/home/ibrahim/apps/sterling-integration-api/src/services/integrations/sterling-service.ts:23:49)\n' +
    '    at OrderService.trackSterlingOrders (/home/ibrahim/apps/sterling-integration-api/src/services/order-service.ts:638:41)\n' +
    '    at handle (/home/ibrahim/apps/sterling-integration-api/src/tasks/update-order-task.ts:22:28)\n' +
    '    at Task.handleOverLapping (/home/ibrahim/apps/sterling-integration-api/src/tasks/task.ts:87:17)',
  message: "Cannot read properties of undefined (reading 'access_token')",
  error: TypeError: Cannot read properties of undefined (reading 'access_token')
      at SterlingService.getTokenAsync (/home/ibrahim/apps/sterling-integration-api/src/services/integrations/sterling-service.ts:138:65)
      at processTicksAndRejections (node:internal/process/task_queues:95:5)
      at SterlingService.requestAsync (/home/ibrahim/apps/sterling-integration-api/src/services/integrations/sterling-service.ts:110:21)
      at SterlingService.trackOrderAsync (/home/ibrahim/apps/sterling-integration-api/src/services/integrations/sterling-service.ts:23:49)
      at OrderService.trackSterlingOrders (/home/ibrahim/apps/sterling-integration-api/src/services/order-service.ts:638:41)
      at handle (/home/ibrahim/apps/sterling-integration-api/src/tasks/update-order-task.ts:22:28)
      at Task.handleOverLapping (/home/ibrahim/apps/sterling-integration-api/src/tasks/task.ts:87:17),
  level: 'error',
  timestamp: '2026-05-04 11:26:50'
}
{
  name: 'TypeError',
  stack: "TypeError: Cannot read properties of undefined (reading 'access_token')\n" +
    '    at SterlingService.getTokenAsync (/home/ibrahim/apps/sterling-integration-api/src/services/integrations/sterling-service.ts:138:65)\n' +
    '    at processTicksAndRejections (node:internal/process/task_queues:95:5)\n' +
    '    at SterlingService.requestAsync (/home/ibrahim/apps/sterling-integration-api/src/services/integrations/sterling-service.ts:110:21)\n' +
    '    at SterlingService.trackOrderAsync (/home/ibrahim/apps/sterling-integration-api/src/services/integrations/sterling-service.ts:23:49)\n' +
    '    at OrderService.trackSterlingOrders (/home/ibrahim/apps/sterling-integration-api/src/services/order-service.ts:638:41)\n' +
    '    at handle (/home/ibrahim/apps/sterling-integration-api/src/tasks/update-order-task.ts:22:28)\n' +
    '    at Task.handleOverLapping (/home/ibrahim/apps/sterling-integration-api/src/tasks/task.ts:87:17)',
  message: "Cannot read properties of undefined (reading 'access_token')",
  error: TypeError: Cannot read properties of undefined (reading 'access_token')
      at SterlingService.getTokenAsync (/home/ibrahim/apps/sterling-integration-api/src/services/integrations/sterling-service.ts:138:65)
      at processTicksAndRejections (node:internal/process/task_queues:95:5)
      at SterlingService.requestAsync (/home/ibrahim/apps/sterling-integration-api/src/services/integrations/sterling-service.ts:110:21)
      at SterlingService.trackOrderAsync (/home/ibrahim/apps/sterling-integration-api/src/services/integrations/sterling-service.ts:23:49)
      at OrderService.trackSterlingOrders (/home/ibrahim/apps/sterling-integration-api/src/services/order-service.ts:638:41)
      at handle (/home/ibrahim/apps/sterling-integration-api/src/tasks/update-order-task.ts:22:28)
      at Task.handleOverLapping (/home/ibrahim/apps/sterling-integration-api/src/tasks/task.ts:87:17),
  level: 'error',
  timestamp: '2026-05-04 11:26:50'
}
{
  name: 'TypeError',
  stack: "TypeError: Cannot read properties of undefined (reading 'access_token')\n" +
    '    at SterlingService.getTokenAsync (/home/ibrahim/apps/sterling-integration-api/src/services/integrations/sterling-service.ts:138:65)\n' +
    '    at processTicksAndRejections (node:internal/process/task_queues:95:5)\n' +
    '    at SterlingService.requestAsync (/home/ibrahim/apps/sterling-integration-api/src/services/integrations/sterling-service.ts:110:21)\n' +
    '    at SterlingService.trackOrderAsync (/home/ibrahim/apps/sterling-integration-api/src/services/integrations/sterling-service.ts:23:49)\n' +
    '    at OrderService.trackSterlingOrders (/home/ibrahim/apps/sterling-integration-api/src/services/order-service.ts:638:41)\n' +
    '    at handle (/home/ibrahim/apps/sterling-integration-api/src/tasks/update-order-task.ts:22:28)\n' +
    '    at Task.handleOverLapping (/home/ibrahim/apps/sterling-integration-api/src/tasks/task.ts:87:17)',
  message: "Cannot read properties of undefined (reading 'access_token')",
  error: TypeError: Cannot read properties of undefined (reading 'access_token')
      at SterlingService.getTokenAsync (/home/ibrahim/apps/sterling-integration-api/src/services/integrations/sterling-service.ts:138:65)
      at processTicksAndRejections (node:internal/process/task_queues:95:5)
      at SterlingService.requestAsync (/home/ibrahim/apps/sterling-integration-api/src/services/integrations/sterling-service.ts:110:21)
      at SterlingService.trackOrderAsync (/home/ibrahim/apps/sterling-integration-api/src/services/integrations/sterling-service.ts:23:49)
      at OrderService.trackSterlingOrders (/home/ibrahim/apps/sterling-integration-api/src/services/order-service.ts:638:41)
      at handle (/home/ibrahim/apps/sterling-integration-api/src/tasks/update-order-task.ts:22:28)
      at Task.handleOverLapping (/home/ibrahim/apps/sterling-integration-api/src/tasks/task.ts:87:17),
  level: 'error',
  timestamp: '2026-05-04 11:26:50'
}
{
  name: 'TypeError',
  stack: "TypeError: Cannot read properties of undefined (reading 'access_token')\n" +
    '    at SterlingService.getTokenAsync (/home/ibrahim/apps/sterling-integration-api/src/services/integrations/sterling-service.ts:138:65)\n' +
    '    at processTicksAndRejections (node:internal/process/task_queues:95:5)\n' +
    '    at SterlingService.requestAsync (/home/ibrahim/apps/sterling-integration-api/src/services/integrations/sterling-service.ts:110:21)\n' +
    '    at SterlingService.trackOrderAsync (/home/ibrahim/apps/sterling-integration-api/src/services/integrations/sterling-service.ts:23:49)\n' +
    '    at OrderService.trackSterlingOrders (/home/ibrahim/apps/sterling-integration-api/src/services/order-service.ts:638:41)\n' +
    '    at handle (/home/ibrahim/apps/sterling-integration-api/src/tasks/update-order-task.ts:22:28)\n' +
    '    at Task.handleOverLapping (/home/ibrahim/apps/sterling-integration-api/src/tasks/task.ts:87:17)',
  message: "Cannot read properties of undefined (reading 'access_token')",
  error: TypeError: Cannot read properties of undefined (reading 'access_token')
      at SterlingService.getTokenAsync (/home/ibrahim/apps/sterling-integration-api/src/services/integrations/sterling-service.ts:138:65)
      at processTicksAndRejections (node:internal/process/task_queues:95:5)
      at SterlingService.requestAsync (/home/ibrahim/apps/sterling-integration-api/src/services/integrations/sterling-service.ts:110:21)
      at SterlingService.trackOrderAsync (/home/ibrahim/apps/sterling-integration-api/src/services/integrations/sterling-service.ts:23:49)
      at OrderService.trackSterlingOrders (/home/ibrahim/apps/sterling-integration-api/src/services/order-service.ts:638:41)
      at handle (/home/ibrahim/apps/sterling-integration-api/src/tasks/update-order-task.ts:22:28)
      at Task.handleOverLapping (/home/ibrahim/apps/sterling-integration-api/src/tasks/task.ts:87:17),
  level: 'error',
  timestamp: '2026-05-04 11:26:50'
}
{
  name: 'TypeError',
  stack: "TypeError: Cannot read properties of undefined (reading 'access_token')\n" +
    '    at SterlingService.getTokenAsync (/home/ibrahim/apps/sterling-integration-api/src/services/integrations/sterling-service.ts:138:65)\n' +
    '    at processTicksAndRejections (node:internal/process/task_queues:95:5)\n' +
    '    at SterlingService.requestAsync (/home/ibrahim/apps/sterling-integration-api/src/services/integrations/sterling-service.ts:110:21)\n' +
    '    at SterlingService.trackOrderAsync (/home/ibrahim/apps/sterling-integration-api/src/services/integrations/sterling-service.ts:23:49)\n' +
    '    at OrderService.trackSterlingOrders (/home/ibrahim/apps/sterling-integration-api/src/services/order-service.ts:638:41)\n' +
    '    at handle (/home/ibrahim/apps/sterling-integration-api/src/tasks/update-order-task.ts:22:28)\n' +
    '    at Task.handleOverLapping (/home/ibrahim/apps/sterling-integration-api/src/tasks/task.ts:87:17)',
  message: "Cannot read properties of undefined (reading 'access_token')",
  error: TypeError: Cannot read properties of undefined (reading 'access_token')
      at SterlingService.getTokenAsync (/home/ibrahim/apps/sterling-integration-api/src/services/integrations/sterling-service.ts:138:65)
      at processTicksAndRejections (node:internal/process/task_queues:95:5)
      at SterlingService.requestAsync (/home/ibrahim/apps/sterling-integration-api/src/services/integrations/sterling-service.ts:110:21)
      at SterlingService.trackOrderAsync (/home/ibrahim/apps/sterling-integration-api/src/services/integrations/sterling-service.ts:23:49)
      at OrderService.trackSterlingOrders (/home/ibrahim/apps/sterling-integration-api/src/services/order-service.ts:638:41)
      at handle (/home/ibrahim/apps/sterling-integration-api/src/tasks/update-order-task.ts:22:28)
      at Task.handleOverLapping (/home/ibrahim/apps/sterling-integration-api/src/tasks/task.ts:87:17),
  level: 'error',
  timestamp: '2026-05-04 11:26:50'
}
{
  name: 'TypeError',
  stack: "TypeError: Cannot read properties of undefined (reading 'access_token')\n" +
    '    at SterlingService.getTokenAsync (/home/ibrahim/apps/sterling-integration-api/src/services/integrations/sterling-service.ts:138:65)\n' +
    '    at processTicksAndRejections (node:internal/process/task_queues:95:5)\n' +
    '    at SterlingService.requestAsync (/home/ibrahim/apps/sterling-integration-api/src/services/integrations/sterling-service.ts:110:21)\n' +
    '    at SterlingService.trackOrderAsync (/home/ibrahim/apps/sterling-integration-api/src/services/integrations/sterling-service.ts:23:49)\n' +
    '    at OrderService.trackSterlingOrders (/home/ibrahim/apps/sterling-integration-api/src/services/order-service.ts:638:41)\n' +
    '    at handle (/home/ibrahim/apps/sterling-integration-api/src/tasks/update-order-task.ts:22:28)\n' +
    '    at Task.handleOverLapping (/home/ibrahim/apps/sterling-integration-api/src/tasks/task.ts:87:17)',
  message: "Cannot read properties of undefined (reading 'access_token')",
  error: TypeError: Cannot read properties of undefined (reading 'access_token')
      at SterlingService.getTokenAsync (/home/ibrahim/apps/sterling-integration-api/src/services/integrations/sterling-service.ts:138:65)
      at processTicksAndRejections (node:internal/process/task_queues:95:5)
      at SterlingService.requestAsync (/home/ibrahim/apps/sterling-integration-api/src/services/integrations/sterling-service.ts:110:21)
      at SterlingService.trackOrderAsync (/home/ibrahim/apps/sterling-integration-api/src/services/integrations/sterling-service.ts:23:49)
      at OrderService.trackSterlingOrders (/home/ibrahim/apps/sterling-integration-api/src/services/order-service.ts:638:41)
      at handle (/home/ibrahim/apps/sterling-integration-api/src/tasks/update-order-task.ts:22:28)
      at Task.handleOverLapping (/home/ibrahim/apps/sterling-integration-api/src/tasks/task.ts:87:17),
  level: 'error',
  timestamp: '2026-05-04 11:26:50'
}
{
  name: 'TypeError',
  stack: "TypeError: Cannot read properties of undefined (reading 'access_token')\n" +
    '    at SterlingService.getTokenAsync (/home/ibrahim/apps/sterling-integration-api/src/services/integrations/sterling-service.ts:138:65)\n' +
    '    at processTicksAndRejections (node:internal/process/task_queues:95:5)\n' +
    '    at SterlingService.requestAsync (/home/ibrahim/apps/sterling-integration-api/src/services/integrations/sterling-service.ts:110:21)\n' +
    '    at SterlingService.trackOrderAsync (/home/ibrahim/apps/sterling-integration-api/src/services/integrations/sterling-service.ts:23:49)\n' +
    '    at OrderService.trackSterlingOrders (/home/ibrahim/apps/sterling-integration-api/src/services/order-service.ts:638:41)\n' +
    '    at handle (/home/ibrahim/apps/sterling-integration-api/src/tasks/update-order-task.ts:22:28)\n' +
    '    at Task.handleOverLapping (/home/ibrahim/apps/sterling-integration-api/src/tasks/task.ts:87:17)',
  message: "Cannot read properties of undefined (reading 'access_token')",
  error: TypeError: Cannot read properties of undefined (reading 'access_token')
      at SterlingService.getTokenAsync (/home/ibrahim/apps/sterling-integration-api/src/services/integrations/sterling-service.ts:138:65)
      at processTicksAndRejections (node:internal/process/task_queues:95:5)
      at SterlingService.requestAsync (/home/ibrahim/apps/sterling-integration-api/src/services/integrations/sterling-service.ts:110:21)
      at SterlingService.trackOrderAsync (/home/ibrahim/apps/sterling-integration-api/src/services/integrations/sterling-service.ts:23:49)
      at OrderService.trackSterlingOrders (/home/ibrahim/apps/sterling-integration-api/src/services/order-service.ts:638:41)
      at handle (/home/ibrahim/apps/sterling-integration-api/src/tasks/update-order-task.ts:22:28)
      at Task.handleOverLapping (/home/ibrahim/apps/sterling-integration-api/src/tasks/task.ts:87:17),
  level: 'error',
  timestamp: '2026-05-04 11:26:51'
}
{
  name: 'TypeError',
  stack: "TypeError: Cannot read properties of undefined (reading 'access_token')\n" +
    '    at SterlingService.getTokenAsync (/home/ibrahim/apps/sterling-integration-api/src/services/integrations/sterling-service.ts:138:65)\n' +
    '    at processTicksAndRejections (node:internal/process/task_queues:95:5)\n' +
    '    at SterlingService.requestAsync (/home/ibrahim/apps/sterling-integration-api/src/services/integrations/sterling-service.ts:110:21)\n' +
    '    at SterlingService.trackOrderAsync (/home/ibrahim/apps/sterling-integration-api/src/services/integrations/sterling-service.ts:23:49)\n' +
    '    at OrderService.trackSterlingOrders (/home/ibrahim/apps/sterling-integration-api/src/services/order-service.ts:638:41)\n' +
    '    at handle (/home/ibrahim/apps/sterling-integration-api/src/tasks/update-order-task.ts:22:28)\n' +
    '    at Task.handleOverLapping (/home/ibrahim/apps/sterling-integration-api/src/tasks/task.ts:87:17)',
  message: "Cannot read properties of undefined (reading 'access_token')",
  error: TypeError: Cannot read properties of undefined (reading 'access_token')
      at SterlingService.getTokenAsync (/home/ibrahim/apps/sterling-integration-api/src/services/integrations/sterling-service.ts:138:65)
      at processTicksAndRejections (node:internal/process/task_queues:95:5)
      at SterlingService.requestAsync (/home/ibrahim/apps/sterling-integration-api/src/services/integrations/sterling-service.ts:110:21)
      at SterlingService.trackOrderAsync (/home/ibrahim/apps/sterling-integration-api/src/services/integrations/sterling-service.ts:23:49)
      at OrderService.trackSterlingOrders (/home/ibrahim/apps/sterling-integration-api/src/services/order-service.ts:638:41)
      at handle (/home/ibrahim/apps/sterling-integration-api/src/tasks/update-order-task.ts:22:28)
      at Task.handleOverLapping (/home/ibrahim/apps/sterling-integration-api/src/tasks/task.ts:87:17),
  level: 'error',
  timestamp: '2026-05-04 11:26:51'
}
{
  name: 'TypeError',
  stack: "TypeError: Cannot read properties of undefined (reading 'access_token')\n" +
    '    at SterlingService.getTokenAsync (/home/ibrahim/apps/sterling-integration-api/src/services/integrations/sterling-service.ts:138:65)\n' +
    '    at processTicksAndRejections (node:internal/process/task_queues:95:5)\n' +
    '    at SterlingService.requestAsync (/home/ibrahim/apps/sterling-integration-api/src/services/integrations/sterling-service.ts:110:21)\n' +
    '    at SterlingService.trackOrderAsync (/home/ibrahim/apps/sterling-integration-api/src/services/integrations/sterling-service.ts:23:49)\n' +
    '    at OrderService.trackSterlingOrders (/home/ibrahim/apps/sterling-integration-api/src/services/order-service.ts:638:41)\n' +
    '    at handle (/home/ibrahim/apps/sterling-integration-api/src/tasks/update-order-task.ts:22:28)\n' +
    '    at Task.handleOverLapping (/home/ibrahim/apps/sterling-integration-api/src/tasks/task.ts:87:17)',
  message: "Cannot read properties of undefined (reading 'access_token')",
  error: TypeError: Cannot read properties of undefined (reading 'access_token')
      at SterlingService.getTokenAsync (/home/ibrahim/apps/sterling-integration-api/src/services/integrations/sterling-service.ts:138:65)
      at processTicksAndRejections (node:internal/process/task_queues:95:5)
      at SterlingService.requestAsync (/home/ibrahim/apps/sterling-integration-api/src/services/integrations/sterling-service.ts:110:21)
      at SterlingService.trackOrderAsync (/home/ibrahim/apps/sterling-integration-api/src/services/integrations/sterling-service.ts:23:49)
      at OrderService.trackSterlingOrders (/home/ibrahim/apps/sterling-integration-api/src/services/order-service.ts:638:41)
      at handle (/home/ibrahim/apps/sterling-integration-api/src/tasks/update-order-task.ts:22:28)
      at Task.handleOverLapping (/home/ibrahim/apps/sterling-integration-api/src/tasks/task.ts:87:17),
  level: 'error',
  timestamp: '2026-05-04 11:26:51'
}
{
  name: 'TypeError',
  stack: "TypeError: Cannot read properties of undefined (reading 'access_token')\n" +
    '    at SterlingService.getTokenAsync (/home/ibrahim/apps/sterling-integration-api/src/services/integrations/sterling-service.ts:138:65)\n' +
    '    at processTicksAndRejections (node:internal/process/task_queues:95:5)\n' +
    '    at SterlingService.requestAsync (/home/ibrahim/apps/sterling-integration-api/src/services/integrations/sterling-service.ts:110:21)\n' +
    '    at SterlingService.trackOrderAsync (/home/ibrahim/apps/sterling-integration-api/src/services/integrations/sterling-service.ts:23:49)\n' +
    '    at OrderService.trackSterlingOrders (/home/ibrahim/apps/sterling-integration-api/src/services/order-service.ts:638:41)\n' +
    '    at handle (/home/ibrahim/apps/sterling-integration-api/src/tasks/update-order-task.ts:22:28)\n' +
    '    at Task.handleOverLapping (/home/ibrahim/apps/sterling-integration-api/src/tasks/task.ts:87:17)',
  message: "Cannot read properties of undefined (reading 'access_token')",
  error: TypeError: Cannot read properties of undefined (reading 'access_token')
      at SterlingService.getTokenAsync (/home/ibrahim/apps/sterling-integration-api/src/services/integrations/sterling-service.ts:138:65)
      at processTicksAndRejections (node:internal/process/task_queues:95:5)
      at SterlingService.requestAsync (/home/ibrahim/apps/sterling-integration-api/src/services/integrations/sterling-service.ts:110:21)
      at SterlingService.trackOrderAsync (/home/ibrahim/apps/sterling-integration-api/src/services/integrations/sterling-service.ts:23:49)
      at OrderService.trackSterlingOrders (/home/ibrahim/apps/sterling-integration-api/src/services/order-service.ts:638:41)
      at handle (/home/ibrahim/apps/sterling-integration-api/src/tasks/update-order-task.ts:22:28)
      at Task.handleOverLapping (/home/ibrahim/apps/sterling-integration-api/src/tasks/task.ts:87:17),
  level: 'error',
  timestamp: '2026-05-04 11:26:52'
}
{
  name: 'TypeError',
  stack: "TypeError: Cannot read properties of undefined (reading 'access_token')\n" +
    '    at SterlingService.getTokenAsync (/home/ibrahim/apps/sterling-integration-api/src/services/integrations/sterling-service.ts:138:65)\n' +
    '    at processTicksAndRejections (node:internal/process/task_queues:95:5)\n' +
    '    at SterlingService.requestAsync (/home/ibrahim/apps/sterling-integration-api/src/services/integrations/sterling-service.ts:110:21)\n' +
    '    at SterlingService.trackOrderAsync (/home/ibrahim/apps/sterling-integration-api/src/services/integrations/sterling-service.ts:23:49)\n' +
    '    at OrderService.trackSterlingOrders (/home/ibrahim/apps/sterling-integration-api/src/services/order-service.ts:638:41)\n' +
    '    at handle (/home/ibrahim/apps/sterling-integration-api/src/tasks/update-order-task.ts:22:28)\n' +
    '    at Task.handleOverLapping (/home/ibrahim/apps/sterling-integration-api/src/tasks/task.ts:87:17)',
  message: "Cannot read properties of undefined (reading 'access_token')",
  error: TypeError: Cannot read properties of undefined (reading 'access_token')
      at SterlingService.getTokenAsync (/home/ibrahim/apps/sterling-integration-api/src/services/integrations/sterling-service.ts:138:65)
      at processTicksAndRejections (node:internal/process/task_queues:95:5)
      at SterlingService.requestAsync (/home/ibrahim/apps/sterling-integration-api/src/services/integrations/sterling-service.ts:110:21)
      at SterlingService.trackOrderAsync (/home/ibrahim/apps/sterling-integration-api/src/services/integrations/sterling-service.ts:23:49)
      at OrderService.trackSterlingOrders (/home/ibrahim/apps/sterling-integration-api/src/services/order-service.ts:638:41)
      at handle (/home/ibrahim/apps/sterling-integration-api/src/tasks/update-order-task.ts:22:28)
      at Task.handleOverLapping (/home/ibrahim/apps/sterling-integration-api/src/tasks/task.ts:87:17),
  level: 'error',
  timestamp: '2026-05-04 11:26:52'
}
{
  name: 'TypeError',
  stack: "TypeError: Cannot read properties of undefined (reading 'access_token')\n" +
    '    at SterlingService.getTokenAsync (/home/ibrahim/apps/sterling-integration-api/src/services/integrations/sterling-service.ts:138:65)\n' +
    '    at processTicksAndRejections (node:internal/process/task_queues:95:5)\n' +
    '    at SterlingService.requestAsync (/home/ibrahim/apps/sterling-integration-api/src/services/integrations/sterling-service.ts:110:21)\n' +
    '    at SterlingService.trackOrderAsync (/home/ibrahim/apps/sterling-integration-api/src/services/integrations/sterling-service.ts:23:49)\n' +
    '    at OrderService.trackSterlingOrders (/home/ibrahim/apps/sterling-integration-api/src/services/order-service.ts:638:41)\n' +
    '    at handle (/home/ibrahim/apps/sterling-integration-api/src/tasks/update-order-task.ts:22:28)\n' +
    '    at Task.handleOverLapping (/home/ibrahim/apps/sterling-integration-api/src/tasks/task.ts:87:17)',
  message: "Cannot read properties of undefined (reading 'access_token')",
  error: TypeError: Cannot read properties of undefined (reading 'access_token')
      at SterlingService.getTokenAsync (/home/ibrahim/apps/sterling-integration-api/src/services/integrations/sterling-service.ts:138:65)
      at processTicksAndRejections (node:internal/process/task_queues:95:5)
      at SterlingService.requestAsync (/home/ibrahim/apps/sterling-integration-api/src/services/integrations/sterling-service.ts:110:21)
      at SterlingService.trackOrderAsync (/home/ibrahim/apps/sterling-integration-api/src/services/integrations/sterling-service.ts:23:49)
      at OrderService.trackSterlingOrders (/home/ibrahim/apps/sterling-integration-api/src/services/order-service.ts:638:41)
      at handle (/home/ibrahim/apps/sterling-integration-api/src/tasks/update-order-task.ts:22:28)
      at Task.handleOverLapping (/home/ibrahim/apps/sterling-integration-api/src/tasks/task.ts:87:17),
  level: 'error',
  timestamp: '2026-05-04 11:26:52'
}
{
  name: 'TypeError',
  stack: "TypeError: Cannot read properties of undefined (reading 'access_token')\n" +
    '    at SterlingService.getTokenAsync (/home/ibrahim/apps/sterling-integration-api/src/services/integrations/sterling-service.ts:138:65)\n' +
    '    at processTicksAndRejections (node:internal/process/task_queues:95:5)\n' +
    '    at SterlingService.requestAsync (/home/ibrahim/apps/sterling-integration-api/src/services/integrations/sterling-service.ts:110:21)\n' +
    '    at SterlingService.trackOrderAsync (/home/ibrahim/apps/sterling-integration-api/src/services/integrations/sterling-service.ts:23:49)\n' +
    '    at OrderService.trackSterlingOrders (/home/ibrahim/apps/sterling-integration-api/src/services/order-service.ts:638:41)\n' +
    '    at handle (/home/ibrahim/apps/sterling-integration-api/src/tasks/update-order-task.ts:22:28)\n' +
    '    at Task.handleOverLapping (/home/ibrahim/apps/sterling-integration-api/src/tasks/task.ts:87:17)',
  message: "Cannot read properties of undefined (reading 'access_token')",
  error: TypeError: Cannot read properties of undefined (reading 'access_token')
      at SterlingService.getTokenAsync (/home/ibrahim/apps/sterling-integration-api/src/services/integrations/sterling-service.ts:138:65)
      at processTicksAndRejections (node:internal/process/task_queues:95:5)
      at SterlingService.requestAsync (/home/ibrahim/apps/sterling-integration-api/src/services/integrations/sterling-service.ts:110:21)
      at SterlingService.trackOrderAsync (/home/ibrahim/apps/sterling-integration-api/src/services/integrations/sterling-service.ts:23:49)
      at OrderService.trackSterlingOrders (/home/ibrahim/apps/sterling-integration-api/src/services/order-service.ts:638:41)
      at handle (/home/ibrahim/apps/sterling-integration-api/src/tasks/update-order-task.ts:22:28)
      at Task.handleOverLapping (/home/ibrahim/apps/sterling-integration-api/src/tasks/task.ts:87:17),
  level: 'error',
  timestamp: '2026-05-04 11:26:52'
}
{
  name: 'TypeError',
  stack: "TypeError: Cannot read properties of undefined (reading 'access_token')\n" +
    '    at SterlingService.getTokenAsync (/home/ibrahim/apps/sterling-integration-api/src/services/integrations/sterling-service.ts:138:65)\n' +
    '    at processTicksAndRejections (node:internal/process/task_queues:95:5)\n' +
    '    at SterlingService.requestAsync (/home/ibrahim/apps/sterling-integration-api/src/services/integrations/sterling-service.ts:110:21)\n' +
    '    at SterlingService.trackOrderAsync (/home/ibrahim/apps/sterling-integration-api/src/services/integrations/sterling-service.ts:23:49)\n' +
    '    at OrderService.trackSterlingOrders (/home/ibrahim/apps/sterling-integration-api/src/services/order-service.ts:638:41)\n' +
    '    at handle (/home/ibrahim/apps/sterling-integration-api/src/tasks/update-order-task.ts:22:28)\n' +
    '    at Task.handleOverLapping (/home/ibrahim/apps/sterling-integration-api/src/tasks/task.ts:87:17)',
  message: "Cannot read properties of undefined (reading 'access_token')",
  error: TypeError: Cannot read properties of undefined (reading 'access_token')
      at SterlingService.getTokenAsync (/home/ibrahim/apps/sterling-integration-api/src/services/integrations/sterling-service.ts:138:65)
      at processTicksAndRejections (node:internal/process/task_queues:95:5)
      at SterlingService.requestAsync (/home/ibrahim/apps/sterling-integration-api/src/services/integrations/sterling-service.ts:110:21)
      at SterlingService.trackOrderAsync (/home/ibrahim/apps/sterling-integration-api/src/services/integrations/sterling-service.ts:23:49)
      at OrderService.trackSterlingOrders (/home/ibrahim/apps/sterling-integration-api/src/services/order-service.ts:638:41)
      at handle (/home/ibrahim/apps/sterling-integration-api/src/tasks/update-order-task.ts:22:28)
      at Task.handleOverLapping (/home/ibrahim/apps/sterling-integration-api/src/tasks/task.ts:87:17),
  level: 'error',
  timestamp: '2026-05-04 11:26:52'
}
{
  name: 'TypeError',
  stack: "TypeError: Cannot read properties of undefined (reading 'access_token')\n" +
    '    at SterlingService.getTokenAsync (/home/ibrahim/apps/sterling-integration-api/src/services/integrations/sterling-service.ts:138:65)\n' +
    '    at processTicksAndRejections (node:internal/process/task_queues:95:5)\n' +
    '    at SterlingService.requestAsync (/home/ibrahim/apps/sterling-integration-api/src/services/integrations/sterling-service.ts:110:21)\n' +
    '    at SterlingService.trackOrderAsync (/home/ibrahim/apps/sterling-integration-api/src/services/integrations/sterling-service.ts:23:49)\n' +
    '    at OrderService.trackSterlingOrders (/home/ibrahim/apps/sterling-integration-api/src/services/order-service.ts:638:41)\n' +
    '    at handle (/home/ibrahim/apps/sterling-integration-api/src/tasks/update-order-task.ts:22:28)\n' +
    '    at Task.handleOverLapping (/home/ibrahim/apps/sterling-integration-api/src/tasks/task.ts:87:17)',
  message: "Cannot read properties of undefined (reading 'access_token')",
  error: TypeError: Cannot read properties of undefined (reading 'access_token')
      at SterlingService.getTokenAsync (/home/ibrahim/apps/sterling-integration-api/src/services/integrations/sterling-service.ts:138:65)
      at processTicksAndRejections (node:internal/process/task_queues:95:5)
      at SterlingService.requestAsync (/home/ibrahim/apps/sterling-integration-api/src/services/integrations/sterling-service.ts:110:21)
      at SterlingService.trackOrderAsync (/home/ibrahim/apps/sterling-integration-api/src/services/integrations/sterling-service.ts:23:49)
      at OrderService.trackSterlingOrders (/home/ibrahim/apps/sterling-integration-api/src/services/order-service.ts:638:41)
      at handle (/home/ibrahim/apps/sterling-integration-api/src/tasks/update-order-task.ts:22:28)
      at Task.handleOverLapping (/home/ibrahim/apps/sterling-integration-api/src/tasks/task.ts:87:17),
  level: 'error',
  timestamp: '2026-05-04 11:26:52'
}
{
  name: 'TypeError',
  stack: "TypeError: Cannot read properties of undefined (reading 'access_token')\n" +
    '    at SterlingService.getTokenAsync (/home/ibrahim/apps/sterling-integration-api/src/services/integrations/sterling-service.ts:138:65)\n' +
    '    at processTicksAndRejections (node:internal/process/task_queues:95:5)\n' +
    '    at SterlingService.requestAsync (/home/ibrahim/apps/sterling-integration-api/src/services/integrations/sterling-service.ts:110:21)\n' +
    '    at SterlingService.trackOrderAsync (/home/ibrahim/apps/sterling-integration-api/src/services/integrations/sterling-service.ts:23:49)\n' +
    '    at OrderService.trackSterlingOrders (/home/ibrahim/apps/sterling-integration-api/src/services/order-service.ts:638:41)\n' +
    '    at handle (/home/ibrahim/apps/sterling-integration-api/src/tasks/update-order-task.ts:22:28)\n' +
    '    at Task.handleOverLapping (/home/ibrahim/apps/sterling-integration-api/src/tasks/task.ts:87:17)',
  message: "Cannot read properties of undefined (reading 'access_token')",
  error: TypeError: Cannot read properties of undefined (reading 'access_token')
      at SterlingService.getTokenAsync (/home/ibrahim/apps/sterling-integration-api/src/services/integrations/sterling-service.ts:138:65)
      at processTicksAndRejections (node:internal/process/task_queues:95:5)
      at SterlingService.requestAsync (/home/ibrahim/apps/sterling-integration-api/src/services/integrations/sterling-service.ts:110:21)
      at SterlingService.trackOrderAsync (/home/ibrahim/apps/sterling-integration-api/src/services/integrations/sterling-service.ts:23:49)
      at OrderService.trackSterlingOrders (/home/ibrahim/apps/sterling-integration-api/src/services/order-service.ts:638:41)
      at handle (/home/ibrahim/apps/sterling-integration-api/src/tasks/update-order-task.ts:22:28)
      at Task.handleOverLapping (/home/ibrahim/apps/sterling-integration-api/src/tasks/task.ts:87:17),
  level: 'error',
  timestamp: '2026-05-04 11:26:52'
}
{
  name: 'TypeError',
  stack: "TypeError: Cannot read properties of undefined (reading 'access_token')\n" +
    '    at SterlingService.getTokenAsync (/home/ibrahim/apps/sterling-integration-api/src/services/integrations/sterling-service.ts:138:65)\n' +
    '    at processTicksAndRejections (node:internal/process/task_queues:95:5)\n' +
    '    at SterlingService.requestAsync (/home/ibrahim/apps/sterling-integration-api/src/services/integrations/sterling-service.ts:110:21)\n' +
    '    at SterlingService.trackOrderAsync (/home/ibrahim/apps/sterling-integration-api/src/services/integrations/sterling-service.ts:23:49)\n' +
    '    at OrderService.trackSterlingOrders (/home/ibrahim/apps/sterling-integration-api/src/services/order-service.ts:638:41)\n' +
    '    at handle (/home/ibrahim/apps/sterling-integration-api/src/tasks/update-order-task.ts:22:28)\n' +
    '    at Task.handleOverLapping (/home/ibrahim/apps/sterling-integration-api/src/tasks/task.ts:87:17)',
  message: "Cannot read properties of undefined (reading 'access_token')",
  error: TypeError: Cannot read properties of undefined (reading 'access_token')
      at SterlingService.getTokenAsync (/home/ibrahim/apps/sterling-integration-api/src/services/integrations/sterling-service.ts:138:65)
      at processTicksAndRejections (node:internal/process/task_queues:95:5)
      at SterlingService.requestAsync (/home/ibrahim/apps/sterling-integration-api/src/services/integrations/sterling-service.ts:110:21)
      at SterlingService.trackOrderAsync (/home/ibrahim/apps/sterling-integration-api/src/services/integrations/sterling-service.ts:23:49)
      at OrderService.trackSterlingOrders (/home/ibrahim/apps/sterling-integration-api/src/services/order-service.ts:638:41)
      at handle (/home/ibrahim/apps/sterling-integration-api/src/tasks/update-order-task.ts:22:28)
      at Task.handleOverLapping (/home/ibrahim/apps/sterling-integration-api/src/tasks/task.ts:87:17),
  level: 'error',
  timestamp: '2026-05-04 11:26:53'
}
{
  name: 'TypeError',
  stack: "TypeError: Cannot read properties of undefined (reading 'access_token')\n" +
    '    at SterlingService.getTokenAsync (/home/ibrahim/apps/sterling-integration-api/src/services/integrations/sterling-service.ts:138:65)\n' +
    '    at processTicksAndRejections (node:internal/process/task_queues:95:5)\n' +
    '    at SterlingService.requestAsync (/home/ibrahim/apps/sterling-integration-api/src/services/integrations/sterling-service.ts:110:21)\n' +
    '    at SterlingService.trackOrderAsync (/home/ibrahim/apps/sterling-integration-api/src/services/integrations/sterling-service.ts:23:49)\n' +
    '    at OrderService.trackSterlingOrders (/home/ibrahim/apps/sterling-integration-api/src/services/order-service.ts:638:41)\n' +
    '    at handle (/home/ibrahim/apps/sterling-integration-api/src/tasks/update-order-task.ts:22:28)\n' +
    '    at Task.handleOverLapping (/home/ibrahim/apps/sterling-integration-api/src/tasks/task.ts:87:17)',
  message: "Cannot read properties of undefined (reading 'access_token')",
  error: TypeError: Cannot read properties of undefined (reading 'access_token')
      at SterlingService.getTokenAsync (/home/ibrahim/apps/sterling-integration-api/src/services/integrations/sterling-service.ts:138:65)
      at processTicksAndRejections (node:internal/process/task_queues:95:5)
      at SterlingService.requestAsync (/home/ibrahim/apps/sterling-integration-api/src/services/integrations/sterling-service.ts:110:21)
      at SterlingService.trackOrderAsync (/home/ibrahim/apps/sterling-integration-api/src/services/integrations/sterling-service.ts:23:49)
      at OrderService.trackSterlingOrders (/home/ibrahim/apps/sterling-integration-api/src/services/order-service.ts:638:41)
      at handle (/home/ibrahim/apps/sterling-integration-api/src/tasks/update-order-task.ts:22:28)
      at Task.handleOverLapping (/home/ibrahim/apps/sterling-integration-api/src/tasks/task.ts:87:17),
  level: 'error',
  timestamp: '2026-05-04 11:26:53'
}
{
  name: 'TypeError',
  stack: "TypeError: Cannot read properties of undefined (reading 'access_token')\n" +
    '    at SterlingService.getTokenAsync (/home/ibrahim/apps/sterling-integration-api/src/services/integrations/sterling-service.ts:138:65)\n' +
    '    at processTicksAndRejections (node:internal/process/task_queues:95:5)\n' +
    '    at SterlingService.requestAsync (/home/ibrahim/apps/sterling-integration-api/src/services/integrations/sterling-service.ts:110:21)\n' +
    '    at SterlingService.trackOrderAsync (/home/ibrahim/apps/sterling-integration-api/src/services/integrations/sterling-service.ts:23:49)\n' +
    '    at OrderService.trackSterlingOrders (/home/ibrahim/apps/sterling-integration-api/src/services/order-service.ts:638:41)\n' +
    '    at handle (/home/ibrahim/apps/sterling-integration-api/src/tasks/update-order-task.ts:22:28)\n' +
    '    at Task.handleOverLapping (/home/ibrahim/apps/sterling-integration-api/src/tasks/task.ts:87:17)',
  message: "Cannot read properties of undefined (reading 'access_token')",
  error: TypeError: Cannot read properties of undefined (reading 'access_token')
      at SterlingService.getTokenAsync (/home/ibrahim/apps/sterling-integration-api/src/services/integrations/sterling-service.ts:138:65)
      at processTicksAndRejections (node:internal/process/task_queues:95:5)
      at SterlingService.requestAsync (/home/ibrahim/apps/sterling-integration-api/src/services/integrations/sterling-service.ts:110:21)
      at SterlingService.trackOrderAsync (/home/ibrahim/apps/sterling-integration-api/src/services/integrations/sterling-service.ts:23:49)
      at OrderService.trackSterlingOrders (/home/ibrahim/apps/sterling-integration-api/src/services/order-service.ts:638:41)
      at handle (/home/ibrahim/apps/sterling-integration-api/src/tasks/update-order-task.ts:22:28)
      at Task.handleOverLapping (/home/ibrahim/apps/sterling-integration-api/src/tasks/task.ts:87:17),
  level: 'error',
  timestamp: '2026-05-04 11:26:53'
}
{
  name: 'TypeError',
  stack: "TypeError: Cannot read properties of undefined (reading 'access_token')\n" +
    '    at SterlingService.getTokenAsync (/home/ibrahim/apps/sterling-integration-api/src/services/integrations/sterling-service.ts:138:65)\n' +
    '    at processTicksAndRejections (node:internal/process/task_queues:95:5)\n' +
    '    at SterlingService.requestAsync (/home/ibrahim/apps/sterling-integration-api/src/services/integrations/sterling-service.ts:110:21)\n' +
    '    at SterlingService.trackOrderAsync (/home/ibrahim/apps/sterling-integration-api/src/services/integrations/sterling-service.ts:23:49)\n' +
    '    at OrderService.trackSterlingOrders (/home/ibrahim/apps/sterling-integration-api/src/services/order-service.ts:638:41)\n' +
    '    at handle (/home/ibrahim/apps/sterling-integration-api/src/tasks/update-order-task.ts:22:28)\n' +
    '    at Task.handleOverLapping (/home/ibrahim/apps/sterling-integration-api/src/tasks/task.ts:87:17)',
  message: "Cannot read properties of undefined (reading 'access_token')",
  error: TypeError: Cannot read properties of undefined (reading 'access_token')
      at SterlingService.getTokenAsync (/home/ibrahim/apps/sterling-integration-api/src/services/integrations/sterling-service.ts:138:65)
      at processTicksAndRejections (node:internal/process/task_queues:95:5)
      at SterlingService.requestAsync (/home/ibrahim/apps/sterling-integration-api/src/services/integrations/sterling-service.ts:110:21)
      at SterlingService.trackOrderAsync (/home/ibrahim/apps/sterling-integration-api/src/services/integrations/sterling-service.ts:23:49)
      at OrderService.trackSterlingOrders (/home/ibrahim/apps/sterling-integration-api/src/services/order-service.ts:638:41)
      at handle (/home/ibrahim/apps/sterling-integration-api/src/tasks/update-order-task.ts:22:28)
      at Task.handleOverLapping (/home/ibrahim/apps/sterling-integration-api/src/tasks/task.ts:87:17),
  level: 'error',
  timestamp: '2026-05-04 11:26:53'
}
{
  name: 'TypeError',
  stack: "TypeError: Cannot read properties of undefined (reading 'access_token')\n" +
    '    at SterlingService.getTokenAsync (/home/ibrahim/apps/sterling-integration-api/src/services/integrations/sterling-service.ts:138:65)\n' +
    '    at processTicksAndRejections (node:internal/process/task_queues:95:5)\n' +
    '    at SterlingService.requestAsync (/home/ibrahim/apps/sterling-integration-api/src/services/integrations/sterling-service.ts:110:21)\n' +
    '    at SterlingService.trackOrderAsync (/home/ibrahim/apps/sterling-integration-api/src/services/integrations/sterling-service.ts:23:49)\n' +
    '    at OrderService.trackSterlingOrders (/home/ibrahim/apps/sterling-integration-api/src/services/order-service.ts:638:41)\n' +
    '    at handle (/home/ibrahim/apps/sterling-integration-api/src/tasks/update-order-task.ts:22:28)\n' +
    '    at Task.handleOverLapping (/home/ibrahim/apps/sterling-integration-api/src/tasks/task.ts:87:17)',
  message: "Cannot read properties of undefined (reading 'access_token')",
  error: TypeError: Cannot read properties of undefined (reading 'access_token')
      at SterlingService.getTokenAsync (/home/ibrahim/apps/sterling-integration-api/src/services/integrations/sterling-service.ts:138:65)
      at processTicksAndRejections (node:internal/process/task_queues:95:5)
      at SterlingService.requestAsync (/home/ibrahim/apps/sterling-integration-api/src/services/integrations/sterling-service.ts:110:21)
      at SterlingService.trackOrderAsync (/home/ibrahim/apps/sterling-integration-api/src/services/integrations/sterling-service.ts:23:49)
      at OrderService.trackSterlingOrders (/home/ibrahim/apps/sterling-integration-api/src/services/order-service.ts:638:41)
      at handle (/home/ibrahim/apps/sterling-integration-api/src/tasks/update-order-task.ts:22:28)
      at Task.handleOverLapping (/home/ibrahim/apps/sterling-integration-api/src/tasks/task.ts:87:17),
  level: 'error',
  timestamp: '2026-05-04 11:26:53'
}
{
  name: 'TypeError',
  stack: "TypeError: Cannot read properties of undefined (reading 'access_token')\n" +
    '    at SterlingService.getTokenAsync (/home/ibrahim/apps/sterling-integration-api/src/services/integrations/sterling-service.ts:138:65)\n' +
    '    at processTicksAndRejections (node:internal/process/task_queues:95:5)\n' +
    '    at SterlingService.requestAsync (/home/ibrahim/apps/sterling-integration-api/src/services/integrations/sterling-service.ts:110:21)\n' +
    '    at SterlingService.trackOrderAsync (/home/ibrahim/apps/sterling-integration-api/src/services/integrations/sterling-service.ts:23:49)\n' +
    '    at OrderService.trackSterlingOrders (/home/ibrahim/apps/sterling-integration-api/src/services/order-service.ts:638:41)\n' +
    '    at handle (/home/ibrahim/apps/sterling-integration-api/src/tasks/update-order-task.ts:22:28)\n' +
    '    at Task.handleOverLapping (/home/ibrahim/apps/sterling-integration-api/src/tasks/task.ts:87:17)',
  message: "Cannot read properties of undefined (reading 'access_token')",
  error: TypeError: Cannot read properties of undefined (reading 'access_token')
      at SterlingService.getTokenAsync (/home/ibrahim/apps/sterling-integration-api/src/services/integrations/sterling-service.ts:138:65)
      at processTicksAndRejections (node:internal/process/task_queues:95:5)
      at SterlingService.requestAsync (/home/ibrahim/apps/sterling-integration-api/src/services/integrations/sterling-service.ts:110:21)
      at SterlingService.trackOrderAsync (/home/ibrahim/apps/sterling-integration-api/src/services/integrations/sterling-service.ts:23:49)
      at OrderService.trackSterlingOrders (/home/ibrahim/apps/sterling-integration-api/src/services/order-service.ts:638:41)
      at handle (/home/ibrahim/apps/sterling-integration-api/src/tasks/update-order-task.ts:22:28)
      at Task.handleOverLapping (/home/ibrahim/apps/sterling-integration-api/src/tasks/task.ts:87:17),
  level: 'error',
  timestamp: '2026-05-04 11:26:53'
}
{
  name: 'TypeError',
  stack: "TypeError: Cannot read properties of undefined (reading 'access_token')\n" +
    '    at SterlingService.getTokenAsync (/home/ibrahim/apps/sterling-integration-api/src/services/integrations/sterling-service.ts:138:65)\n' +
    '    at processTicksAndRejections (node:internal/process/task_queues:95:5)\n' +
    '    at SterlingService.requestAsync (/home/ibrahim/apps/sterling-integration-api/src/services/integrations/sterling-service.ts:110:21)\n' +
    '    at SterlingService.trackOrderAsync (/home/ibrahim/apps/sterling-integration-api/src/services/integrations/sterling-service.ts:23:49)\n' +
    '    at OrderService.trackSterlingOrders (/home/ibrahim/apps/sterling-integration-api/src/services/order-service.ts:638:41)\n' +
    '    at handle (/home/ibrahim/apps/sterling-integration-api/src/tasks/update-order-task.ts:22:28)\n' +
    '    at Task.handleOverLapping (/home/ibrahim/apps/sterling-integration-api/src/tasks/task.ts:87:17)',
  message: "Cannot read properties of undefined (reading 'access_token')",
  error: TypeError: Cannot read properties of undefined (reading 'access_token')
      at SterlingService.getTokenAsync (/home/ibrahim/apps/sterling-integration-api/src/services/integrations/sterling-service.ts:138:65)
      at processTicksAndRejections (node:internal/process/task_queues:95:5)
      at SterlingService.requestAsync (/home/ibrahim/apps/sterling-integration-api/src/services/integrations/sterling-service.ts:110:21)
      at SterlingService.trackOrderAsync (/home/ibrahim/apps/sterling-integration-api/src/services/integrations/sterling-service.ts:23:49)
      at OrderService.trackSterlingOrders (/home/ibrahim/apps/sterling-integration-api/src/services/order-service.ts:638:41)
      at handle (/home/ibrahim/apps/sterling-integration-api/src/tasks/update-order-task.ts:22:28)
      at Task.handleOverLapping (/home/ibrahim/apps/sterling-integration-api/src/tasks/task.ts:87:17),
  level: 'error',
  timestamp: '2026-05-04 11:26:53'
}
{
  name: 'TypeError',
  stack: "TypeError: Cannot read properties of undefined (reading 'access_token')\n" +
    '    at SterlingService.getTokenAsync (/home/ibrahim/apps/sterling-integration-api/src/services/integrations/sterling-service.ts:138:65)\n' +
    '    at processTicksAndRejections (node:internal/process/task_queues:95:5)\n' +
    '    at SterlingService.requestAsync (/home/ibrahim/apps/sterling-integration-api/src/services/integrations/sterling-service.ts:110:21)\n' +
    '    at SterlingService.trackOrderAsync (/home/ibrahim/apps/sterling-integration-api/src/services/integrations/sterling-service.ts:23:49)\n' +
    '    at OrderService.trackSterlingOrders (/home/ibrahim/apps/sterling-integration-api/src/services/order-service.ts:638:41)\n' +
    '    at handle (/home/ibrahim/apps/sterling-integration-api/src/tasks/update-order-task.ts:22:28)\n' +
    '    at Task.handleOverLapping (/home/ibrahim/apps/sterling-integration-api/src/tasks/task.ts:87:17)',
  message: "Cannot read properties of undefined (reading 'access_token')",
  error: TypeError: Cannot read properties of undefined (reading 'access_token')
      at SterlingService.getTokenAsync (/home/ibrahim/apps/sterling-integration-api/src/services/integrations/sterling-service.ts:138:65)
      at processTicksAndRejections (node:internal/process/task_queues:95:5)
      at SterlingService.requestAsync (/home/ibrahim/apps/sterling-integration-api/src/services/integrations/sterling-service.ts:110:21)
      at SterlingService.trackOrderAsync (/home/ibrahim/apps/sterling-integration-api/src/services/integrations/sterling-service.ts:23:49)
      at OrderService.trackSterlingOrders (/home/ibrahim/apps/sterling-integration-api/src/services/order-service.ts:638:41)
      at handle (/home/ibrahim/apps/sterling-integration-api/src/tasks/update-order-task.ts:22:28)
      at Task.handleOverLapping (/home/ibrahim/apps/sterling-integration-api/src/tasks/task.ts:87:17),
  level: 'error',
  timestamp: '2026-05-04 11:26:53'
}
{
  name: 'TypeError',
  stack: "TypeError: Cannot read properties of undefined (reading 'access_token')\n" +
    '    at SterlingService.getTokenAsync (/home/ibrahim/apps/sterling-integration-api/src/services/integrations/sterling-service.ts:138:65)\n' +
    '    at processTicksAndRejections (node:internal/process/task_queues:95:5)\n' +
    '    at SterlingService.requestAsync (/home/ibrahim/apps/sterling-integration-api/src/services/integrations/sterling-service.ts:110:21)\n' +
    '    at SterlingService.trackOrderAsync (/home/ibrahim/apps/sterling-integration-api/src/services/integrations/sterling-service.ts:23:49)\n' +
    '    at OrderService.trackSterlingOrders (/home/ibrahim/apps/sterling-integration-api/src/services/order-service.ts:638:41)\n' +
    '    at handle (/home/ibrahim/apps/sterling-integration-api/src/tasks/update-order-task.ts:22:28)\n' +
    '    at Task.handleOverLapping (/home/ibrahim/apps/sterling-integration-api/src/tasks/task.ts:87:17)',
  message: "Cannot read properties of undefined (reading 'access_token')",
  error: TypeError: Cannot read properties of undefined (reading 'access_token')
      at SterlingService.getTokenAsync (/home/ibrahim/apps/sterling-integration-api/src/services/integrations/sterling-service.ts:138:65)
      at processTicksAndRejections (node:internal/process/task_queues:95:5)
      at SterlingService.requestAsync (/home/ibrahim/apps/sterling-integration-api/src/services/integrations/sterling-service.ts:110:21)
      at SterlingService.trackOrderAsync (/home/ibrahim/apps/sterling-integration-api/src/services/integrations/sterling-service.ts:23:49)
      at OrderService.trackSterlingOrders (/home/ibrahim/apps/sterling-integration-api/src/services/order-service.ts:638:41)
      at handle (/home/ibrahim/apps/sterling-integration-api/src/tasks/update-order-task.ts:22:28)
      at Task.handleOverLapping (/home/ibrahim/apps/sterling-integration-api/src/tasks/task.ts:87:17),
  level: 'error',
  timestamp: '2026-05-04 11:26:53'
}
{
  name: 'TypeError',
  stack: "TypeError: Cannot read properties of undefined (reading 'access_token')\n" +
    '    at SterlingService.getTokenAsync (/home/ibrahim/apps/sterling-integration-api/src/services/integrations/sterling-service.ts:138:65)\n' +
    '    at processTicksAndRejections (node:internal/process/task_queues:95:5)\n' +
    '    at SterlingService.requestAsync (/home/ibrahim/apps/sterling-integration-api/src/services/integrations/sterling-service.ts:110:21)\n' +
    '    at SterlingService.trackOrderAsync (/home/ibrahim/apps/sterling-integration-api/src/services/integrations/sterling-service.ts:23:49)\n' +
    '    at OrderService.trackSterlingOrders (/home/ibrahim/apps/sterling-integration-api/src/services/order-service.ts:638:41)\n' +
    '    at handle (/home/ibrahim/apps/sterling-integration-api/src/tasks/update-order-task.ts:22:28)\n' +
    '    at Task.handleOverLapping (/home/ibrahim/apps/sterling-integration-api/src/tasks/task.ts:87:17)',
  message: "Cannot read properties of undefined (reading 'access_token')",
  error: TypeError: Cannot read properties of undefined (reading 'access_token')
      at SterlingService.getTokenAsync (/home/ibrahim/apps/sterling-integration-api/src/services/integrations/sterling-service.ts:138:65)
      at processTicksAndRejections (node:internal/process/task_queues:95:5)
      at SterlingService.requestAsync (/home/ibrahim/apps/sterling-integration-api/src/services/integrations/sterling-service.ts:110:21)
      at SterlingService.trackOrderAsync (/home/ibrahim/apps/sterling-integration-api/src/services/integrations/sterling-service.ts:23:49)
      at OrderService.trackSterlingOrders (/home/ibrahim/apps/sterling-integration-api/src/services/order-service.ts:638:41)
      at handle (/home/ibrahim/apps/sterling-integration-api/src/tasks/update-order-task.ts:22:28)
      at Task.handleOverLapping (/home/ibrahim/apps/sterling-integration-api/src/tasks/task.ts:87:17),
  level: 'error',
  timestamp: '2026-05-04 11:26:54'
}
{
  name: 'TypeError',
  stack: "TypeError: Cannot read properties of undefined (reading 'access_token')\n" +
    '    at SterlingService.getTokenAsync (/home/ibrahim/apps/sterling-integration-api/src/services/integrations/sterling-service.ts:138:65)\n' +
    '    at processTicksAndRejections (node:internal/process/task_queues:95:5)\n' +
    '    at SterlingService.requestAsync (/home/ibrahim/apps/sterling-integration-api/src/services/integrations/sterling-service.ts:110:21)\n' +
    '    at SterlingService.trackOrderAsync (/home/ibrahim/apps/sterling-integration-api/src/services/integrations/sterling-service.ts:23:49)\n' +
    '    at OrderService.trackSterlingOrders (/home/ibrahim/apps/sterling-integration-api/src/services/order-service.ts:638:41)\n' +
    '    at handle (/home/ibrahim/apps/sterling-integration-api/src/tasks/update-order-task.ts:22:28)\n' +
    '    at Task.handleOverLapping (/home/ibrahim/apps/sterling-integration-api/src/tasks/task.ts:87:17)',
  message: "Cannot read properties of undefined (reading 'access_token')",
  error: TypeError: Cannot read properties of undefined (reading 'access_token')
      at SterlingService.getTokenAsync (/home/ibrahim/apps/sterling-integration-api/src/services/integrations/sterling-service.ts:138:65)
      at processTicksAndRejections (node:internal/process/task_queues:95:5)
      at SterlingService.requestAsync (/home/ibrahim/apps/sterling-integration-api/src/services/integrations/sterling-service.ts:110:21)
      at SterlingService.trackOrderAsync (/home/ibrahim/apps/sterling-integration-api/src/services/integrations/sterling-service.ts:23:49)
      at OrderService.trackSterlingOrders (/home/ibrahim/apps/sterling-integration-api/src/services/order-service.ts:638:41)
      at handle (/home/ibrahim/apps/sterling-integration-api/src/tasks/update-order-task.ts:22:28)
      at Task.handleOverLapping (/home/ibrahim/apps/sterling-integration-api/src/tasks/task.ts:87:17),
  level: 'error',
  timestamp: '2026-05-04 11:26:54'
}
{
  name: 'TypeError',
  stack: "TypeError: Cannot read properties of undefined (reading 'access_token')\n" +
    '    at SterlingService.getTokenAsync (/home/ibrahim/apps/sterling-integration-api/src/services/integrations/sterling-service.ts:138:65)\n' +
    '    at processTicksAndRejections (node:internal/process/task_queues:95:5)\n' +
    '    at SterlingService.requestAsync (/home/ibrahim/apps/sterling-integration-api/src/services/integrations/sterling-service.ts:110:21)\n' +
    '    at SterlingService.trackOrderAsync (/home/ibrahim/apps/sterling-integration-api/src/services/integrations/sterling-service.ts:23:49)\n' +
    '    at OrderService.trackSterlingOrders (/home/ibrahim/apps/sterling-integration-api/src/services/order-service.ts:638:41)\n' +
    '    at handle (/home/ibrahim/apps/sterling-integration-api/src/tasks/update-order-task.ts:22:28)\n' +
    '    at Task.handleOverLapping (/home/ibrahim/apps/sterling-integration-api/src/tasks/task.ts:87:17)',
  message: "Cannot read properties of undefined (reading 'access_token')",
  error: TypeError: Cannot read properties of undefined (reading 'access_token')
      at SterlingService.getTokenAsync (/home/ibrahim/apps/sterling-integration-api/src/services/integrations/sterling-service.ts:138:65)
      at processTicksAndRejections (node:internal/process/task_queues:95:5)
      at SterlingService.requestAsync (/home/ibrahim/apps/sterling-integration-api/src/services/integrations/sterling-service.ts:110:21)
      at SterlingService.trackOrderAsync (/home/ibrahim/apps/sterling-integration-api/src/services/integrations/sterling-service.ts:23:49)
      at OrderService.trackSterlingOrders (/home/ibrahim/apps/sterling-integration-api/src/services/order-service.ts:638:41)
      at handle (/home/ibrahim/apps/sterling-integration-api/src/tasks/update-order-task.ts:22:28)
      at Task.handleOverLapping (/home/ibrahim/apps/sterling-integration-api/src/tasks/task.ts:87:17),
  level: 'error',
  timestamp: '2026-05-04 11:26:54'
}
{
  name: 'TypeError',
  stack: "TypeError: Cannot read properties of undefined (reading 'access_token')\n" +
    '    at SterlingService.getTokenAsync (/home/ibrahim/apps/sterling-integration-api/src/services/integrations/sterling-service.ts:138:65)\n' +
    '    at processTicksAndRejections (node:internal/process/task_queues:95:5)\n' +
    '    at SterlingService.requestAsync (/home/ibrahim/apps/sterling-integration-api/src/services/integrations/sterling-service.ts:110:21)\n' +
    '    at SterlingService.trackOrderAsync (/home/ibrahim/apps/sterling-integration-api/src/services/integrations/sterling-service.ts:23:49)\n' +
    '    at OrderService.trackSterlingOrders (/home/ibrahim/apps/sterling-integration-api/src/services/order-service.ts:638:41)\n' +
    '    at handle (/home/ibrahim/apps/sterling-integration-api/src/tasks/update-order-task.ts:22:28)\n' +
    '    at Task.handleOverLapping (/home/ibrahim/apps/sterling-integration-api/src/tasks/task.ts:87:17)',
  message: "Cannot read properties of undefined (reading 'access_token')",
  error: TypeError: Cannot read properties of undefined (reading 'access_token')
      at SterlingService.getTokenAsync (/home/ibrahim/apps/sterling-integration-api/src/services/integrations/sterling-service.ts:138:65)
      at processTicksAndRejections (node:internal/process/task_queues:95:5)
      at SterlingService.requestAsync (/home/ibrahim/apps/sterling-integration-api/src/services/integrations/sterling-service.ts:110:21)
      at SterlingService.trackOrderAsync (/home/ibrahim/apps/sterling-integration-api/src/services/integrations/sterling-service.ts:23:49)
      at OrderService.trackSterlingOrders (/home/ibrahim/apps/sterling-integration-api/src/services/order-service.ts:638:41)
      at handle (/home/ibrahim/apps/sterling-integration-api/src/tasks/update-order-task.ts:22:28)
      at Task.handleOverLapping (/home/ibrahim/apps/sterling-integration-api/src/tasks/task.ts:87:17),
  level: 'error',
  timestamp: '2026-05-04 11:26:54'
}
{
  name: 'TypeError',
  stack: "TypeError: Cannot read properties of undefined (reading 'access_token')\n" +
    '    at SterlingService.getTokenAsync (/home/ibrahim/apps/sterling-integration-api/src/services/integrations/sterling-service.ts:138:65)\n' +
    '    at processTicksAndRejections (node:internal/process/task_queues:95:5)\n' +
    '    at SterlingService.requestAsync (/home/ibrahim/apps/sterling-integration-api/src/services/integrations/sterling-service.ts:110:21)\n' +
    '    at SterlingService.trackOrderAsync (/home/ibrahim/apps/sterling-integration-api/src/services/integrations/sterling-service.ts:23:49)\n' +
    '    at OrderService.trackSterlingOrders (/home/ibrahim/apps/sterling-integration-api/src/services/order-service.ts:638:41)\n' +
    '    at handle (/home/ibrahim/apps/sterling-integration-api/src/tasks/update-order-task.ts:22:28)\n' +
    '    at Task.handleOverLapping (/home/ibrahim/apps/sterling-integration-api/src/tasks/task.ts:87:17)',
  message: "Cannot read properties of undefined (reading 'access_token')",
  error: TypeError: Cannot read properties of undefined (reading 'access_token')
      at SterlingService.getTokenAsync (/home/ibrahim/apps/sterling-integration-api/src/services/integrations/sterling-service.ts:138:65)
      at processTicksAndRejections (node:internal/process/task_queues:95:5)
      at SterlingService.requestAsync (/home/ibrahim/apps/sterling-integration-api/src/services/integrations/sterling-service.ts:110:21)
      at SterlingService.trackOrderAsync (/home/ibrahim/apps/sterling-integration-api/src/services/integrations/sterling-service.ts:23:49)
      at OrderService.trackSterlingOrders (/home/ibrahim/apps/sterling-integration-api/src/services/order-service.ts:638:41)
      at handle (/home/ibrahim/apps/sterling-integration-api/src/tasks/update-order-task.ts:22:28)
      at Task.handleOverLapping (/home/ibrahim/apps/sterling-integration-api/src/tasks/task.ts:87:17),
  level: 'error',
  timestamp: '2026-05-04 11:26:54'
}
{
  name: 'TypeError',
  stack: "TypeError: Cannot read properties of undefined (reading 'access_token')\n" +
    '    at SterlingService.getTokenAsync (/home/ibrahim/apps/sterling-integration-api/src/services/integrations/sterling-service.ts:138:65)\n' +
    '    at processTicksAndRejections (node:internal/process/task_queues:95:5)\n' +
    '    at SterlingService.requestAsync (/home/ibrahim/apps/sterling-integration-api/src/services/integrations/sterling-service.ts:110:21)\n' +
    '    at SterlingService.trackOrderAsync (/home/ibrahim/apps/sterling-integration-api/src/services/integrations/sterling-service.ts:23:49)\n' +
    '    at OrderService.trackSterlingOrders (/home/ibrahim/apps/sterling-integration-api/src/services/order-service.ts:638:41)\n' +
    '    at handle (/home/ibrahim/apps/sterling-integration-api/src/tasks/update-order-task.ts:22:28)\n' +
    '    at Task.handleOverLapping (/home/ibrahim/apps/sterling-integration-api/src/tasks/task.ts:87:17)',
  message: "Cannot read properties of undefined (reading 'access_token')",
  error: TypeError: Cannot read properties of undefined (reading 'access_token')
      at SterlingService.getTokenAsync (/home/ibrahim/apps/sterling-integration-api/src/services/integrations/sterling-service.ts:138:65)
      at processTicksAndRejections (node:internal/process/task_queues:95:5)
      at SterlingService.requestAsync (/home/ibrahim/apps/sterling-integration-api/src/services/integrations/sterling-service.ts:110:21)
      at SterlingService.trackOrderAsync (/home/ibrahim/apps/sterling-integration-api/src/services/integrations/sterling-service.ts:23:49)
      at OrderService.trackSterlingOrders (/home/ibrahim/apps/sterling-integration-api/src/services/order-service.ts:638:41)
      at handle (/home/ibrahim/apps/sterling-integration-api/src/tasks/update-order-task.ts:22:28)
      at Task.handleOverLapping (/home/ibrahim/apps/sterling-integration-api/src/tasks/task.ts:87:17),
  level: 'error',
  timestamp: '2026-05-04 11:26:54'
}
{
  name: 'TypeError',
  stack: "TypeError: Cannot read properties of undefined (reading 'access_token')\n" +
    '    at SterlingService.getTokenAsync (/home/ibrahim/apps/sterling-integration-api/src/services/integrations/sterling-service.ts:138:65)\n' +
    '    at processTicksAndRejections (node:internal/process/task_queues:95:5)\n' +
    '    at SterlingService.requestAsync (/home/ibrahim/apps/sterling-integration-api/src/services/integrations/sterling-service.ts:110:21)\n' +
    '    at SterlingService.trackOrderAsync (/home/ibrahim/apps/sterling-integration-api/src/services/integrations/sterling-service.ts:23:49)\n' +
    '    at OrderService.trackSterlingOrders (/home/ibrahim/apps/sterling-integration-api/src/services/order-service.ts:638:41)\n' +
    '    at handle (/home/ibrahim/apps/sterling-integration-api/src/tasks/update-order-task.ts:22:28)\n' +
    '    at Task.handleOverLapping (/home/ibrahim/apps/sterling-integration-api/src/tasks/task.ts:87:17)',
  message: "Cannot read properties of undefined (reading 'access_token')",
  error: TypeError: Cannot read properties of undefined (reading 'access_token')
      at SterlingService.getTokenAsync (/home/ibrahim/apps/sterling-integration-api/src/services/integrations/sterling-service.ts:138:65)
      at processTicksAndRejections (node:internal/process/task_queues:95:5)
      at SterlingService.requestAsync (/home/ibrahim/apps/sterling-integration-api/src/services/integrations/sterling-service.ts:110:21)
      at SterlingService.trackOrderAsync (/home/ibrahim/apps/sterling-integration-api/src/services/integrations/sterling-service.ts:23:49)
      at OrderService.trackSterlingOrders (/home/ibrahim/apps/sterling-integration-api/src/services/order-service.ts:638:41)
      at handle (/home/ibrahim/apps/sterling-integration-api/src/tasks/update-order-task.ts:22:28)
      at Task.handleOverLapping (/home/ibrahim/apps/sterling-integration-api/src/tasks/task.ts:87:17),
  level: 'error',
  timestamp: '2026-05-04 11:26:54'
}
{
  name: 'TypeError',
  stack: "TypeError: Cannot read properties of undefined (reading 'access_token')\n" +
    '    at SterlingService.getTokenAsync (/home/ibrahim/apps/sterling-integration-api/src/services/integrations/sterling-service.ts:138:65)\n' +
    '    at processTicksAndRejections (node:internal/process/task_queues:95:5)\n' +
    '    at SterlingService.requestAsync (/home/ibrahim/apps/sterling-integration-api/src/services/integrations/sterling-service.ts:110:21)\n' +
    '    at SterlingService.trackOrderAsync (/home/ibrahim/apps/sterling-integration-api/src/services/integrations/sterling-service.ts:23:49)\n' +
    '    at OrderService.trackSterlingOrders (/home/ibrahim/apps/sterling-integration-api/src/services/order-service.ts:638:41)\n' +
    '    at handle (/home/ibrahim/apps/sterling-integration-api/src/tasks/update-order-task.ts:22:28)\n' +
    '    at Task.handleOverLapping (/home/ibrahim/apps/sterling-integration-api/src/tasks/task.ts:87:17)',
  message: "Cannot read properties of undefined (reading 'access_token')",
  error: TypeError: Cannot read properties of undefined (reading 'access_token')
      at SterlingService.getTokenAsync (/home/ibrahim/apps/sterling-integration-api/src/services/integrations/sterling-service.ts:138:65)
      at processTicksAndRejections (node:internal/process/task_queues:95:5)
      at SterlingService.requestAsync (/home/ibrahim/apps/sterling-integration-api/src/services/integrations/sterling-service.ts:110:21)
      at SterlingService.trackOrderAsync (/home/ibrahim/apps/sterling-integration-api/src/services/integrations/sterling-service.ts:23:49)
      at OrderService.trackSterlingOrders (/home/ibrahim/apps/sterling-integration-api/src/services/order-service.ts:638:41)
      at handle (/home/ibrahim/apps/sterling-integration-api/src/tasks/update-order-task.ts:22:28)
      at Task.handleOverLapping (/home/ibrahim/apps/sterling-integration-api/src/tasks/task.ts:87:17),
  level: 'error',
  timestamp: '2026-05-04 11:26:54'
}
{
  name: 'TypeError',
  stack: "TypeError: Cannot read properties of undefined (reading 'access_token')\n" +
    '    at SterlingService.getTokenAsync (/home/ibrahim/apps/sterling-integration-api/src/services/integrations/sterling-service.ts:138:65)\n' +
    '    at processTicksAndRejections (node:internal/process/task_queues:95:5)\n' +
    '    at SterlingService.requestAsync (/home/ibrahim/apps/sterling-integration-api/src/services/integrations/sterling-service.ts:110:21)\n' +
    '    at SterlingService.trackOrderAsync (/home/ibrahim/apps/sterling-integration-api/src/services/integrations/sterling-service.ts:23:49)\n' +
    '    at OrderService.trackSterlingOrders (/home/ibrahim/apps/sterling-integration-api/src/services/order-service.ts:638:41)\n' +
    '    at handle (/home/ibrahim/apps/sterling-integration-api/src/tasks/update-order-task.ts:22:28)\n' +
    '    at Task.handleOverLapping (/home/ibrahim/apps/sterling-integration-api/src/tasks/task.ts:87:17)',
  message: "Cannot read properties of undefined (reading 'access_token')",
  error: TypeError: Cannot read properties of undefined (reading 'access_token')
      at SterlingService.getTokenAsync (/home/ibrahim/apps/sterling-integration-api/src/services/integrations/sterling-service.ts:138:65)
      at processTicksAndRejections (node:internal/process/task_queues:95:5)
      at SterlingService.requestAsync (/home/ibrahim/apps/sterling-integration-api/src/services/integrations/sterling-service.ts:110:21)
      at SterlingService.trackOrderAsync (/home/ibrahim/apps/sterling-integration-api/src/services/integrations/sterling-service.ts:23:49)
      at OrderService.trackSterlingOrders (/home/ibrahim/apps/sterling-integration-api/src/services/order-service.ts:638:41)
      at handle (/home/ibrahim/apps/sterling-integration-api/src/tasks/update-order-task.ts:22:28)
      at Task.handleOverLapping (/home/ibrahim/apps/sterling-integration-api/src/tasks/task.ts:87:17),
  level: 'error',
  timestamp: '2026-05-04 11:26:54'
}
{
  name: 'TypeError',
  stack: "TypeError: Cannot read properties of undefined (reading 'access_token')\n" +
    '    at SterlingService.getTokenAsync (/home/ibrahim/apps/sterling-integration-api/src/services/integrations/sterling-service.ts:138:65)\n' +
    '    at processTicksAndRejections (node:internal/process/task_queues:95:5)\n' +
    '    at SterlingService.requestAsync (/home/ibrahim/apps/sterling-integration-api/src/services/integrations/sterling-service.ts:110:21)\n' +
    '    at SterlingService.trackOrderAsync (/home/ibrahim/apps/sterling-integration-api/src/services/integrations/sterling-service.ts:23:49)\n' +
    '    at OrderService.trackSterlingOrders (/home/ibrahim/apps/sterling-integration-api/src/services/order-service.ts:638:41)\n' +
    '    at handle (/home/ibrahim/apps/sterling-integration-api/src/tasks/update-order-task.ts:22:28)\n' +
    '    at Task.handleOverLapping (/home/ibrahim/apps/sterling-integration-api/src/tasks/task.ts:87:17)',
  message: "Cannot read properties of undefined (reading 'access_token')",
  error: TypeError: Cannot read properties of undefined (reading 'access_token')
      at SterlingService.getTokenAsync (/home/ibrahim/apps/sterling-integration-api/src/services/integrations/sterling-service.ts:138:65)
      at processTicksAndRejections (node:internal/process/task_queues:95:5)
      at SterlingService.requestAsync (/home/ibrahim/apps/sterling-integration-api/src/services/integrations/sterling-service.ts:110:21)
      at SterlingService.trackOrderAsync (/home/ibrahim/apps/sterling-integration-api/src/services/integrations/sterling-service.ts:23:49)
      at OrderService.trackSterlingOrders (/home/ibrahim/apps/sterling-integration-api/src/services/order-service.ts:638:41)
      at handle (/home/ibrahim/apps/sterling-integration-api/src/tasks/update-order-task.ts:22:28)
      at Task.handleOverLapping (/home/ibrahim/apps/sterling-integration-api/src/tasks/task.ts:87:17),
  level: 'error',
  timestamp: '2026-05-04 11:26:55'
}
{
  name: 'TypeError',
  stack: "TypeError: Cannot read properties of undefined (reading 'access_token')\n" +
    '    at SterlingService.getTokenAsync (/home/ibrahim/apps/sterling-integration-api/src/services/integrations/sterling-service.ts:138:65)\n' +
    '    at processTicksAndRejections (node:internal/process/task_queues:95:5)\n' +
    '    at SterlingService.requestAsync (/home/ibrahim/apps/sterling-integration-api/src/services/integrations/sterling-service.ts:110:21)\n' +
    '    at SterlingService.trackOrderAsync (/home/ibrahim/apps/sterling-integration-api/src/services/integrations/sterling-service.ts:23:49)\n' +
    '    at OrderService.trackSterlingOrders (/home/ibrahim/apps/sterling-integration-api/src/services/order-service.ts:638:41)\n' +
    '    at handle (/home/ibrahim/apps/sterling-integration-api/src/tasks/update-order-task.ts:22:28)\n' +
    '    at Task.handleOverLapping (/home/ibrahim/apps/sterling-integration-api/src/tasks/task.ts:87:17)',
  message: "Cannot read properties of undefined (reading 'access_token')",
  error: TypeError: Cannot read properties of undefined (reading 'access_token')
      at SterlingService.getTokenAsync (/home/ibrahim/apps/sterling-integration-api/src/services/integrations/sterling-service.ts:138:65)
      at processTicksAndRejections (node:internal/process/task_queues:95:5)
      at SterlingService.requestAsync (/home/ibrahim/apps/sterling-integration-api/src/services/integrations/sterling-service.ts:110:21)
      at SterlingService.trackOrderAsync (/home/ibrahim/apps/sterling-integration-api/src/services/integrations/sterling-service.ts:23:49)
      at OrderService.trackSterlingOrders (/home/ibrahim/apps/sterling-integration-api/src/services/order-service.ts:638:41)
      at handle (/home/ibrahim/apps/sterling-integration-api/src/tasks/update-order-task.ts:22:28)
      at Task.handleOverLapping (/home/ibrahim/apps/sterling-integration-api/src/tasks/task.ts:87:17),
  level: 'error',
  timestamp: '2026-05-04 11:26:55'
}
{
  name: 'TypeError',
  stack: "TypeError: Cannot read properties of undefined (reading 'access_token')\n" +
    '    at SterlingService.getTokenAsync (/home/ibrahim/apps/sterling-integration-api/src/services/integrations/sterling-service.ts:138:65)\n' +
    '    at processTicksAndRejections (node:internal/process/task_queues:95:5)\n' +
    '    at SterlingService.requestAsync (/home/ibrahim/apps/sterling-integration-api/src/services/integrations/sterling-service.ts:110:21)\n' +
    '    at SterlingService.trackOrderAsync (/home/ibrahim/apps/sterling-integration-api/src/services/integrations/sterling-service.ts:23:49)\n' +
    '    at OrderService.trackSterlingOrders (/home/ibrahim/apps/sterling-integration-api/src/services/order-service.ts:638:41)\n' +
    '    at handle (/home/ibrahim/apps/sterling-integration-api/src/tasks/update-order-task.ts:22:28)\n' +
    '    at Task.handleOverLapping (/home/ibrahim/apps/sterling-integration-api/src/tasks/task.ts:87:17)',
  message: "Cannot read properties of undefined (reading 'access_token')",
  error: TypeError: Cannot read properties of undefined (reading 'access_token')
      at SterlingService.getTokenAsync (/home/ibrahim/apps/sterling-integration-api/src/services/integrations/sterling-service.ts:138:65)
      at processTicksAndRejections (node:internal/process/task_queues:95:5)
      at SterlingService.requestAsync (/home/ibrahim/apps/sterling-integration-api/src/services/integrations/sterling-service.ts:110:21)
      at SterlingService.trackOrderAsync (/home/ibrahim/apps/sterling-integration-api/src/services/integrations/sterling-service.ts:23:49)
      at OrderService.trackSterlingOrders (/home/ibrahim/apps/sterling-integration-api/src/services/order-service.ts:638:41)
      at handle (/home/ibrahim/apps/sterling-integration-api/src/tasks/update-order-task.ts:22:28)
      at Task.handleOverLapping (/home/ibrahim/apps/sterling-integration-api/src/tasks/task.ts:87:17),
  level: 'error',
  timestamp: '2026-05-04 11:26:55'
}
{
  name: 'TypeError',
  stack: "TypeError: Cannot read properties of undefined (reading 'access_token')\n" +
    '    at SterlingService.getTokenAsync (/home/ibrahim/apps/sterling-integration-api/src/services/integrations/sterling-service.ts:138:65)\n' +
    '    at processTicksAndRejections (node:internal/process/task_queues:95:5)\n' +
    '    at SterlingService.requestAsync (/home/ibrahim/apps/sterling-integration-api/src/services/integrations/sterling-service.ts:110:21)\n' +
    '    at SterlingService.trackOrderAsync (/home/ibrahim/apps/sterling-integration-api/src/services/integrations/sterling-service.ts:23:49)\n' +
    '    at OrderService.trackSterlingOrders (/home/ibrahim/apps/sterling-integration-api/src/services/order-service.ts:638:41)\n' +
    '    at handle (/home/ibrahim/apps/sterling-integration-api/src/tasks/update-order-task.ts:22:28)\n' +
    '    at Task.handleOverLapping (/home/ibrahim/apps/sterling-integration-api/src/tasks/task.ts:87:17)',
  message: "Cannot read properties of undefined (reading 'access_token')",
  error: TypeError: Cannot read properties of undefined (reading 'access_token')
      at SterlingService.getTokenAsync (/home/ibrahim/apps/sterling-integration-api/src/services/integrations/sterling-service.ts:138:65)
      at processTicksAndRejections (node:internal/process/task_queues:95:5)
      at SterlingService.requestAsync (/home/ibrahim/apps/sterling-integration-api/src/services/integrations/sterling-service.ts:110:21)
      at SterlingService.trackOrderAsync (/home/ibrahim/apps/sterling-integration-api/src/services/integrations/sterling-service.ts:23:49)
      at OrderService.trackSterlingOrders (/home/ibrahim/apps/sterling-integration-api/src/services/order-service.ts:638:41)
      at handle (/home/ibrahim/apps/sterling-integration-api/src/tasks/update-order-task.ts:22:28)
      at Task.handleOverLapping (/home/ibrahim/apps/sterling-integration-api/src/tasks/task.ts:87:17),
  level: 'error',
  timestamp: '2026-05-04 11:26:55'
}
{
  name: 'TypeError',
  stack: "TypeError: Cannot read properties of undefined (reading 'access_token')\n" +
    '    at SterlingService.getTokenAsync (/home/ibrahim/apps/sterling-integration-api/src/services/integrations/sterling-service.ts:138:65)\n' +
    '    at processTicksAndRejections (node:internal/process/task_queues:95:5)\n' +
    '    at SterlingService.requestAsync (/home/ibrahim/apps/sterling-integration-api/src/services/integrations/sterling-service.ts:110:21)\n' +
    '    at SterlingService.trackOrderAsync (/home/ibrahim/apps/sterling-integration-api/src/services/integrations/sterling-service.ts:23:49)\n' +
    '    at OrderService.trackSterlingOrders (/home/ibrahim/apps/sterling-integration-api/src/services/order-service.ts:638:41)\n' +
    '    at handle (/home/ibrahim/apps/sterling-integration-api/src/tasks/update-order-task.ts:22:28)\n' +
    '    at Task.handleOverLapping (/home/ibrahim/apps/sterling-integration-api/src/tasks/task.ts:87:17)',
  message: "Cannot read properties of undefined (reading 'access_token')",
  error: TypeError: Cannot read properties of undefined (reading 'access_token')
      at SterlingService.getTokenAsync (/home/ibrahim/apps/sterling-integration-api/src/services/integrations/sterling-service.ts:138:65)
      at processTicksAndRejections (node:internal/process/task_queues:95:5)
      at SterlingService.requestAsync (/home/ibrahim/apps/sterling-integration-api/src/services/integrations/sterling-service.ts:110:21)
      at SterlingService.trackOrderAsync (/home/ibrahim/apps/sterling-integration-api/src/services/integrations/sterling-service.ts:23:49)
      at OrderService.trackSterlingOrders (/home/ibrahim/apps/sterling-integration-api/src/services/order-service.ts:638:41)
      at handle (/home/ibrahim/apps/sterling-integration-api/src/tasks/update-order-task.ts:22:28)
      at Task.handleOverLapping (/home/ibrahim/apps/sterling-integration-api/src/tasks/task.ts:87:17),
  level: 'error',
  timestamp: '2026-05-04 11:26:55'
}
{
  name: 'TypeError',
  stack: "TypeError: Cannot read properties of undefined (reading 'access_token')\n" +
    '    at SterlingService.getTokenAsync (/home/ibrahim/apps/sterling-integration-api/src/services/integrations/sterling-service.ts:138:65)\n' +
    '    at processTicksAndRejections (node:internal/process/task_queues:95:5)\n' +
    '    at SterlingService.requestAsync (/home/ibrahim/apps/sterling-integration-api/src/services/integrations/sterling-service.ts:110:21)\n' +
    '    at SterlingService.trackOrderAsync (/home/ibrahim/apps/sterling-integration-api/src/services/integrations/sterling-service.ts:23:49)\n' +
    '    at OrderService.trackSterlingOrders (/home/ibrahim/apps/sterling-integration-api/src/services/order-service.ts:638:41)\n' +
    '    at handle (/home/ibrahim/apps/sterling-integration-api/src/tasks/update-order-task.ts:22:28)\n' +
    '    at Task.handleOverLapping (/home/ibrahim/apps/sterling-integration-api/src/tasks/task.ts:87:17)',
  message: "Cannot read properties of undefined (reading 'access_token')",
  error: TypeError: Cannot read properties of undefined (reading 'access_token')
      at SterlingService.getTokenAsync (/home/ibrahim/apps/sterling-integration-api/src/services/integrations/sterling-service.ts:138:65)
      at processTicksAndRejections (node:internal/process/task_queues:95:5)
      at SterlingService.requestAsync (/home/ibrahim/apps/sterling-integration-api/src/services/integrations/sterling-service.ts:110:21)
      at SterlingService.trackOrderAsync (/home/ibrahim/apps/sterling-integration-api/src/services/integrations/sterling-service.ts:23:49)
      at OrderService.trackSterlingOrders (/home/ibrahim/apps/sterling-integration-api/src/services/order-service.ts:638:41)
      at handle (/home/ibrahim/apps/sterling-integration-api/src/tasks/update-order-task.ts:22:28)
      at Task.handleOverLapping (/home/ibrahim/apps/sterling-integration-api/src/tasks/task.ts:87:17),
  level: 'error',
  timestamp: '2026-05-04 11:26:55'
}
{
  name: 'TypeError',
  stack: "TypeError: Cannot read properties of undefined (reading 'access_token')\n" +
    '    at SterlingService.getTokenAsync (/home/ibrahim/apps/sterling-integration-api/src/services/integrations/sterling-service.ts:138:65)\n' +
    '    at processTicksAndRejections (node:internal/process/task_queues:95:5)\n' +
    '    at SterlingService.requestAsync (/home/ibrahim/apps/sterling-integration-api/src/services/integrations/sterling-service.ts:110:21)\n' +
    '    at SterlingService.trackOrderAsync (/home/ibrahim/apps/sterling-integration-api/src/services/integrations/sterling-service.ts:23:49)\n' +
    '    at OrderService.trackSterlingOrders (/home/ibrahim/apps/sterling-integration-api/src/services/order-service.ts:638:41)\n' +
    '    at handle (/home/ibrahim/apps/sterling-integration-api/src/tasks/update-order-task.ts:22:28)\n' +
    '    at Task.handleOverLapping (/home/ibrahim/apps/sterling-integration-api/src/tasks/task.ts:87:17)',
  message: "Cannot read properties of undefined (reading 'access_token')",
  error: TypeError: Cannot read properties of undefined (reading 'access_token')
      at SterlingService.getTokenAsync (/home/ibrahim/apps/sterling-integration-api/src/services/integrations/sterling-service.ts:138:65)
      at processTicksAndRejections (node:internal/process/task_queues:95:5)
      at SterlingService.requestAsync (/home/ibrahim/apps/sterling-integration-api/src/services/integrations/sterling-service.ts:110:21)
      at SterlingService.trackOrderAsync (/home/ibrahim/apps/sterling-integration-api/src/services/integrations/sterling-service.ts:23:49)
      at OrderService.trackSterlingOrders (/home/ibrahim/apps/sterling-integration-api/src/services/order-service.ts:638:41)
      at handle (/home/ibrahim/apps/sterling-integration-api/src/tasks/update-order-task.ts:22:28)
      at Task.handleOverLapping (/home/ibrahim/apps/sterling-integration-api/src/tasks/task.ts:87:17),
  level: 'error',
  timestamp: '2026-05-04 11:26:55'
}
{
  name: 'TypeError',
  stack: "TypeError: Cannot read properties of undefined (reading 'access_token')\n" +
    '    at SterlingService.getTokenAsync (/home/ibrahim/apps/sterling-integration-api/src/services/integrations/sterling-service.ts:138:65)\n' +
    '    at processTicksAndRejections (node:internal/process/task_queues:95:5)\n' +
    '    at SterlingService.requestAsync (/home/ibrahim/apps/sterling-integration-api/src/services/integrations/sterling-service.ts:110:21)\n' +
    '    at SterlingService.trackOrderAsync (/home/ibrahim/apps/sterling-integration-api/src/services/integrations/sterling-service.ts:23:49)\n' +
    '    at OrderService.trackSterlingOrders (/home/ibrahim/apps/sterling-integration-api/src/services/order-service.ts:638:41)\n' +
    '    at handle (/home/ibrahim/apps/sterling-integration-api/src/tasks/update-order-task.ts:22:28)\n' +
    '    at Task.handleOverLapping (/home/ibrahim/apps/sterling-integration-api/src/tasks/task.ts:87:17)',
  message: "Cannot read properties of undefined (reading 'access_token')",
  error: TypeError: Cannot read properties of undefined (reading 'access_token')
      at SterlingService.getTokenAsync (/home/ibrahim/apps/sterling-integration-api/src/services/integrations/sterling-service.ts:138:65)
      at processTicksAndRejections (node:internal/process/task_queues:95:5)
      at SterlingService.requestAsync (/home/ibrahim/apps/sterling-integration-api/src/services/integrations/sterling-service.ts:110:21)
      at SterlingService.trackOrderAsync (/home/ibrahim/apps/sterling-integration-api/src/services/integrations/sterling-service.ts:23:49)
      at OrderService.trackSterlingOrders (/home/ibrahim/apps/sterling-integration-api/src/services/order-service.ts:638:41)
      at handle (/home/ibrahim/apps/sterling-integration-api/src/tasks/update-order-task.ts:22:28)
      at Task.handleOverLapping (/home/ibrahim/apps/sterling-integration-api/src/tasks/task.ts:87:17),
  level: 'error',
  timestamp: '2026-05-04 11:26:55'
}
{
  name: 'TypeError',
  stack: "TypeError: Cannot read properties of undefined (reading 'access_token')\n" +
    '    at SterlingService.getTokenAsync (/home/ibrahim/apps/sterling-integration-api/src/services/integrations/sterling-service.ts:138:65)\n' +
    '    at processTicksAndRejections (node:internal/process/task_queues:95:5)\n' +
    '    at SterlingService.requestAsync (/home/ibrahim/apps/sterling-integration-api/src/services/integrations/sterling-service.ts:110:21)\n' +
    '    at SterlingService.trackOrderAsync (/home/ibrahim/apps/sterling-integration-api/src/services/integrations/sterling-service.ts:23:49)\n' +
    '    at OrderService.trackSterlingOrders (/home/ibrahim/apps/sterling-integration-api/src/services/order-service.ts:638:41)\n' +
    '    at handle (/home/ibrahim/apps/sterling-integration-api/src/tasks/update-order-task.ts:22:28)\n' +
    '    at Task.handleOverLapping (/home/ibrahim/apps/sterling-integration-api/src/tasks/task.ts:87:17)',
  message: "Cannot read properties of undefined (reading 'access_token')",
  error: TypeError: Cannot read properties of undefined (reading 'access_token')
      at SterlingService.getTokenAsync (/home/ibrahim/apps/sterling-integration-api/src/services/integrations/sterling-service.ts:138:65)
      at processTicksAndRejections (node:internal/process/task_queues:95:5)
      at SterlingService.requestAsync (/home/ibrahim/apps/sterling-integration-api/src/services/integrations/sterling-service.ts:110:21)
      at SterlingService.trackOrderAsync (/home/ibrahim/apps/sterling-integration-api/src/services/integrations/sterling-service.ts:23:49)
      at OrderService.trackSterlingOrders (/home/ibrahim/apps/sterling-integration-api/src/services/order-service.ts:638:41)
      at handle (/home/ibrahim/apps/sterling-integration-api/src/tasks/update-order-task.ts:22:28)
      at Task.handleOverLapping (/home/ibrahim/apps/sterling-integration-api/src/tasks/task.ts:87:17),
  level: 'error',
  timestamp: '2026-05-04 11:26:55'
}
{
  name: 'TypeError',
  stack: "TypeError: Cannot read properties of undefined (reading 'access_token')\n" +
    '    at SterlingService.getTokenAsync (/home/ibrahim/apps/sterling-integration-api/src/services/integrations/sterling-service.ts:138:65)\n' +
    '    at processTicksAndRejections (node:internal/process/task_queues:95:5)\n' +
    '    at SterlingService.requestAsync (/home/ibrahim/apps/sterling-integration-api/src/services/integrations/sterling-service.ts:110:21)\n' +
    '    at SterlingService.trackOrderAsync (/home/ibrahim/apps/sterling-integration-api/src/services/integrations/sterling-service.ts:23:49)\n' +
    '    at OrderService.trackSterlingOrders (/home/ibrahim/apps/sterling-integration-api/src/services/order-service.ts:638:41)\n' +
    '    at handle (/home/ibrahim/apps/sterling-integration-api/src/tasks/update-order-task.ts:22:28)\n' +
    '    at Task.handleOverLapping (/home/ibrahim/apps/sterling-integration-api/src/tasks/task.ts:87:17)',
  message: "Cannot read properties of undefined (reading 'access_token')",
  error: TypeError: Cannot read properties of undefined (reading 'access_token')
      at SterlingService.getTokenAsync (/home/ibrahim/apps/sterling-integration-api/src/services/integrations/sterling-service.ts:138:65)
      at processTicksAndRejections (node:internal/process/task_queues:95:5)
      at SterlingService.requestAsync (/home/ibrahim/apps/sterling-integration-api/src/services/integrations/sterling-service.ts:110:21)
      at SterlingService.trackOrderAsync (/home/ibrahim/apps/sterling-integration-api/src/services/integrations/sterling-service.ts:23:49)
      at OrderService.trackSterlingOrders (/home/ibrahim/apps/sterling-integration-api/src/services/order-service.ts:638:41)
      at handle (/home/ibrahim/apps/sterling-integration-api/src/tasks/update-order-task.ts:22:28)
      at Task.handleOverLapping (/home/ibrahim/apps/sterling-integration-api/src/tasks/task.ts:87:17),
  level: 'error',
  timestamp: '2026-05-04 11:26:56'
}
{
  name: 'TypeError',
  stack: "TypeError: Cannot read properties of undefined (reading 'access_token')\n" +
    '    at SterlingService.getTokenAsync (/home/ibrahim/apps/sterling-integration-api/src/services/integrations/sterling-service.ts:138:65)\n' +
    '    at processTicksAndRejections (node:internal/process/task_queues:95:5)\n' +
    '    at SterlingService.requestAsync (/home/ibrahim/apps/sterling-integration-api/src/services/integrations/sterling-service.ts:110:21)\n' +
    '    at SterlingService.trackOrderAsync (/home/ibrahim/apps/sterling-integration-api/src/services/integrations/sterling-service.ts:23:49)\n' +
    '    at OrderService.trackSterlingOrders (/home/ibrahim/apps/sterling-integration-api/src/services/order-service.ts:638:41)\n' +
    '    at handle (/home/ibrahim/apps/sterling-integration-api/src/tasks/update-order-task.ts:22:28)\n' +
    '    at Task.handleOverLapping (/home/ibrahim/apps/sterling-integration-api/src/tasks/task.ts:87:17)',
  message: "Cannot read properties of undefined (reading 'access_token')",
  error: TypeError: Cannot read properties of undefined (reading 'access_token')
      at SterlingService.getTokenAsync (/home/ibrahim/apps/sterling-integration-api/src/services/integrations/sterling-service.ts:138:65)
      at processTicksAndRejections (node:internal/process/task_queues:95:5)
      at SterlingService.requestAsync (/home/ibrahim/apps/sterling-integration-api/src/services/integrations/sterling-service.ts:110:21)
      at SterlingService.trackOrderAsync (/home/ibrahim/apps/sterling-integration-api/src/services/integrations/sterling-service.ts:23:49)
      at OrderService.trackSterlingOrders (/home/ibrahim/apps/sterling-integration-api/src/services/order-service.ts:638:41)
      at handle (/home/ibrahim/apps/sterling-integration-api/src/tasks/update-order-task.ts:22:28)
      at Task.handleOverLapping (/home/ibrahim/apps/sterling-integration-api/src/tasks/task.ts:87:17),
  level: 'error',
  timestamp: '2026-05-04 11:26:56'
}
{
  name: 'TypeError',
  stack: "TypeError: Cannot read properties of undefined (reading 'access_token')\n" +
    '    at SterlingService.getTokenAsync (/home/ibrahim/apps/sterling-integration-api/src/services/integrations/sterling-service.ts:138:65)\n' +
    '    at processTicksAndRejections (node:internal/process/task_queues:95:5)\n' +
    '    at SterlingService.requestAsync (/home/ibrahim/apps/sterling-integration-api/src/services/integrations/sterling-service.ts:110:21)\n' +
    '    at SterlingService.trackOrderAsync (/home/ibrahim/apps/sterling-integration-api/src/services/integrations/sterling-service.ts:23:49)\n' +
    '    at OrderService.trackSterlingOrders (/home/ibrahim/apps/sterling-integration-api/src/services/order-service.ts:638:41)\n' +
    '    at handle (/home/ibrahim/apps/sterling-integration-api/src/tasks/update-order-task.ts:22:28)\n' +
    '    at Task.handleOverLapping (/home/ibrahim/apps/sterling-integration-api/src/tasks/task.ts:87:17)',
  message: "Cannot read properties of undefined (reading 'access_token')",
  error: TypeError: Cannot read properties of undefined (reading 'access_token')
      at SterlingService.getTokenAsync (/home/ibrahim/apps/sterling-integration-api/src/services/integrations/sterling-service.ts:138:65)
      at processTicksAndRejections (node:internal/process/task_queues:95:5)
      at SterlingService.requestAsync (/home/ibrahim/apps/sterling-integration-api/src/services/integrations/sterling-service.ts:110:21)
      at SterlingService.trackOrderAsync (/home/ibrahim/apps/sterling-integration-api/src/services/integrations/sterling-service.ts:23:49)
      at OrderService.trackSterlingOrders (/home/ibrahim/apps/sterling-integration-api/src/services/order-service.ts:638:41)
      at handle (/home/ibrahim/apps/sterling-integration-api/src/tasks/update-order-task.ts:22:28)
      at Task.handleOverLapping (/home/ibrahim/apps/sterling-integration-api/src/tasks/task.ts:87:17),
  level: 'error',
  timestamp: '2026-05-04 11:26:56'
}
{
  name: 'TypeError',
  stack: "TypeError: Cannot read properties of undefined (reading 'access_token')\n" +
    '    at SterlingService.getTokenAsync (/home/ibrahim/apps/sterling-integration-api/src/services/integrations/sterling-service.ts:138:65)\n' +
    '    at processTicksAndRejections (node:internal/process/task_queues:95:5)\n' +
    '    at SterlingService.requestAsync (/home/ibrahim/apps/sterling-integration-api/src/services/integrations/sterling-service.ts:110:21)\n' +
    '    at SterlingService.trackOrderAsync (/home/ibrahim/apps/sterling-integration-api/src/services/integrations/sterling-service.ts:23:49)\n' +
    '    at OrderService.trackSterlingOrders (/home/ibrahim/apps/sterling-integration-api/src/services/order-service.ts:638:41)\n' +
    '    at handle (/home/ibrahim/apps/sterling-integration-api/src/tasks/update-order-task.ts:22:28)\n' +
    '    at Task.handleOverLapping (/home/ibrahim/apps/sterling-integration-api/src/tasks/task.ts:87:17)',
  message: "Cannot read properties of undefined (reading 'access_token')",
  error: TypeError: Cannot read properties of undefined (reading 'access_token')
      at SterlingService.getTokenAsync (/home/ibrahim/apps/sterling-integration-api/src/services/integrations/sterling-service.ts:138:65)
      at processTicksAndRejections (node:internal/process/task_queues:95:5)
      at SterlingService.requestAsync (/home/ibrahim/apps/sterling-integration-api/src/services/integrations/sterling-service.ts:110:21)
      at SterlingService.trackOrderAsync (/home/ibrahim/apps/sterling-integration-api/src/services/integrations/sterling-service.ts:23:49)
      at OrderService.trackSterlingOrders (/home/ibrahim/apps/sterling-integration-api/src/services/order-service.ts:638:41)
      at handle (/home/ibrahim/apps/sterling-integration-api/src/tasks/update-order-task.ts:22:28)
      at Task.handleOverLapping (/home/ibrahim/apps/sterling-integration-api/src/tasks/task.ts:87:17),
  level: 'error',
  timestamp: '2026-05-04 11:26:56'
}
{
  name: 'TypeError',
  stack: "TypeError: Cannot read properties of undefined (reading 'access_token')\n" +
    '    at SterlingService.getTokenAsync (/home/ibrahim/apps/sterling-integration-api/src/services/integrations/sterling-service.ts:138:65)\n' +
    '    at processTicksAndRejections (node:internal/process/task_queues:95:5)\n' +
    '    at SterlingService.requestAsync (/home/ibrahim/apps/sterling-integration-api/src/services/integrations/sterling-service.ts:110:21)\n' +
    '    at SterlingService.trackOrderAsync (/home/ibrahim/apps/sterling-integration-api/src/services/integrations/sterling-service.ts:23:49)\n' +
    '    at OrderService.trackSterlingOrders (/home/ibrahim/apps/sterling-integration-api/src/services/order-service.ts:638:41)\n' +
    '    at handle (/home/ibrahim/apps/sterling-integration-api/src/tasks/update-order-task.ts:22:28)\n' +
    '    at Task.handleOverLapping (/home/ibrahim/apps/sterling-integration-api/src/tasks/task.ts:87:17)',
  message: "Cannot read properties of undefined (reading 'access_token')",
  error: TypeError: Cannot read properties of undefined (reading 'access_token')
      at SterlingService.getTokenAsync (/home/ibrahim/apps/sterling-integration-api/src/services/integrations/sterling-service.ts:138:65)
      at processTicksAndRejections (node:internal/process/task_queues:95:5)
      at SterlingService.requestAsync (/home/ibrahim/apps/sterling-integration-api/src/services/integrations/sterling-service.ts:110:21)
      at SterlingService.trackOrderAsync (/home/ibrahim/apps/sterling-integration-api/src/services/integrations/sterling-service.ts:23:49)
      at OrderService.trackSterlingOrders (/home/ibrahim/apps/sterling-integration-api/src/services/order-service.ts:638:41)
      at handle (/home/ibrahim/apps/sterling-integration-api/src/tasks/update-order-task.ts:22:28)
      at Task.handleOverLapping (/home/ibrahim/apps/sterling-integration-api/src/tasks/task.ts:87:17),
  level: 'error',
  timestamp: '2026-05-04 11:26:56'
}
{
  name: 'TypeError',
  stack: "TypeError: Cannot read properties of undefined (reading 'access_token')\n" +
    '    at SterlingService.getTokenAsync (/home/ibrahim/apps/sterling-integration-api/src/services/integrations/sterling-service.ts:138:65)\n' +
    '    at processTicksAndRejections (node:internal/process/task_queues:95:5)\n' +
    '    at SterlingService.requestAsync (/home/ibrahim/apps/sterling-integration-api/src/services/integrations/sterling-service.ts:110:21)\n' +
    '    at SterlingService.trackOrderAsync (/home/ibrahim/apps/sterling-integration-api/src/services/integrations/sterling-service.ts:23:49)\n' +
    '    at OrderService.trackSterlingOrders (/home/ibrahim/apps/sterling-integration-api/src/services/order-service.ts:638:41)\n' +
    '    at handle (/home/ibrahim/apps/sterling-integration-api/src/tasks/update-order-task.ts:22:28)\n' +
    '    at Task.handleOverLapping (/home/ibrahim/apps/sterling-integration-api/src/tasks/task.ts:87:17)',
  message: "Cannot read properties of undefined (reading 'access_token')",
  error: TypeError: Cannot read properties of undefined (reading 'access_token')
      at SterlingService.getTokenAsync (/home/ibrahim/apps/sterling-integration-api/src/services/integrations/sterling-service.ts:138:65)
      at processTicksAndRejections (node:internal/process/task_queues:95:5)
      at SterlingService.requestAsync (/home/ibrahim/apps/sterling-integration-api/src/services/integrations/sterling-service.ts:110:21)
      at SterlingService.trackOrderAsync (/home/ibrahim/apps/sterling-integration-api/src/services/integrations/sterling-service.ts:23:49)
      at OrderService.trackSterlingOrders (/home/ibrahim/apps/sterling-integration-api/src/services/order-service.ts:638:41)
      at handle (/home/ibrahim/apps/sterling-integration-api/src/tasks/update-order-task.ts:22:28)
      at Task.handleOverLapping (/home/ibrahim/apps/sterling-integration-api/src/tasks/task.ts:87:17),
  level: 'error',
  timestamp: '2026-05-04 11:26:56'
}
{
  name: 'TypeError',
  stack: "TypeError: Cannot read properties of undefined (reading 'access_token')\n" +
    '    at SterlingService.getTokenAsync (/home/ibrahim/apps/sterling-integration-api/src/services/integrations/sterling-service.ts:138:65)\n' +
    '    at processTicksAndRejections (node:internal/process/task_queues:95:5)\n' +
    '    at SterlingService.requestAsync (/home/ibrahim/apps/sterling-integration-api/src/services/integrations/sterling-service.ts:110:21)\n' +
    '    at SterlingService.trackOrderAsync (/home/ibrahim/apps/sterling-integration-api/src/services/integrations/sterling-service.ts:23:49)\n' +
    '    at OrderService.trackSterlingOrders (/home/ibrahim/apps/sterling-integration-api/src/services/order-service.ts:638:41)\n' +
    '    at handle (/home/ibrahim/apps/sterling-integration-api/src/tasks/update-order-task.ts:22:28)\n' +
    '    at Task.handleOverLapping (/home/ibrahim/apps/sterling-integration-api/src/tasks/task.ts:87:17)',
  message: "Cannot read properties of undefined (reading 'access_token')",
  error: TypeError: Cannot read properties of undefined (reading 'access_token')
      at SterlingService.getTokenAsync (/home/ibrahim/apps/sterling-integration-api/src/services/integrations/sterling-service.ts:138:65)
      at processTicksAndRejections (node:internal/process/task_queues:95:5)
      at SterlingService.requestAsync (/home/ibrahim/apps/sterling-integration-api/src/services/integrations/sterling-service.ts:110:21)
      at SterlingService.trackOrderAsync (/home/ibrahim/apps/sterling-integration-api/src/services/integrations/sterling-service.ts:23:49)
      at OrderService.trackSterlingOrders (/home/ibrahim/apps/sterling-integration-api/src/services/order-service.ts:638:41)
      at handle (/home/ibrahim/apps/sterling-integration-api/src/tasks/update-order-task.ts:22:28)
      at Task.handleOverLapping (/home/ibrahim/apps/sterling-integration-api/src/tasks/task.ts:87:17),
  level: 'error',
  timestamp: '2026-05-04 11:26:56'
}
{
  name: 'TypeError',
  stack: "TypeError: Cannot read properties of undefined (reading 'access_token')\n" +
    '    at SterlingService.getTokenAsync (/home/ibrahim/apps/sterling-integration-api/src/services/integrations/sterling-service.ts:138:65)\n' +
    '    at processTicksAndRejections (node:internal/process/task_queues:95:5)\n' +
    '    at SterlingService.requestAsync (/home/ibrahim/apps/sterling-integration-api/src/services/integrations/sterling-service.ts:110:21)\n' +
    '    at SterlingService.trackOrderAsync (/home/ibrahim/apps/sterling-integration-api/src/services/integrations/sterling-service.ts:23:49)\n' +
    '    at OrderService.trackSterlingOrders (/home/ibrahim/apps/sterling-integration-api/src/services/order-service.ts:638:41)\n' +
    '    at handle (/home/ibrahim/apps/sterling-integration-api/src/tasks/update-order-task.ts:22:28)\n' +
    '    at Task.handleOverLapping (/home/ibrahim/apps/sterling-integration-api/src/tasks/task.ts:87:17)',
  message: "Cannot read properties of undefined (reading 'access_token')",
  error: TypeError: Cannot read properties of undefined (reading 'access_token')
      at SterlingService.getTokenAsync (/home/ibrahim/apps/sterling-integration-api/src/services/integrations/sterling-service.ts:138:65)
      at processTicksAndRejections (node:internal/process/task_queues:95:5)
      at SterlingService.requestAsync (/home/ibrahim/apps/sterling-integration-api/src/services/integrations/sterling-service.ts:110:21)
      at SterlingService.trackOrderAsync (/home/ibrahim/apps/sterling-integration-api/src/services/integrations/sterling-service.ts:23:49)
      at OrderService.trackSterlingOrders (/home/ibrahim/apps/sterling-integration-api/src/services/order-service.ts:638:41)
      at handle (/home/ibrahim/apps/sterling-integration-api/src/tasks/update-order-task.ts:22:28)
      at Task.handleOverLapping (/home/ibrahim/apps/sterling-integration-api/src/tasks/task.ts:87:17),
  level: 'error',
  timestamp: '2026-05-04 11:26:56'
}
{
  name: 'TypeError',
  stack: "TypeError: Cannot read properties of undefined (reading 'access_token')\n" +
    '    at SterlingService.getTokenAsync (/home/ibrahim/apps/sterling-integration-api/src/services/integrations/sterling-service.ts:138:65)\n' +
    '    at processTicksAndRejections (node:internal/process/task_queues:95:5)\n' +
    '    at SterlingService.requestAsync (/home/ibrahim/apps/sterling-integration-api/src/services/integrations/sterling-service.ts:110:21)\n' +
    '    at SterlingService.trackOrderAsync (/home/ibrahim/apps/sterling-integration-api/src/services/integrations/sterling-service.ts:23:49)\n' +
    '    at OrderService.trackSterlingOrders (/home/ibrahim/apps/sterling-integration-api/src/services/order-service.ts:638:41)\n' +
    '    at handle (/home/ibrahim/apps/sterling-integration-api/src/tasks/update-order-task.ts:22:28)\n' +
    '    at Task.handleOverLapping (/home/ibrahim/apps/sterling-integration-api/src/tasks/task.ts:87:17)',
  message: "Cannot read properties of undefined (reading 'access_token')",
  error: TypeError: Cannot read properties of undefined (reading 'access_token')
      at SterlingService.getTokenAsync (/home/ibrahim/apps/sterling-integration-api/src/services/integrations/sterling-service.ts:138:65)
      at processTicksAndRejections (node:internal/process/task_queues:95:5)
      at SterlingService.requestAsync (/home/ibrahim/apps/sterling-integration-api/src/services/integrations/sterling-service.ts:110:21)
      at SterlingService.trackOrderAsync (/home/ibrahim/apps/sterling-integration-api/src/services/integrations/sterling-service.ts:23:49)
      at OrderService.trackSterlingOrders (/home/ibrahim/apps/sterling-integration-api/src/services/order-service.ts:638:41)
      at handle (/home/ibrahim/apps/sterling-integration-api/src/tasks/update-order-task.ts:22:28)
      at Task.handleOverLapping (/home/ibrahim/apps/sterling-integration-api/src/tasks/task.ts:87:17),
  level: 'error',
  timestamp: '2026-05-04 11:26:57'
}
{
  name: 'TypeError',
  stack: "TypeError: Cannot read properties of undefined (reading 'access_token')\n" +
    '    at SterlingService.getTokenAsync (/home/ibrahim/apps/sterling-integration-api/src/services/integrations/sterling-service.ts:138:65)\n' +
    '    at processTicksAndRejections (node:internal/process/task_queues:95:5)\n' +
    '    at SterlingService.requestAsync (/home/ibrahim/apps/sterling-integration-api/src/services/integrations/sterling-service.ts:110:21)\n' +
    '    at SterlingService.trackOrderAsync (/home/ibrahim/apps/sterling-integration-api/src/services/integrations/sterling-service.ts:23:49)\n' +
    '    at OrderService.trackSterlingOrders (/home/ibrahim/apps/sterling-integration-api/src/services/order-service.ts:638:41)\n' +
    '    at handle (/home/ibrahim/apps/sterling-integration-api/src/tasks/update-order-task.ts:22:28)\n' +
    '    at Task.handleOverLapping (/home/ibrahim/apps/sterling-integration-api/src/tasks/task.ts:87:17)',
  message: "Cannot read properties of undefined (reading 'access_token')",
  error: TypeError: Cannot read properties of undefined (reading 'access_token')
      at SterlingService.getTokenAsync (/home/ibrahim/apps/sterling-integration-api/src/services/integrations/sterling-service.ts:138:65)
      at processTicksAndRejections (node:internal/process/task_queues:95:5)
      at SterlingService.requestAsync (/home/ibrahim/apps/sterling-integration-api/src/services/integrations/sterling-service.ts:110:21)
      at SterlingService.trackOrderAsync (/home/ibrahim/apps/sterling-integration-api/src/services/integrations/sterling-service.ts:23:49)
      at OrderService.trackSterlingOrders (/home/ibrahim/apps/sterling-integration-api/src/services/order-service.ts:638:41)
      at handle (/home/ibrahim/apps/sterling-integration-api/src/tasks/update-order-task.ts:22:28)
      at Task.handleOverLapping (/home/ibrahim/apps/sterling-integration-api/src/tasks/task.ts:87:17),
  level: 'error',
  timestamp: '2026-05-04 11:26:57'
}
{
  name: 'TypeError',
  stack: "TypeError: Cannot read properties of undefined (reading 'access_token')\n" +
    '    at SterlingService.getTokenAsync (/home/ibrahim/apps/sterling-integration-api/src/services/integrations/sterling-service.ts:138:65)\n' +
    '    at processTicksAndRejections (node:internal/process/task_queues:95:5)\n' +
    '    at SterlingService.requestAsync (/home/ibrahim/apps/sterling-integration-api/src/services/integrations/sterling-service.ts:110:21)\n' +
    '    at SterlingService.trackOrderAsync (/home/ibrahim/apps/sterling-integration-api/src/services/integrations/sterling-service.ts:23:49)\n' +
    '    at OrderService.trackSterlingOrders (/home/ibrahim/apps/sterling-integration-api/src/services/order-service.ts:638:41)\n' +
    '    at handle (/home/ibrahim/apps/sterling-integration-api/src/tasks/update-order-task.ts:22:28)\n' +
    '    at Task.handleOverLapping (/home/ibrahim/apps/sterling-integration-api/src/tasks/task.ts:87:17)',
  message: "Cannot read properties of undefined (reading 'access_token')",
  error: TypeError: Cannot read properties of undefined (reading 'access_token')
      at SterlingService.getTokenAsync (/home/ibrahim/apps/sterling-integration-api/src/services/integrations/sterling-service.ts:138:65)
      at processTicksAndRejections (node:internal/process/task_queues:95:5)
      at SterlingService.requestAsync (/home/ibrahim/apps/sterling-integration-api/src/services/integrations/sterling-service.ts:110:21)
      at SterlingService.trackOrderAsync (/home/ibrahim/apps/sterling-integration-api/src/services/integrations/sterling-service.ts:23:49)
      at OrderService.trackSterlingOrders (/home/ibrahim/apps/sterling-integration-api/src/services/order-service.ts:638:41)
      at handle (/home/ibrahim/apps/sterling-integration-api/src/tasks/update-order-task.ts:22:28)
      at Task.handleOverLapping (/home/ibrahim/apps/sterling-integration-api/src/tasks/task.ts:87:17),
  level: 'error',
  timestamp: '2026-05-04 11:26:57'
}
{
  name: 'TypeError',
  stack: "TypeError: Cannot read properties of undefined (reading 'access_token')\n" +
    '    at SterlingService.getTokenAsync (/home/ibrahim/apps/sterling-integration-api/src/services/integrations/sterling-service.ts:138:65)\n' +
    '    at processTicksAndRejections (node:internal/process/task_queues:95:5)\n' +
    '    at SterlingService.requestAsync (/home/ibrahim/apps/sterling-integration-api/src/services/integrations/sterling-service.ts:110:21)\n' +
    '    at SterlingService.trackOrderAsync (/home/ibrahim/apps/sterling-integration-api/src/services/integrations/sterling-service.ts:23:49)\n' +
    '    at OrderService.trackSterlingOrders (/home/ibrahim/apps/sterling-integration-api/src/services/order-service.ts:638:41)\n' +
    '    at handle (/home/ibrahim/apps/sterling-integration-api/src/tasks/update-order-task.ts:22:28)\n' +
    '    at Task.handleOverLapping (/home/ibrahim/apps/sterling-integration-api/src/tasks/task.ts:87:17)',
  message: "Cannot read properties of undefined (reading 'access_token')",
  error: TypeError: Cannot read properties of undefined (reading 'access_token')
      at SterlingService.getTokenAsync (/home/ibrahim/apps/sterling-integration-api/src/services/integrations/sterling-service.ts:138:65)
      at processTicksAndRejections (node:internal/process/task_queues:95:5)
      at SterlingService.requestAsync (/home/ibrahim/apps/sterling-integration-api/src/services/integrations/sterling-service.ts:110:21)
      at SterlingService.trackOrderAsync (/home/ibrahim/apps/sterling-integration-api/src/services/integrations/sterling-service.ts:23:49)
      at OrderService.trackSterlingOrders (/home/ibrahim/apps/sterling-integration-api/src/services/order-service.ts:638:41)
      at handle (/home/ibrahim/apps/sterling-integration-api/src/tasks/update-order-task.ts:22:28)
      at Task.handleOverLapping (/home/ibrahim/apps/sterling-integration-api/src/tasks/task.ts:87:17),
  level: 'error',
  timestamp: '2026-05-04 11:26:57'
}
{
  name: 'TypeError',
  stack: "TypeError: Cannot read properties of undefined (reading 'access_token')\n" +
    '    at SterlingService.getTokenAsync (/home/ibrahim/apps/sterling-integration-api/src/services/integrations/sterling-service.ts:138:65)\n' +
    '    at processTicksAndRejections (node:internal/process/task_queues:95:5)\n' +
    '    at SterlingService.requestAsync (/home/ibrahim/apps/sterling-integration-api/src/services/integrations/sterling-service.ts:110:21)\n' +
    '    at SterlingService.trackOrderAsync (/home/ibrahim/apps/sterling-integration-api/src/services/integrations/sterling-service.ts:23:49)\n' +
    '    at OrderService.trackSterlingOrders (/home/ibrahim/apps/sterling-integration-api/src/services/order-service.ts:638:41)\n' +
    '    at handle (/home/ibrahim/apps/sterling-integration-api/src/tasks/update-order-task.ts:22:28)\n' +
    '    at Task.handleOverLapping (/home/ibrahim/apps/sterling-integration-api/src/tasks/task.ts:87:17)',
  message: "Cannot read properties of undefined (reading 'access_token')",
  error: TypeError: Cannot read properties of undefined (reading 'access_token')
      at SterlingService.getTokenAsync (/home/ibrahim/apps/sterling-integration-api/src/services/integrations/sterling-service.ts:138:65)
      at processTicksAndRejections (node:internal/process/task_queues:95:5)
      at SterlingService.requestAsync (/home/ibrahim/apps/sterling-integration-api/src/services/integrations/sterling-service.ts:110:21)
      at SterlingService.trackOrderAsync (/home/ibrahim/apps/sterling-integration-api/src/services/integrations/sterling-service.ts:23:49)
      at OrderService.trackSterlingOrders (/home/ibrahim/apps/sterling-integration-api/src/services/order-service.ts:638:41)
      at handle (/home/ibrahim/apps/sterling-integration-api/src/tasks/update-order-task.ts:22:28)
      at Task.handleOverLapping (/home/ibrahim/apps/sterling-integration-api/src/tasks/task.ts:87:17),
  level: 'error',
  timestamp: '2026-05-04 11:26:57'
}
{
  name: 'TypeError',
  stack: "TypeError: Cannot read properties of undefined (reading 'access_token')\n" +
    '    at SterlingService.getTokenAsync (/home/ibrahim/apps/sterling-integration-api/src/services/integrations/sterling-service.ts:138:65)\n' +
    '    at processTicksAndRejections (node:internal/process/task_queues:95:5)\n' +
    '    at SterlingService.requestAsync (/home/ibrahim/apps/sterling-integration-api/src/services/integrations/sterling-service.ts:110:21)\n' +
    '    at SterlingService.trackOrderAsync (/home/ibrahim/apps/sterling-integration-api/src/services/integrations/sterling-service.ts:23:49)\n' +
    '    at OrderService.trackSterlingOrders (/home/ibrahim/apps/sterling-integration-api/src/services/order-service.ts:638:41)\n' +
    '    at handle (/home/ibrahim/apps/sterling-integration-api/src/tasks/update-order-task.ts:22:28)\n' +
    '    at Task.handleOverLapping (/home/ibrahim/apps/sterling-integration-api/src/tasks/task.ts:87:17)',
  message: "Cannot read properties of undefined (reading 'access_token')",
  error: TypeError: Cannot read properties of undefined (reading 'access_token')
      at SterlingService.getTokenAsync (/home/ibrahim/apps/sterling-integration-api/src/services/integrations/sterling-service.ts:138:65)
      at processTicksAndRejections (node:internal/process/task_queues:95:5)
      at SterlingService.requestAsync (/home/ibrahim/apps/sterling-integration-api/src/services/integrations/sterling-service.ts:110:21)
      at SterlingService.trackOrderAsync (/home/ibrahim/apps/sterling-integration-api/src/services/integrations/sterling-service.ts:23:49)
      at OrderService.trackSterlingOrders (/home/ibrahim/apps/sterling-integration-api/src/services/order-service.ts:638:41)
      at handle (/home/ibrahim/apps/sterling-integration-api/src/tasks/update-order-task.ts:22:28)
      at Task.handleOverLapping (/home/ibrahim/apps/sterling-integration-api/src/tasks/task.ts:87:17),
  level: 'error',
  timestamp: '2026-05-04 11:26:57'
}
{
  name: 'TypeError',
  stack: "TypeError: Cannot read properties of undefined (reading 'access_token')\n" +
    '    at SterlingService.getTokenAsync (/home/ibrahim/apps/sterling-integration-api/src/services/integrations/sterling-service.ts:138:65)\n' +
    '    at processTicksAndRejections (node:internal/process/task_queues:95:5)\n' +
    '    at SterlingService.requestAsync (/home/ibrahim/apps/sterling-integration-api/src/services/integrations/sterling-service.ts:110:21)\n' +
    '    at SterlingService.trackOrderAsync (/home/ibrahim/apps/sterling-integration-api/src/services/integrations/sterling-service.ts:23:49)\n' +
    '    at OrderService.trackSterlingOrders (/home/ibrahim/apps/sterling-integration-api/src/services/order-service.ts:638:41)\n' +
    '    at handle (/home/ibrahim/apps/sterling-integration-api/src/tasks/update-order-task.ts:22:28)\n' +
    '    at Task.handleOverLapping (/home/ibrahim/apps/sterling-integration-api/src/tasks/task.ts:87:17)',
  message: "Cannot read properties of undefined (reading 'access_token')",
  error: TypeError: Cannot read properties of undefined (reading 'access_token')
      at SterlingService.getTokenAsync (/home/ibrahim/apps/sterling-integration-api/src/services/integrations/sterling-service.ts:138:65)
      at processTicksAndRejections (node:internal/process/task_queues:95:5)
      at SterlingService.requestAsync (/home/ibrahim/apps/sterling-integration-api/src/services/integrations/sterling-service.ts:110:21)
      at SterlingService.trackOrderAsync (/home/ibrahim/apps/sterling-integration-api/src/services/integrations/sterling-service.ts:23:49)
      at OrderService.trackSterlingOrders (/home/ibrahim/apps/sterling-integration-api/src/services/order-service.ts:638:41)
      at handle (/home/ibrahim/apps/sterling-integration-api/src/tasks/update-order-task.ts:22:28)
      at Task.handleOverLapping (/home/ibrahim/apps/sterling-integration-api/src/tasks/task.ts:87:17),
  level: 'error',
  timestamp: '2026-05-04 11:26:57'
}
{
  name: 'TypeError',
  stack: "TypeError: Cannot read properties of undefined (reading 'access_token')\n" +
    '    at SterlingService.getTokenAsync (/home/ibrahim/apps/sterling-integration-api/src/services/integrations/sterling-service.ts:138:65)\n' +
    '    at processTicksAndRejections (node:internal/process/task_queues:95:5)\n' +
    '    at SterlingService.requestAsync (/home/ibrahim/apps/sterling-integration-api/src/services/integrations/sterling-service.ts:110:21)\n' +
    '    at SterlingService.trackOrderAsync (/home/ibrahim/apps/sterling-integration-api/src/services/integrations/sterling-service.ts:23:49)\n' +
    '    at OrderService.trackSterlingOrders (/home/ibrahim/apps/sterling-integration-api/src/services/order-service.ts:638:41)\n' +
    '    at handle (/home/ibrahim/apps/sterling-integration-api/src/tasks/update-order-task.ts:22:28)\n' +
    '    at Task.handleOverLapping (/home/ibrahim/apps/sterling-integration-api/src/tasks/task.ts:87:17)',
  message: "Cannot read properties of undefined (reading 'access_token')",
  error: TypeError: Cannot read properties of undefined (reading 'access_token')
      at SterlingService.getTokenAsync (/home/ibrahim/apps/sterling-integration-api/src/services/integrations/sterling-service.ts:138:65)
      at processTicksAndRejections (node:internal/process/task_queues:95:5)
      at SterlingService.requestAsync (/home/ibrahim/apps/sterling-integration-api/src/services/integrations/sterling-service.ts:110:21)
      at SterlingService.trackOrderAsync (/home/ibrahim/apps/sterling-integration-api/src/services/integrations/sterling-service.ts:23:49)
      at OrderService.trackSterlingOrders (/home/ibrahim/apps/sterling-integration-api/src/services/order-service.ts:638:41)
      at handle (/home/ibrahim/apps/sterling-integration-api/src/tasks/update-order-task.ts:22:28)
      at Task.handleOverLapping (/home/ibrahim/apps/sterling-integration-api/src/tasks/task.ts:87:17),
  level: 'error',
  timestamp: '2026-05-04 11:26:57'
}
{
  name: 'TypeError',
  stack: "TypeError: Cannot read properties of undefined (reading 'access_token')\n" +
    '    at SterlingService.getTokenAsync (/home/ibrahim/apps/sterling-integration-api/src/services/integrations/sterling-service.ts:138:65)\n' +
    '    at processTicksAndRejections (node:internal/process/task_queues:95:5)\n' +
    '    at SterlingService.requestAsync (/home/ibrahim/apps/sterling-integration-api/src/services/integrations/sterling-service.ts:110:21)\n' +
    '    at SterlingService.trackOrderAsync (/home/ibrahim/apps/sterling-integration-api/src/services/integrations/sterling-service.ts:23:49)\n' +
    '    at OrderService.trackSterlingOrders (/home/ibrahim/apps/sterling-integration-api/src/services/order-service.ts:638:41)\n' +
    '    at handle (/home/ibrahim/apps/sterling-integration-api/src/tasks/update-order-task.ts:22:28)\n' +
    '    at Task.handleOverLapping (/home/ibrahim/apps/sterling-integration-api/src/tasks/task.ts:87:17)',
  message: "Cannot read properties of undefined (reading 'access_token')",
  error: TypeError: Cannot read properties of undefined (reading 'access_token')
      at SterlingService.getTokenAsync (/home/ibrahim/apps/sterling-integration-api/src/services/integrations/sterling-service.ts:138:65)
      at processTicksAndRejections (node:internal/process/task_queues:95:5)
      at SterlingService.requestAsync (/home/ibrahim/apps/sterling-integration-api/src/services/integrations/sterling-service.ts:110:21)
      at SterlingService.trackOrderAsync (/home/ibrahim/apps/sterling-integration-api/src/services/integrations/sterling-service.ts:23:49)
      at OrderService.trackSterlingOrders (/home/ibrahim/apps/sterling-integration-api/src/services/order-service.ts:638:41)
      at handle (/home/ibrahim/apps/sterling-integration-api/src/tasks/update-order-task.ts:22:28)
      at Task.handleOverLapping (/home/ibrahim/apps/sterling-integration-api/src/tasks/task.ts:87:17),
  level: 'error',
  timestamp: '2026-05-04 11:26:57'
}
{
  name: 'TypeError',
  stack: "TypeError: Cannot read properties of undefined (reading 'access_token')\n" +
    '    at SterlingService.getTokenAsync (/home/ibrahim/apps/sterling-integration-api/src/services/integrations/sterling-service.ts:138:65)\n' +
    '    at processTicksAndRejections (node:internal/process/task_queues:95:5)\n' +
    '    at SterlingService.requestAsync (/home/ibrahim/apps/sterling-integration-api/src/services/integrations/sterling-service.ts:110:21)\n' +
    '    at SterlingService.trackOrderAsync (/home/ibrahim/apps/sterling-integration-api/src/services/integrations/sterling-service.ts:23:49)\n' +
    '    at OrderService.trackSterlingOrders (/home/ibrahim/apps/sterling-integration-api/src/services/order-service.ts:638:41)\n' +
    '    at handle (/home/ibrahim/apps/sterling-integration-api/src/tasks/update-order-task.ts:22:28)\n' +
    '    at Task.handleOverLapping (/home/ibrahim/apps/sterling-integration-api/src/tasks/task.ts:87:17)',
  message: "Cannot read properties of undefined (reading 'access_token')",
  error: TypeError: Cannot read properties of undefined (reading 'access_token')
      at SterlingService.getTokenAsync (/home/ibrahim/apps/sterling-integration-api/src/services/integrations/sterling-service.ts:138:65)
      at processTicksAndRejections (node:internal/process/task_queues:95:5)
      at SterlingService.requestAsync (/home/ibrahim/apps/sterling-integration-api/src/services/integrations/sterling-service.ts:110:21)
      at SterlingService.trackOrderAsync (/home/ibrahim/apps/sterling-integration-api/src/services/integrations/sterling-service.ts:23:49)
      at OrderService.trackSterlingOrders (/home/ibrahim/apps/sterling-integration-api/src/services/order-service.ts:638:41)
      at handle (/home/ibrahim/apps/sterling-integration-api/src/tasks/update-order-task.ts:22:28)
      at Task.handleOverLapping (/home/ibrahim/apps/sterling-integration-api/src/tasks/task.ts:87:17),
  level: 'error',
  timestamp: '2026-05-04 11:26:58'
}
{
  name: 'TypeError',
  stack: "TypeError: Cannot read properties of undefined (reading 'access_token')\n" +
    '    at SterlingService.getTokenAsync (/home/ibrahim/apps/sterling-integration-api/src/services/integrations/sterling-service.ts:138:65)\n' +
    '    at processTicksAndRejections (node:internal/process/task_queues:95:5)\n' +
    '    at SterlingService.requestAsync (/home/ibrahim/apps/sterling-integration-api/src/services/integrations/sterling-service.ts:110:21)\n' +
    '    at SterlingService.trackOrderAsync (/home/ibrahim/apps/sterling-integration-api/src/services/integrations/sterling-service.ts:23:49)\n' +
    '    at OrderService.trackSterlingOrders (/home/ibrahim/apps/sterling-integration-api/src/services/order-service.ts:638:41)\n' +
    '    at handle (/home/ibrahim/apps/sterling-integration-api/src/tasks/update-order-task.ts:22:28)\n' +
    '    at Task.handleOverLapping (/home/ibrahim/apps/sterling-integration-api/src/tasks/task.ts:87:17)',
  message: "Cannot read properties of undefined (reading 'access_token')",
  error: TypeError: Cannot read properties of undefined (reading 'access_token')
      at SterlingService.getTokenAsync (/home/ibrahim/apps/sterling-integration-api/src/services/integrations/sterling-service.ts:138:65)
      at processTicksAndRejections (node:internal/process/task_queues:95:5)
      at SterlingService.requestAsync (/home/ibrahim/apps/sterling-integration-api/src/services/integrations/sterling-service.ts:110:21)
      at SterlingService.trackOrderAsync (/home/ibrahim/apps/sterling-integration-api/src/services/integrations/sterling-service.ts:23:49)
      at OrderService.trackSterlingOrders (/home/ibrahim/apps/sterling-integration-api/src/services/order-service.ts:638:41)
      at handle (/home/ibrahim/apps/sterling-integration-api/src/tasks/update-order-task.ts:22:28)
      at Task.handleOverLapping (/home/ibrahim/apps/sterling-integration-api/src/tasks/task.ts:87:17),
  level: 'error',
  timestamp: '2026-05-04 11:26:58'
}
{
  name: 'TypeError',
  stack: "TypeError: Cannot read properties of undefined (reading 'access_token')\n" +
    '    at SterlingService.getTokenAsync (/home/ibrahim/apps/sterling-integration-api/src/services/integrations/sterling-service.ts:138:65)\n' +
    '    at processTicksAndRejections (node:internal/process/task_queues:95:5)\n' +
    '    at SterlingService.requestAsync (/home/ibrahim/apps/sterling-integration-api/src/services/integrations/sterling-service.ts:110:21)\n' +
    '    at SterlingService.trackOrderAsync (/home/ibrahim/apps/sterling-integration-api/src/services/integrations/sterling-service.ts:23:49)\n' +
    '    at OrderService.trackSterlingOrders (/home/ibrahim/apps/sterling-integration-api/src/services/order-service.ts:638:41)\n' +
    '    at handle (/home/ibrahim/apps/sterling-integration-api/src/tasks/update-order-task.ts:22:28)\n' +
    '    at Task.handleOverLapping (/home/ibrahim/apps/sterling-integration-api/src/tasks/task.ts:87:17)',
  message: "Cannot read properties of undefined (reading 'access_token')",
  error: TypeError: Cannot read properties of undefined (reading 'access_token')
      at SterlingService.getTokenAsync (/home/ibrahim/apps/sterling-integration-api/src/services/integrations/sterling-service.ts:138:65)
      at processTicksAndRejections (node:internal/process/task_queues:95:5)
      at SterlingService.requestAsync (/home/ibrahim/apps/sterling-integration-api/src/services/integrations/sterling-service.ts:110:21)
      at SterlingService.trackOrderAsync (/home/ibrahim/apps/sterling-integration-api/src/services/integrations/sterling-service.ts:23:49)
      at OrderService.trackSterlingOrders (/home/ibrahim/apps/sterling-integration-api/src/services/order-service.ts:638:41)
      at handle (/home/ibrahim/apps/sterling-integration-api/src/tasks/update-order-task.ts:22:28)
      at Task.handleOverLapping (/home/ibrahim/apps/sterling-integration-api/src/tasks/task.ts:87:17),
  level: 'error',
  timestamp: '2026-05-04 11:26:58'
}
{
  name: 'TypeError',
  stack: "TypeError: Cannot read properties of undefined (reading 'access_token')\n" +
    '    at SterlingService.getTokenAsync (/home/ibrahim/apps/sterling-integration-api/src/services/integrations/sterling-service.ts:138:65)\n' +
    '    at processTicksAndRejections (node:internal/process/task_queues:95:5)\n' +
    '    at SterlingService.requestAsync (/home/ibrahim/apps/sterling-integration-api/src/services/integrations/sterling-service.ts:110:21)\n' +
    '    at SterlingService.trackOrderAsync (/home/ibrahim/apps/sterling-integration-api/src/services/integrations/sterling-service.ts:23:49)\n' +
    '    at OrderService.trackSterlingOrders (/home/ibrahim/apps/sterling-integration-api/src/services/order-service.ts:638:41)\n' +
    '    at handle (/home/ibrahim/apps/sterling-integration-api/src/tasks/update-order-task.ts:22:28)\n' +
    '    at Task.handleOverLapping (/home/ibrahim/apps/sterling-integration-api/src/tasks/task.ts:87:17)',
  message: "Cannot read properties of undefined (reading 'access_token')",
  error: TypeError: Cannot read properties of undefined (reading 'access_token')
      at SterlingService.getTokenAsync (/home/ibrahim/apps/sterling-integration-api/src/services/integrations/sterling-service.ts:138:65)
      at processTicksAndRejections (node:internal/process/task_queues:95:5)
      at SterlingService.requestAsync (/home/ibrahim/apps/sterling-integration-api/src/services/integrations/sterling-service.ts:110:21)
      at SterlingService.trackOrderAsync (/home/ibrahim/apps/sterling-integration-api/src/services/integrations/sterling-service.ts:23:49)
      at OrderService.trackSterlingOrders (/home/ibrahim/apps/sterling-integration-api/src/services/order-service.ts:638:41)
      at handle (/home/ibrahim/apps/sterling-integration-api/src/tasks/update-order-task.ts:22:28)
      at Task.handleOverLapping (/home/ibrahim/apps/sterling-integration-api/src/tasks/task.ts:87:17),
  level: 'error',
  timestamp: '2026-05-04 11:26:58'
}
{
  name: 'TypeError',
  stack: "TypeError: Cannot read properties of undefined (reading 'access_token')\n" +
    '    at SterlingService.getTokenAsync (/home/ibrahim/apps/sterling-integration-api/src/services/integrations/sterling-service.ts:138:65)\n' +
    '    at processTicksAndRejections (node:internal/process/task_queues:95:5)\n' +
    '    at SterlingService.requestAsync (/home/ibrahim/apps/sterling-integration-api/src/services/integrations/sterling-service.ts:110:21)\n' +
    '    at SterlingService.trackOrderAsync (/home/ibrahim/apps/sterling-integration-api/src/services/integrations/sterling-service.ts:23:49)\n' +
    '    at OrderService.trackSterlingOrders (/home/ibrahim/apps/sterling-integration-api/src/services/order-service.ts:638:41)\n' +
    '    at handle (/home/ibrahim/apps/sterling-integration-api/src/tasks/update-order-task.ts:22:28)\n' +
    '    at Task.handleOverLapping (/home/ibrahim/apps/sterling-integration-api/src/tasks/task.ts:87:17)',
  message: "Cannot read properties of undefined (reading 'access_token')",
  error: TypeError: Cannot read properties of undefined (reading 'access_token')
      at SterlingService.getTokenAsync (/home/ibrahim/apps/sterling-integration-api/src/services/integrations/sterling-service.ts:138:65)
      at processTicksAndRejections (node:internal/process/task_queues:95:5)
      at SterlingService.requestAsync (/home/ibrahim/apps/sterling-integration-api/src/services/integrations/sterling-service.ts:110:21)
      at SterlingService.trackOrderAsync (/home/ibrahim/apps/sterling-integration-api/src/services/integrations/sterling-service.ts:23:49)
      at OrderService.trackSterlingOrders (/home/ibrahim/apps/sterling-integration-api/src/services/order-service.ts:638:41)
      at handle (/home/ibrahim/apps/sterling-integration-api/src/tasks/update-order-task.ts:22:28)
      at Task.handleOverLapping (/home/ibrahim/apps/sterling-integration-api/src/tasks/task.ts:87:17),
  level: 'error',
  timestamp: '2026-05-04 11:26:58'
}
{
  name: 'TypeError',
  stack: "TypeError: Cannot read properties of undefined (reading 'access_token')\n" +
    '    at SterlingService.getTokenAsync (/home/ibrahim/apps/sterling-integration-api/src/services/integrations/sterling-service.ts:138:65)\n' +
    '    at processTicksAndRejections (node:internal/process/task_queues:95:5)\n' +
    '    at SterlingService.requestAsync (/home/ibrahim/apps/sterling-integration-api/src/services/integrations/sterling-service.ts:110:21)\n' +
    '    at SterlingService.trackOrderAsync (/home/ibrahim/apps/sterling-integration-api/src/services/integrations/sterling-service.ts:23:49)\n' +
    '    at OrderService.trackSterlingOrders (/home/ibrahim/apps/sterling-integration-api/src/services/order-service.ts:638:41)\n' +
    '    at handle (/home/ibrahim/apps/sterling-integration-api/src/tasks/update-order-task.ts:22:28)\n' +
    '    at Task.handleOverLapping (/home/ibrahim/apps/sterling-integration-api/src/tasks/task.ts:87:17)',
  message: "Cannot read properties of undefined (reading 'access_token')",
  error: TypeError: Cannot read properties of undefined (reading 'access_token')
      at SterlingService.getTokenAsync (/home/ibrahim/apps/sterling-integration-api/src/services/integrations/sterling-service.ts:138:65)
      at processTicksAndRejections (node:internal/process/task_queues:95:5)
      at SterlingService.requestAsync (/home/ibrahim/apps/sterling-integration-api/src/services/integrations/sterling-service.ts:110:21)
      at SterlingService.trackOrderAsync (/home/ibrahim/apps/sterling-integration-api/src/services/integrations/sterling-service.ts:23:49)
      at OrderService.trackSterlingOrders (/home/ibrahim/apps/sterling-integration-api/src/services/order-service.ts:638:41)
      at handle (/home/ibrahim/apps/sterling-integration-api/src/tasks/update-order-task.ts:22:28)
      at Task.handleOverLapping (/home/ibrahim/apps/sterling-integration-api/src/tasks/task.ts:87:17),
  level: 'error',
  timestamp: '2026-05-04 11:26:58'
}
{
  name: 'TypeError',
  stack: "TypeError: Cannot read properties of undefined (reading 'access_token')\n" +
    '    at SterlingService.getTokenAsync (/home/ibrahim/apps/sterling-integration-api/src/services/integrations/sterling-service.ts:138:65)\n' +
    '    at processTicksAndRejections (node:internal/process/task_queues:95:5)\n' +
    '    at SterlingService.requestAsync (/home/ibrahim/apps/sterling-integration-api/src/services/integrations/sterling-service.ts:110:21)\n' +
    '    at SterlingService.trackOrderAsync (/home/ibrahim/apps/sterling-integration-api/src/services/integrations/sterling-service.ts:23:49)\n' +
    '    at OrderService.trackSterlingOrders (/home/ibrahim/apps/sterling-integration-api/src/services/order-service.ts:638:41)\n' +
    '    at handle (/home/ibrahim/apps/sterling-integration-api/src/tasks/update-order-task.ts:22:28)\n' +
    '    at Task.handleOverLapping (/home/ibrahim/apps/sterling-integration-api/src/tasks/task.ts:87:17)',
  message: "Cannot read properties of undefined (reading 'access_token')",
  error: TypeError: Cannot read properties of undefined (reading 'access_token')
      at SterlingService.getTokenAsync (/home/ibrahim/apps/sterling-integration-api/src/services/integrations/sterling-service.ts:138:65)
      at processTicksAndRejections (node:internal/process/task_queues:95:5)
      at SterlingService.requestAsync (/home/ibrahim/apps/sterling-integration-api/src/services/integrations/sterling-service.ts:110:21)
      at SterlingService.trackOrderAsync (/home/ibrahim/apps/sterling-integration-api/src/services/integrations/sterling-service.ts:23:49)
      at OrderService.trackSterlingOrders (/home/ibrahim/apps/sterling-integration-api/src/services/order-service.ts:638:41)
      at handle (/home/ibrahim/apps/sterling-integration-api/src/tasks/update-order-task.ts:22:28)
      at Task.handleOverLapping (/home/ibrahim/apps/sterling-integration-api/src/tasks/task.ts:87:17),
  level: 'error',
  timestamp: '2026-05-04 11:26:58'
}
{
  name: 'TypeError',
  stack: "TypeError: Cannot read properties of undefined (reading 'access_token')\n" +
    '    at SterlingService.getTokenAsync (/home/ibrahim/apps/sterling-integration-api/src/services/integrations/sterling-service.ts:138:65)\n' +
    '    at processTicksAndRejections (node:internal/process/task_queues:95:5)\n' +
    '    at SterlingService.requestAsync (/home/ibrahim/apps/sterling-integration-api/src/services/integrations/sterling-service.ts:110:21)\n' +
    '    at SterlingService.trackOrderAsync (/home/ibrahim/apps/sterling-integration-api/src/services/integrations/sterling-service.ts:23:49)\n' +
    '    at OrderService.trackSterlingOrders (/home/ibrahim/apps/sterling-integration-api/src/services/order-service.ts:638:41)\n' +
    '    at handle (/home/ibrahim/apps/sterling-integration-api/src/tasks/update-order-task.ts:22:28)\n' +
    '    at Task.handleOverLapping (/home/ibrahim/apps/sterling-integration-api/src/tasks/task.ts:87:17)',
  message: "Cannot read properties of undefined (reading 'access_token')",
  error: TypeError: Cannot read properties of undefined (reading 'access_token')
      at SterlingService.getTokenAsync (/home/ibrahim/apps/sterling-integration-api/src/services/integrations/sterling-service.ts:138:65)
      at processTicksAndRejections (node:internal/process/task_queues:95:5)
      at SterlingService.requestAsync (/home/ibrahim/apps/sterling-integration-api/src/services/integrations/sterling-service.ts:110:21)
      at SterlingService.trackOrderAsync (/home/ibrahim/apps/sterling-integration-api/src/services/integrations/sterling-service.ts:23:49)
      at OrderService.trackSterlingOrders (/home/ibrahim/apps/sterling-integration-api/src/services/order-service.ts:638:41)
      at handle (/home/ibrahim/apps/sterling-integration-api/src/tasks/update-order-task.ts:22:28)
      at Task.handleOverLapping (/home/ibrahim/apps/sterling-integration-api/src/tasks/task.ts:87:17),
  level: 'error',
  timestamp: '2026-05-04 11:26:58'
}
{
  name: 'TypeError',
  stack: "TypeError: Cannot read properties of undefined (reading 'access_token')\n" +
    '    at SterlingService.getTokenAsync (/home/ibrahim/apps/sterling-integration-api/src/services/integrations/sterling-service.ts:138:65)\n' +
    '    at processTicksAndRejections (node:internal/process/task_queues:95:5)\n' +
    '    at SterlingService.requestAsync (/home/ibrahim/apps/sterling-integration-api/src/services/integrations/sterling-service.ts:110:21)\n' +
    '    at SterlingService.trackOrderAsync (/home/ibrahim/apps/sterling-integration-api/src/services/integrations/sterling-service.ts:23:49)\n' +
    '    at OrderService.trackSterlingOrders (/home/ibrahim/apps/sterling-integration-api/src/services/order-service.ts:638:41)\n' +
    '    at handle (/home/ibrahim/apps/sterling-integration-api/src/tasks/update-order-task.ts:22:28)\n' +
    '    at Task.handleOverLapping (/home/ibrahim/apps/sterling-integration-api/src/tasks/task.ts:87:17)',
  message: "Cannot read properties of undefined (reading 'access_token')",
  error: TypeError: Cannot read properties of undefined (reading 'access_token')
      at SterlingService.getTokenAsync (/home/ibrahim/apps/sterling-integration-api/src/services/integrations/sterling-service.ts:138:65)
      at processTicksAndRejections (node:internal/process/task_queues:95:5)
      at SterlingService.requestAsync (/home/ibrahim/apps/sterling-integration-api/src/services/integrations/sterling-service.ts:110:21)
      at SterlingService.trackOrderAsync (/home/ibrahim/apps/sterling-integration-api/src/services/integrations/sterling-service.ts:23:49)
      at OrderService.trackSterlingOrders (/home/ibrahim/apps/sterling-integration-api/src/services/order-service.ts:638:41)
      at handle (/home/ibrahim/apps/sterling-integration-api/src/tasks/update-order-task.ts:22:28)
      at Task.handleOverLapping (/home/ibrahim/apps/sterling-integration-api/src/tasks/task.ts:87:17),
  level: 'error',
  timestamp: '2026-05-04 11:26:58'
}
{
  name: 'TypeError',
  stack: "TypeError: Cannot read properties of undefined (reading 'access_token')\n" +
    '    at SterlingService.getTokenAsync (/home/ibrahim/apps/sterling-integration-api/src/services/integrations/sterling-service.ts:138:65)\n' +
    '    at processTicksAndRejections (node:internal/process/task_queues:95:5)\n' +
    '    at SterlingService.requestAsync (/home/ibrahim/apps/sterling-integration-api/src/services/integrations/sterling-service.ts:110:21)\n' +
    '    at SterlingService.trackOrderAsync (/home/ibrahim/apps/sterling-integration-api/src/services/integrations/sterling-service.ts:23:49)\n' +
    '    at OrderService.trackSterlingOrders (/home/ibrahim/apps/sterling-integration-api/src/services/order-service.ts:638:41)\n' +
    '    at handle (/home/ibrahim/apps/sterling-integration-api/src/tasks/update-order-task.ts:22:28)\n' +
    '    at Task.handleOverLapping (/home/ibrahim/apps/sterling-integration-api/src/tasks/task.ts:87:17)',
  message: "Cannot read properties of undefined (reading 'access_token')",
  error: TypeError: Cannot read properties of undefined (reading 'access_token')
      at SterlingService.getTokenAsync (/home/ibrahim/apps/sterling-integration-api/src/services/integrations/sterling-service.ts:138:65)
      at processTicksAndRejections (node:internal/process/task_queues:95:5)
      at SterlingService.requestAsync (/home/ibrahim/apps/sterling-integration-api/src/services/integrations/sterling-service.ts:110:21)
      at SterlingService.trackOrderAsync (/home/ibrahim/apps/sterling-integration-api/src/services/integrations/sterling-service.ts:23:49)
      at OrderService.trackSterlingOrders (/home/ibrahim/apps/sterling-integration-api/src/services/order-service.ts:638:41)
      at handle (/home/ibrahim/apps/sterling-integration-api/src/tasks/update-order-task.ts:22:28)
      at Task.handleOverLapping (/home/ibrahim/apps/sterling-integration-api/src/tasks/task.ts:87:17),
  level: 'error',
  timestamp: '2026-05-04 11:26:59'
}
{
  name: 'TypeError',
  stack: "TypeError: Cannot read properties of undefined (reading 'access_token')\n" +
    '    at SterlingService.getTokenAsync (/home/ibrahim/apps/sterling-integration-api/src/services/integrations/sterling-service.ts:138:65)\n' +
    '    at processTicksAndRejections (node:internal/process/task_queues:95:5)\n' +
    '    at SterlingService.requestAsync (/home/ibrahim/apps/sterling-integration-api/src/services/integrations/sterling-service.ts:110:21)\n' +
    '    at SterlingService.trackOrderAsync (/home/ibrahim/apps/sterling-integration-api/src/services/integrations/sterling-service.ts:23:49)\n' +
    '    at OrderService.trackSterlingOrders (/home/ibrahim/apps/sterling-integration-api/src/services/order-service.ts:638:41)\n' +
    '    at handle (/home/ibrahim/apps/sterling-integration-api/src/tasks/update-order-task.ts:22:28)\n' +
    '    at Task.handleOverLapping (/home/ibrahim/apps/sterling-integration-api/src/tasks/task.ts:87:17)',
  message: "Cannot read properties of undefined (reading 'access_token')",
  error: TypeError: Cannot read properties of undefined (reading 'access_token')
      at SterlingService.getTokenAsync (/home/ibrahim/apps/sterling-integration-api/src/services/integrations/sterling-service.ts:138:65)
      at processTicksAndRejections (node:internal/process/task_queues:95:5)
      at SterlingService.requestAsync (/home/ibrahim/apps/sterling-integration-api/src/services/integrations/sterling-service.ts:110:21)
      at SterlingService.trackOrderAsync (/home/ibrahim/apps/sterling-integration-api/src/services/integrations/sterling-service.ts:23:49)
      at OrderService.trackSterlingOrders (/home/ibrahim/apps/sterling-integration-api/src/services/order-service.ts:638:41)
      at handle (/home/ibrahim/apps/sterling-integration-api/src/tasks/update-order-task.ts:22:28)
      at Task.handleOverLapping (/home/ibrahim/apps/sterling-integration-api/src/tasks/task.ts:87:17),
  level: 'error',
  timestamp: '2026-05-04 11:26:59'
}
{
  name: 'TypeError',
  stack: "TypeError: Cannot read properties of undefined (reading 'access_token')\n" +
    '    at SterlingService.getTokenAsync (/home/ibrahim/apps/sterling-integration-api/src/services/integrations/sterling-service.ts:138:65)\n' +
    '    at processTicksAndRejections (node:internal/process/task_queues:95:5)\n' +
    '    at SterlingService.requestAsync (/home/ibrahim/apps/sterling-integration-api/src/services/integrations/sterling-service.ts:110:21)\n' +
    '    at SterlingService.trackOrderAsync (/home/ibrahim/apps/sterling-integration-api/src/services/integrations/sterling-service.ts:23:49)\n' +
    '    at OrderService.trackSterlingOrders (/home/ibrahim/apps/sterling-integration-api/src/services/order-service.ts:638:41)\n' +
    '    at handle (/home/ibrahim/apps/sterling-integration-api/src/tasks/update-order-task.ts:22:28)\n' +
    '    at Task.handleOverLapping (/home/ibrahim/apps/sterling-integration-api/src/tasks/task.ts:87:17)',
  message: "Cannot read properties of undefined (reading 'access_token')",
  error: TypeError: Cannot read properties of undefined (reading 'access_token')
      at SterlingService.getTokenAsync (/home/ibrahim/apps/sterling-integration-api/src/services/integrations/sterling-service.ts:138:65)
      at processTicksAndRejections (node:internal/process/task_queues:95:5)
      at SterlingService.requestAsync (/home/ibrahim/apps/sterling-integration-api/src/services/integrations/sterling-service.ts:110:21)
      at SterlingService.trackOrderAsync (/home/ibrahim/apps/sterling-integration-api/src/services/integrations/sterling-service.ts:23:49)
      at OrderService.trackSterlingOrders (/home/ibrahim/apps/sterling-integration-api/src/services/order-service.ts:638:41)
      at handle (/home/ibrahim/apps/sterling-integration-api/src/tasks/update-order-task.ts:22:28)
      at Task.handleOverLapping (/home/ibrahim/apps/sterling-integration-api/src/tasks/task.ts:87:17),
  level: 'error',
  timestamp: '2026-05-04 11:26:59'
}
{
  name: 'TypeError',
  stack: "TypeError: Cannot read properties of undefined (reading 'access_token')\n" +
    '    at SterlingService.getTokenAsync (/home/ibrahim/apps/sterling-integration-api/src/services/integrations/sterling-service.ts:138:65)\n' +
    '    at processTicksAndRejections (node:internal/process/task_queues:95:5)\n' +
    '    at SterlingService.requestAsync (/home/ibrahim/apps/sterling-integration-api/src/services/integrations/sterling-service.ts:110:21)\n' +
    '    at SterlingService.trackOrderAsync (/home/ibrahim/apps/sterling-integration-api/src/services/integrations/sterling-service.ts:23:49)\n' +
    '    at OrderService.trackSterlingOrders (/home/ibrahim/apps/sterling-integration-api/src/services/order-service.ts:638:41)\n' +
    '    at handle (/home/ibrahim/apps/sterling-integration-api/src/tasks/update-order-task.ts:22:28)\n' +
    '    at Task.handleOverLapping (/home/ibrahim/apps/sterling-integration-api/src/tasks/task.ts:87:17)',
  message: "Cannot read properties of undefined (reading 'access_token')",
  error: TypeError: Cannot read properties of undefined (reading 'access_token')
      at SterlingService.getTokenAsync (/home/ibrahim/apps/sterling-integration-api/src/services/integrations/sterling-service.ts:138:65)
      at processTicksAndRejections (node:internal/process/task_queues:95:5)
      at SterlingService.requestAsync (/home/ibrahim/apps/sterling-integration-api/src/services/integrations/sterling-service.ts:110:21)
      at SterlingService.trackOrderAsync (/home/ibrahim/apps/sterling-integration-api/src/services/integrations/sterling-service.ts:23:49)
      at OrderService.trackSterlingOrders (/home/ibrahim/apps/sterling-integration-api/src/services/order-service.ts:638:41)
      at handle (/home/ibrahim/apps/sterling-integration-api/src/tasks/update-order-task.ts:22:28)
      at Task.handleOverLapping (/home/ibrahim/apps/sterling-integration-api/src/tasks/task.ts:87:17),
  level: 'error',
  timestamp: '2026-05-04 11:26:59'
}
{
  name: 'TypeError',
  stack: "TypeError: Cannot read properties of undefined (reading 'access_token')\n" +
    '    at SterlingService.getTokenAsync (/home/ibrahim/apps/sterling-integration-api/src/services/integrations/sterling-service.ts:138:65)\n' +
    '    at processTicksAndRejections (node:internal/process/task_queues:95:5)\n' +
    '    at SterlingService.requestAsync (/home/ibrahim/apps/sterling-integration-api/src/services/integrations/sterling-service.ts:110:21)\n' +
    '    at SterlingService.trackOrderAsync (/home/ibrahim/apps/sterling-integration-api/src/services/integrations/sterling-service.ts:23:49)\n' +
    '    at OrderService.trackSterlingOrders (/home/ibrahim/apps/sterling-integration-api/src/services/order-service.ts:638:41)\n' +
    '    at handle (/home/ibrahim/apps/sterling-integration-api/src/tasks/update-order-task.ts:22:28)\n' +
    '    at Task.handleOverLapping (/home/ibrahim/apps/sterling-integration-api/src/tasks/task.ts:87:17)',
  message: "Cannot read properties of undefined (reading 'access_token')",
  error: TypeError: Cannot read properties of undefined (reading 'access_token')
      at SterlingService.getTokenAsync (/home/ibrahim/apps/sterling-integration-api/src/services/integrations/sterling-service.ts:138:65)
      at processTicksAndRejections (node:internal/process/task_queues:95:5)
      at SterlingService.requestAsync (/home/ibrahim/apps/sterling-integration-api/src/services/integrations/sterling-service.ts:110:21)
      at SterlingService.trackOrderAsync (/home/ibrahim/apps/sterling-integration-api/src/services/integrations/sterling-service.ts:23:49)
      at OrderService.trackSterlingOrders (/home/ibrahim/apps/sterling-integration-api/src/services/order-service.ts:638:41)
      at handle (/home/ibrahim/apps/sterling-integration-api/src/tasks/update-order-task.ts:22:28)
      at Task.handleOverLapping (/home/ibrahim/apps/sterling-integration-api/src/tasks/task.ts:87:17),
  level: 'error',
  timestamp: '2026-05-04 11:26:59'
}
{
  name: 'TypeError',
  stack: "TypeError: Cannot read properties of undefined (reading 'access_token')\n" +
    '    at SterlingService.getTokenAsync (/home/ibrahim/apps/sterling-integration-api/src/services/integrations/sterling-service.ts:138:65)\n' +
    '    at processTicksAndRejections (node:internal/process/task_queues:95:5)\n' +
    '    at SterlingService.requestAsync (/home/ibrahim/apps/sterling-integration-api/src/services/integrations/sterling-service.ts:110:21)\n' +
    '    at SterlingService.trackOrderAsync (/home/ibrahim/apps/sterling-integration-api/src/services/integrations/sterling-service.ts:23:49)\n' +
    '    at OrderService.trackSterlingOrders (/home/ibrahim/apps/sterling-integration-api/src/services/order-service.ts:638:41)\n' +
    '    at handle (/home/ibrahim/apps/sterling-integration-api/src/tasks/update-order-task.ts:22:28)\n' +
    '    at Task.handleOverLapping (/home/ibrahim/apps/sterling-integration-api/src/tasks/task.ts:87:17)',
  message: "Cannot read properties of undefined (reading 'access_token')",
  error: TypeError: Cannot read properties of undefined (reading 'access_token')
      at SterlingService.getTokenAsync (/home/ibrahim/apps/sterling-integration-api/src/services/integrations/sterling-service.ts:138:65)
      at processTicksAndRejections (node:internal/process/task_queues:95:5)
      at SterlingService.requestAsync (/home/ibrahim/apps/sterling-integration-api/src/services/integrations/sterling-service.ts:110:21)
      at SterlingService.trackOrderAsync (/home/ibrahim/apps/sterling-integration-api/src/services/integrations/sterling-service.ts:23:49)
      at OrderService.trackSterlingOrders (/home/ibrahim/apps/sterling-integration-api/src/services/order-service.ts:638:41)
      at handle (/home/ibrahim/apps/sterling-integration-api/src/tasks/update-order-task.ts:22:28)
      at Task.handleOverLapping (/home/ibrahim/apps/sterling-integration-api/src/tasks/task.ts:87:17),
  level: 'error',
  timestamp: '2026-05-04 11:26:59'
}
{
  name: 'TypeError',
  stack: "TypeError: Cannot read properties of undefined (reading 'access_token')\n" +
    '    at SterlingService.getTokenAsync (/home/ibrahim/apps/sterling-integration-api/src/services/integrations/sterling-service.ts:138:65)\n' +
    '    at processTicksAndRejections (node:internal/process/task_queues:95:5)\n' +
    '    at SterlingService.requestAsync (/home/ibrahim/apps/sterling-integration-api/src/services/integrations/sterling-service.ts:110:21)\n' +
    '    at SterlingService.trackOrderAsync (/home/ibrahim/apps/sterling-integration-api/src/services/integrations/sterling-service.ts:23:49)\n' +
    '    at OrderService.trackSterlingOrders (/home/ibrahim/apps/sterling-integration-api/src/services/order-service.ts:638:41)\n' +
    '    at handle (/home/ibrahim/apps/sterling-integration-api/src/tasks/update-order-task.ts:22:28)\n' +
    '    at Task.handleOverLapping (/home/ibrahim/apps/sterling-integration-api/src/tasks/task.ts:87:17)',
  message: "Cannot read properties of undefined (reading 'access_token')",
  error: TypeError: Cannot read properties of undefined (reading 'access_token')
      at SterlingService.getTokenAsync (/home/ibrahim/apps/sterling-integration-api/src/services/integrations/sterling-service.ts:138:65)
      at processTicksAndRejections (node:internal/process/task_queues:95:5)
      at SterlingService.requestAsync (/home/ibrahim/apps/sterling-integration-api/src/services/integrations/sterling-service.ts:110:21)
      at SterlingService.trackOrderAsync (/home/ibrahim/apps/sterling-integration-api/src/services/integrations/sterling-service.ts:23:49)
      at OrderService.trackSterlingOrders (/home/ibrahim/apps/sterling-integration-api/src/services/order-service.ts:638:41)
      at handle (/home/ibrahim/apps/sterling-integration-api/src/tasks/update-order-task.ts:22:28)
      at Task.handleOverLapping (/home/ibrahim/apps/sterling-integration-api/src/tasks/task.ts:87:17),
  level: 'error',
  timestamp: '2026-05-04 11:26:59'
}
{
  name: 'TypeError',
  stack: "TypeError: Cannot read properties of undefined (reading 'access_token')\n" +
    '    at SterlingService.getTokenAsync (/home/ibrahim/apps/sterling-integration-api/src/services/integrations/sterling-service.ts:138:65)\n' +
    '    at processTicksAndRejections (node:internal/process/task_queues:95:5)\n' +
    '    at SterlingService.requestAsync (/home/ibrahim/apps/sterling-integration-api/src/services/integrations/sterling-service.ts:110:21)\n' +
    '    at SterlingService.trackOrderAsync (/home/ibrahim/apps/sterling-integration-api/src/services/integrations/sterling-service.ts:23:49)\n' +
    '    at OrderService.trackSterlingOrders (/home/ibrahim/apps/sterling-integration-api/src/services/order-service.ts:638:41)\n' +
    '    at handle (/home/ibrahim/apps/sterling-integration-api/src/tasks/update-order-task.ts:22:28)\n' +
    '    at Task.handleOverLapping (/home/ibrahim/apps/sterling-integration-api/src/tasks/task.ts:87:17)',
  message: "Cannot read properties of undefined (reading 'access_token')",
  error: TypeError: Cannot read properties of undefined (reading 'access_token')
      at SterlingService.getTokenAsync (/home/ibrahim/apps/sterling-integration-api/src/services/integrations/sterling-service.ts:138:65)
      at processTicksAndRejections (node:internal/process/task_queues:95:5)
      at SterlingService.requestAsync (/home/ibrahim/apps/sterling-integration-api/src/services/integrations/sterling-service.ts:110:21)
      at SterlingService.trackOrderAsync (/home/ibrahim/apps/sterling-integration-api/src/services/integrations/sterling-service.ts:23:49)
      at OrderService.trackSterlingOrders (/home/ibrahim/apps/sterling-integration-api/src/services/order-service.ts:638:41)
      at handle (/home/ibrahim/apps/sterling-integration-api/src/tasks/update-order-task.ts:22:28)
      at Task.handleOverLapping (/home/ibrahim/apps/sterling-integration-api/src/tasks/task.ts:87:17),
  level: 'error',
  timestamp: '2026-05-04 11:26:59'
}
{
  name: 'TypeError',
  stack: "TypeError: Cannot read properties of undefined (reading 'access_token')\n" +
    '    at SterlingService.getTokenAsync (/home/ibrahim/apps/sterling-integration-api/src/services/integrations/sterling-service.ts:138:65)\n' +
    '    at processTicksAndRejections (node:internal/process/task_queues:95:5)\n' +
    '    at SterlingService.requestAsync (/home/ibrahim/apps/sterling-integration-api/src/services/integrations/sterling-service.ts:110:21)\n' +
    '    at SterlingService.trackOrderAsync (/home/ibrahim/apps/sterling-integration-api/src/services/integrations/sterling-service.ts:23:49)\n' +
    '    at OrderService.trackSterlingOrders (/home/ibrahim/apps/sterling-integration-api/src/services/order-service.ts:638:41)\n' +
    '    at handle (/home/ibrahim/apps/sterling-integration-api/src/tasks/update-order-task.ts:22:28)\n' +
    '    at Task.handleOverLapping (/home/ibrahim/apps/sterling-integration-api/src/tasks/task.ts:87:17)',
  message: "Cannot read properties of undefined (reading 'access_token')",
  error: TypeError: Cannot read properties of undefined (reading 'access_token')
      at SterlingService.getTokenAsync (/home/ibrahim/apps/sterling-integration-api/src/services/integrations/sterling-service.ts:138:65)
      at processTicksAndRejections (node:internal/process/task_queues:95:5)
      at SterlingService.requestAsync (/home/ibrahim/apps/sterling-integration-api/src/services/integrations/sterling-service.ts:110:21)
      at SterlingService.trackOrderAsync (/home/ibrahim/apps/sterling-integration-api/src/services/integrations/sterling-service.ts:23:49)
      at OrderService.trackSterlingOrders (/home/ibrahim/apps/sterling-integration-api/src/services/order-service.ts:638:41)
      at handle (/home/ibrahim/apps/sterling-integration-api/src/tasks/update-order-task.ts:22:28)
      at Task.handleOverLapping (/home/ibrahim/apps/sterling-integration-api/src/tasks/task.ts:87:17),
  level: 'error',
  timestamp: '2026-05-04 11:27:00'
}
{
  name: 'TypeError',
  stack: "TypeError: Cannot read properties of undefined (reading 'access_token')\n" +
    '    at SterlingService.getTokenAsync (/home/ibrahim/apps/sterling-integration-api/src/services/integrations/sterling-service.ts:138:65)\n' +
    '    at processTicksAndRejections (node:internal/process/task_queues:95:5)\n' +
    '    at SterlingService.requestAsync (/home/ibrahim/apps/sterling-integration-api/src/services/integrations/sterling-service.ts:110:21)\n' +
    '    at SterlingService.trackOrderAsync (/home/ibrahim/apps/sterling-integration-api/src/services/integrations/sterling-service.ts:23:49)\n' +
    '    at OrderService.trackSterlingOrders (/home/ibrahim/apps/sterling-integration-api/src/services/order-service.ts:638:41)\n' +
    '    at handle (/home/ibrahim/apps/sterling-integration-api/src/tasks/update-order-task.ts:22:28)\n' +
    '    at Task.handleOverLapping (/home/ibrahim/apps/sterling-integration-api/src/tasks/task.ts:87:17)',
  message: "Cannot read properties of undefined (reading 'access_token')",
  error: TypeError: Cannot read properties of undefined (reading 'access_token')
      at SterlingService.getTokenAsync (/home/ibrahim/apps/sterling-integration-api/src/services/integrations/sterling-service.ts:138:65)
      at processTicksAndRejections (node:internal/process/task_queues:95:5)
      at SterlingService.requestAsync (/home/ibrahim/apps/sterling-integration-api/src/services/integrations/sterling-service.ts:110:21)
      at SterlingService.trackOrderAsync (/home/ibrahim/apps/sterling-integration-api/src/services/integrations/sterling-service.ts:23:49)
      at OrderService.trackSterlingOrders (/home/ibrahim/apps/sterling-integration-api/src/services/order-service.ts:638:41)
      at handle (/home/ibrahim/apps/sterling-integration-api/src/tasks/update-order-task.ts:22:28)
      at Task.handleOverLapping (/home/ibrahim/apps/sterling-integration-api/src/tasks/task.ts:87:17),
  level: 'error',
  timestamp: '2026-05-04 11:27:00'
}
{
  name: 'TypeError',
  stack: "TypeError: Cannot read properties of undefined (reading 'access_token')\n" +
    '    at SterlingService.getTokenAsync (/home/ibrahim/apps/sterling-integration-api/src/services/integrations/sterling-service.ts:138:65)\n' +
    '    at processTicksAndRejections (node:internal/process/task_queues:95:5)\n' +
    '    at SterlingService.requestAsync (/home/ibrahim/apps/sterling-integration-api/src/services/integrations/sterling-service.ts:110:21)\n' +
    '    at SterlingService.trackOrderAsync (/home/ibrahim/apps/sterling-integration-api/src/services/integrations/sterling-service.ts:23:49)\n' +
    '    at OrderService.trackSterlingOrders (/home/ibrahim/apps/sterling-integration-api/src/services/order-service.ts:638:41)\n' +
    '    at handle (/home/ibrahim/apps/sterling-integration-api/src/tasks/update-order-task.ts:22:28)\n' +
    '    at Task.handleOverLapping (/home/ibrahim/apps/sterling-integration-api/src/tasks/task.ts:87:17)',
  message: "Cannot read properties of undefined (reading 'access_token')",
  error: TypeError: Cannot read properties of undefined (reading 'access_token')
      at SterlingService.getTokenAsync (/home/ibrahim/apps/sterling-integration-api/src/services/integrations/sterling-service.ts:138:65)
      at processTicksAndRejections (node:internal/process/task_queues:95:5)
      at SterlingService.requestAsync (/home/ibrahim/apps/sterling-integration-api/src/services/integrations/sterling-service.ts:110:21)
      at SterlingService.trackOrderAsync (/home/ibrahim/apps/sterling-integration-api/src/services/integrations/sterling-service.ts:23:49)
      at OrderService.trackSterlingOrders (/home/ibrahim/apps/sterling-integration-api/src/services/order-service.ts:638:41)
      at handle (/home/ibrahim/apps/sterling-integration-api/src/tasks/update-order-task.ts:22:28)
      at Task.handleOverLapping (/home/ibrahim/apps/sterling-integration-api/src/tasks/task.ts:87:17),
  level: 'error',
  timestamp: '2026-05-04 11:27:00'
}
{
  name: 'TypeError',
  stack: "TypeError: Cannot read properties of undefined (reading 'access_token')\n" +
    '    at SterlingService.getTokenAsync (/home/ibrahim/apps/sterling-integration-api/src/services/integrations/sterling-service.ts:138:65)\n' +
    '    at processTicksAndRejections (node:internal/process/task_queues:95:5)\n' +
    '    at SterlingService.requestAsync (/home/ibrahim/apps/sterling-integration-api/src/services/integrations/sterling-service.ts:110:21)\n' +
    '    at SterlingService.trackOrderAsync (/home/ibrahim/apps/sterling-integration-api/src/services/integrations/sterling-service.ts:23:49)\n' +
    '    at OrderService.trackSterlingOrders (/home/ibrahim/apps/sterling-integration-api/src/services/order-service.ts:638:41)\n' +
    '    at handle (/home/ibrahim/apps/sterling-integration-api/src/tasks/update-order-task.ts:22:28)\n' +
    '    at Task.handleOverLapping (/home/ibrahim/apps/sterling-integration-api/src/tasks/task.ts:87:17)',
  message: "Cannot read properties of undefined (reading 'access_token')",
  error: TypeError: Cannot read properties of undefined (reading 'access_token')
      at SterlingService.getTokenAsync (/home/ibrahim/apps/sterling-integration-api/src/services/integrations/sterling-service.ts:138:65)
      at processTicksAndRejections (node:internal/process/task_queues:95:5)
      at SterlingService.requestAsync (/home/ibrahim/apps/sterling-integration-api/src/services/integrations/sterling-service.ts:110:21)
      at SterlingService.trackOrderAsync (/home/ibrahim/apps/sterling-integration-api/src/services/integrations/sterling-service.ts:23:49)
      at OrderService.trackSterlingOrders (/home/ibrahim/apps/sterling-integration-api/src/services/order-service.ts:638:41)
      at handle (/home/ibrahim/apps/sterling-integration-api/src/tasks/update-order-task.ts:22:28)
      at Task.handleOverLapping (/home/ibrahim/apps/sterling-integration-api/src/tasks/task.ts:87:17),
  level: 'error',
  timestamp: '2026-05-04 11:27:00'
}
{
  name: 'TypeError',
  stack: "TypeError: Cannot read properties of undefined (reading 'access_token')\n" +
    '    at SterlingService.getTokenAsync (/home/ibrahim/apps/sterling-integration-api/src/services/integrations/sterling-service.ts:138:65)\n' +
    '    at processTicksAndRejections (node:internal/process/task_queues:95:5)\n' +
    '    at SterlingService.requestAsync (/home/ibrahim/apps/sterling-integration-api/src/services/integrations/sterling-service.ts:110:21)\n' +
    '    at SterlingService.trackOrderAsync (/home/ibrahim/apps/sterling-integration-api/src/services/integrations/sterling-service.ts:23:49)\n' +
    '    at OrderService.trackSterlingOrders (/home/ibrahim/apps/sterling-integration-api/src/services/order-service.ts:638:41)\n' +
    '    at handle (/home/ibrahim/apps/sterling-integration-api/src/tasks/update-order-task.ts:22:28)\n' +
    '    at Task.handleOverLapping (/home/ibrahim/apps/sterling-integration-api/src/tasks/task.ts:87:17)',
  message: "Cannot read properties of undefined (reading 'access_token')",
  error: TypeError: Cannot read properties of undefined (reading 'access_token')
      at SterlingService.getTokenAsync (/home/ibrahim/apps/sterling-integration-api/src/services/integrations/sterling-service.ts:138:65)
      at processTicksAndRejections (node:internal/process/task_queues:95:5)
      at SterlingService.requestAsync (/home/ibrahim/apps/sterling-integration-api/src/services/integrations/sterling-service.ts:110:21)
      at SterlingService.trackOrderAsync (/home/ibrahim/apps/sterling-integration-api/src/services/integrations/sterling-service.ts:23:49)
      at OrderService.trackSterlingOrders (/home/ibrahim/apps/sterling-integration-api/src/services/order-service.ts:638:41)
      at handle (/home/ibrahim/apps/sterling-integration-api/src/tasks/update-order-task.ts:22:28)
      at Task.handleOverLapping (/home/ibrahim/apps/sterling-integration-api/src/tasks/task.ts:87:17),
  level: 'error',
  timestamp: '2026-05-04 11:27:00'
}
{
  name: 'TypeError',
  stack: "TypeError: Cannot read properties of undefined (reading 'access_token')\n" +
    '    at SterlingService.getTokenAsync (/home/ibrahim/apps/sterling-integration-api/src/services/integrations/sterling-service.ts:138:65)\n' +
    '    at processTicksAndRejections (node:internal/process/task_queues:95:5)\n' +
    '    at SterlingService.requestAsync (/home/ibrahim/apps/sterling-integration-api/src/services/integrations/sterling-service.ts:110:21)\n' +
    '    at SterlingService.trackOrderAsync (/home/ibrahim/apps/sterling-integration-api/src/services/integrations/sterling-service.ts:23:49)\n' +
    '    at OrderService.trackSterlingOrders (/home/ibrahim/apps/sterling-integration-api/src/services/order-service.ts:638:41)\n' +
    '    at handle (/home/ibrahim/apps/sterling-integration-api/src/tasks/update-order-task.ts:22:28)\n' +
    '    at Task.handleOverLapping (/home/ibrahim/apps/sterling-integration-api/src/tasks/task.ts:87:17)',
  message: "Cannot read properties of undefined (reading 'access_token')",
  error: TypeError: Cannot read properties of undefined (reading 'access_token')
      at SterlingService.getTokenAsync (/home/ibrahim/apps/sterling-integration-api/src/services/integrations/sterling-service.ts:138:65)
      at processTicksAndRejections (node:internal/process/task_queues:95:5)
      at SterlingService.requestAsync (/home/ibrahim/apps/sterling-integration-api/src/services/integrations/sterling-service.ts:110:21)
      at SterlingService.trackOrderAsync (/home/ibrahim/apps/sterling-integration-api/src/services/integrations/sterling-service.ts:23:49)
      at OrderService.trackSterlingOrders (/home/ibrahim/apps/sterling-integration-api/src/services/order-service.ts:638:41)
      at handle (/home/ibrahim/apps/sterling-integration-api/src/tasks/update-order-task.ts:22:28)
      at Task.handleOverLapping (/home/ibrahim/apps/sterling-integration-api/src/tasks/task.ts:87:17),
  level: 'error',
  timestamp: '2026-05-04 11:27:00'
}
{
  name: 'TypeError',
  stack: "TypeError: Cannot read properties of undefined (reading 'access_token')\n" +
    '    at SterlingService.getTokenAsync (/home/ibrahim/apps/sterling-integration-api/src/services/integrations/sterling-service.ts:138:65)\n' +
    '    at processTicksAndRejections (node:internal/process/task_queues:95:5)\n' +
    '    at SterlingService.requestAsync (/home/ibrahim/apps/sterling-integration-api/src/services/integrations/sterling-service.ts:110:21)\n' +
    '    at SterlingService.trackOrderAsync (/home/ibrahim/apps/sterling-integration-api/src/services/integrations/sterling-service.ts:23:49)\n' +
    '    at OrderService.trackSterlingOrders (/home/ibrahim/apps/sterling-integration-api/src/services/order-service.ts:638:41)\n' +
    '    at handle (/home/ibrahim/apps/sterling-integration-api/src/tasks/update-order-task.ts:22:28)\n' +
    '    at Task.handleOverLapping (/home/ibrahim/apps/sterling-integration-api/src/tasks/task.ts:87:17)',
  message: "Cannot read properties of undefined (reading 'access_token')",
  error: TypeError: Cannot read properties of undefined (reading 'access_token')
      at SterlingService.getTokenAsync (/home/ibrahim/apps/sterling-integration-api/src/services/integrations/sterling-service.ts:138:65)
      at processTicksAndRejections (node:internal/process/task_queues:95:5)
      at SterlingService.requestAsync (/home/ibrahim/apps/sterling-integration-api/src/services/integrations/sterling-service.ts:110:21)
      at SterlingService.trackOrderAsync (/home/ibrahim/apps/sterling-integration-api/src/services/integrations/sterling-service.ts:23:49)
      at OrderService.trackSterlingOrders (/home/ibrahim/apps/sterling-integration-api/src/services/order-service.ts:638:41)
      at handle (/home/ibrahim/apps/sterling-integration-api/src/tasks/update-order-task.ts:22:28)
      at Task.handleOverLapping (/home/ibrahim/apps/sterling-integration-api/src/tasks/task.ts:87:17),
  level: 'error',
  timestamp: '2026-05-04 11:27:01'
}
{
  name: 'TypeError',
  stack: "TypeError: Cannot read properties of undefined (reading 'access_token')\n" +
    '    at SterlingService.getTokenAsync (/home/ibrahim/apps/sterling-integration-api/src/services/integrations/sterling-service.ts:138:65)\n' +
    '    at processTicksAndRejections (node:internal/process/task_queues:95:5)\n' +
    '    at SterlingService.requestAsync (/home/ibrahim/apps/sterling-integration-api/src/services/integrations/sterling-service.ts:110:21)\n' +
    '    at SterlingService.trackOrderAsync (/home/ibrahim/apps/sterling-integration-api/src/services/integrations/sterling-service.ts:23:49)\n' +
    '    at OrderService.trackSterlingOrders (/home/ibrahim/apps/sterling-integration-api/src/services/order-service.ts:638:41)\n' +
    '    at handle (/home/ibrahim/apps/sterling-integration-api/src/tasks/update-order-task.ts:22:28)\n' +
    '    at Task.handleOverLapping (/home/ibrahim/apps/sterling-integration-api/src/tasks/task.ts:87:17)',
  message: "Cannot read properties of undefined (reading 'access_token')",
  error: TypeError: Cannot read properties of undefined (reading 'access_token')
      at SterlingService.getTokenAsync (/home/ibrahim/apps/sterling-integration-api/src/services/integrations/sterling-service.ts:138:65)
      at processTicksAndRejections (node:internal/process/task_queues:95:5)
      at SterlingService.requestAsync (/home/ibrahim/apps/sterling-integration-api/src/services/integrations/sterling-service.ts:110:21)
      at SterlingService.trackOrderAsync (/home/ibrahim/apps/sterling-integration-api/src/services/integrations/sterling-service.ts:23:49)
      at OrderService.trackSterlingOrders (/home/ibrahim/apps/sterling-integration-api/src/services/order-service.ts:638:41)
      at handle (/home/ibrahim/apps/sterling-integration-api/src/tasks/update-order-task.ts:22:28)
      at Task.handleOverLapping (/home/ibrahim/apps/sterling-integration-api/src/tasks/task.ts:87:17),
  level: 'error',
  timestamp: '2026-05-04 11:27:01'
}
{
  name: 'TypeError',
  stack: "TypeError: Cannot read properties of undefined (reading 'access_token')\n" +
    '    at SterlingService.getTokenAsync (/home/ibrahim/apps/sterling-integration-api/src/services/integrations/sterling-service.ts:138:65)\n' +
    '    at processTicksAndRejections (node:internal/process/task_queues:95:5)\n' +
    '    at SterlingService.requestAsync (/home/ibrahim/apps/sterling-integration-api/src/services/integrations/sterling-service.ts:110:21)\n' +
    '    at SterlingService.trackOrderAsync (/home/ibrahim/apps/sterling-integration-api/src/services/integrations/sterling-service.ts:23:49)\n' +
    '    at OrderService.trackSterlingOrders (/home/ibrahim/apps/sterling-integration-api/src/services/order-service.ts:638:41)\n' +
    '    at handle (/home/ibrahim/apps/sterling-integration-api/src/tasks/update-order-task.ts:22:28)\n' +
    '    at Task.handleOverLapping (/home/ibrahim/apps/sterling-integration-api/src/tasks/task.ts:87:17)',
  message: "Cannot read properties of undefined (reading 'access_token')",
  error: TypeError: Cannot read properties of undefined (reading 'access_token')
      at SterlingService.getTokenAsync (/home/ibrahim/apps/sterling-integration-api/src/services/integrations/sterling-service.ts:138:65)
      at processTicksAndRejections (node:internal/process/task_queues:95:5)
      at SterlingService.requestAsync (/home/ibrahim/apps/sterling-integration-api/src/services/integrations/sterling-service.ts:110:21)
      at SterlingService.trackOrderAsync (/home/ibrahim/apps/sterling-integration-api/src/services/integrations/sterling-service.ts:23:49)
      at OrderService.trackSterlingOrders (/home/ibrahim/apps/sterling-integration-api/src/services/order-service.ts:638:41)
      at handle (/home/ibrahim/apps/sterling-integration-api/src/tasks/update-order-task.ts:22:28)
      at Task.handleOverLapping (/home/ibrahim/apps/sterling-integration-api/src/tasks/task.ts:87:17),
  level: 'error',
  timestamp: '2026-05-04 11:27:01'
}
{
  name: 'TypeError',
  stack: "TypeError: Cannot read properties of undefined (reading 'access_token')\n" +
    '    at SterlingService.getTokenAsync (/home/ibrahim/apps/sterling-integration-api/src/services/integrations/sterling-service.ts:138:65)\n' +
    '    at processTicksAndRejections (node:internal/process/task_queues:95:5)\n' +
    '    at SterlingService.requestAsync (/home/ibrahim/apps/sterling-integration-api/src/services/integrations/sterling-service.ts:110:21)\n' +
    '    at SterlingService.trackOrderAsync (/home/ibrahim/apps/sterling-integration-api/src/services/integrations/sterling-service.ts:23:49)\n' +
    '    at OrderService.trackSterlingOrders (/home/ibrahim/apps/sterling-integration-api/src/services/order-service.ts:638:41)\n' +
    '    at handle (/home/ibrahim/apps/sterling-integration-api/src/tasks/update-order-task.ts:22:28)\n' +
    '    at Task.handleOverLapping (/home/ibrahim/apps/sterling-integration-api/src/tasks/task.ts:87:17)',
  message: "Cannot read properties of undefined (reading 'access_token')",
  error: TypeError: Cannot read properties of undefined (reading 'access_token')
      at SterlingService.getTokenAsync (/home/ibrahim/apps/sterling-integration-api/src/services/integrations/sterling-service.ts:138:65)
      at processTicksAndRejections (node:internal/process/task_queues:95:5)
      at SterlingService.requestAsync (/home/ibrahim/apps/sterling-integration-api/src/services/integrations/sterling-service.ts:110:21)
      at SterlingService.trackOrderAsync (/home/ibrahim/apps/sterling-integration-api/src/services/integrations/sterling-service.ts:23:49)
      at OrderService.trackSterlingOrders (/home/ibrahim/apps/sterling-integration-api/src/services/order-service.ts:638:41)
      at handle (/home/ibrahim/apps/sterling-integration-api/src/tasks/update-order-task.ts:22:28)
      at Task.handleOverLapping (/home/ibrahim/apps/sterling-integration-api/src/tasks/task.ts:87:17),
  level: 'error',
  timestamp: '2026-05-04 11:27:01'
}
{
  name: 'TypeError',
  stack: "TypeError: Cannot read properties of undefined (reading 'access_token')\n" +
    '    at SterlingService.getTokenAsync (/home/ibrahim/apps/sterling-integration-api/src/services/integrations/sterling-service.ts:138:65)\n' +
    '    at processTicksAndRejections (node:internal/process/task_queues:95:5)\n' +
    '    at SterlingService.requestAsync (/home/ibrahim/apps/sterling-integration-api/src/services/integrations/sterling-service.ts:110:21)\n' +
    '    at SterlingService.trackOrderAsync (/home/ibrahim/apps/sterling-integration-api/src/services/integrations/sterling-service.ts:23:49)\n' +
    '    at OrderService.trackSterlingOrders (/home/ibrahim/apps/sterling-integration-api/src/services/order-service.ts:638:41)\n' +
    '    at handle (/home/ibrahim/apps/sterling-integration-api/src/tasks/update-order-task.ts:22:28)\n' +
    '    at Task.handleOverLapping (/home/ibrahim/apps/sterling-integration-api/src/tasks/task.ts:87:17)',
  message: "Cannot read properties of undefined (reading 'access_token')",
  error: TypeError: Cannot read properties of undefined (reading 'access_token')
      at SterlingService.getTokenAsync (/home/ibrahim/apps/sterling-integration-api/src/services/integrations/sterling-service.ts:138:65)
      at processTicksAndRejections (node:internal/process/task_queues:95:5)
      at SterlingService.requestAsync (/home/ibrahim/apps/sterling-integration-api/src/services/integrations/sterling-service.ts:110:21)
      at SterlingService.trackOrderAsync (/home/ibrahim/apps/sterling-integration-api/src/services/integrations/sterling-service.ts:23:49)
      at OrderService.trackSterlingOrders (/home/ibrahim/apps/sterling-integration-api/src/services/order-service.ts:638:41)
      at handle (/home/ibrahim/apps/sterling-integration-api/src/tasks/update-order-task.ts:22:28)
      at Task.handleOverLapping (/home/ibrahim/apps/sterling-integration-api/src/tasks/task.ts:87:17),
  level: 'error',
  timestamp: '2026-05-04 11:27:01'
}
{
  name: 'TypeError',
  stack: "TypeError: Cannot read properties of undefined (reading 'access_token')\n" +
    '    at SterlingService.getTokenAsync (/home/ibrahim/apps/sterling-integration-api/src/services/integrations/sterling-service.ts:138:65)\n' +
    '    at processTicksAndRejections (node:internal/process/task_queues:95:5)\n' +
    '    at SterlingService.requestAsync (/home/ibrahim/apps/sterling-integration-api/src/services/integrations/sterling-service.ts:110:21)\n' +
    '    at SterlingService.trackOrderAsync (/home/ibrahim/apps/sterling-integration-api/src/services/integrations/sterling-service.ts:23:49)\n' +
    '    at OrderService.trackSterlingOrders (/home/ibrahim/apps/sterling-integration-api/src/services/order-service.ts:638:41)\n' +
    '    at handle (/home/ibrahim/apps/sterling-integration-api/src/tasks/update-order-task.ts:22:28)\n' +
    '    at Task.handleOverLapping (/home/ibrahim/apps/sterling-integration-api/src/tasks/task.ts:87:17)',
  message: "Cannot read properties of undefined (reading 'access_token')",
  error: TypeError: Cannot read properties of undefined (reading 'access_token')
      at SterlingService.getTokenAsync (/home/ibrahim/apps/sterling-integration-api/src/services/integrations/sterling-service.ts:138:65)
      at processTicksAndRejections (node:internal/process/task_queues:95:5)
      at SterlingService.requestAsync (/home/ibrahim/apps/sterling-integration-api/src/services/integrations/sterling-service.ts:110:21)
      at SterlingService.trackOrderAsync (/home/ibrahim/apps/sterling-integration-api/src/services/integrations/sterling-service.ts:23:49)
      at OrderService.trackSterlingOrders (/home/ibrahim/apps/sterling-integration-api/src/services/order-service.ts:638:41)
      at handle (/home/ibrahim/apps/sterling-integration-api/src/tasks/update-order-task.ts:22:28)
      at Task.handleOverLapping (/home/ibrahim/apps/sterling-integration-api/src/tasks/task.ts:87:17),
  level: 'error',
  timestamp: '2026-05-04 11:27:01'
}
{
  name: 'TypeError',
  stack: "TypeError: Cannot read properties of undefined (reading 'access_token')\n" +
    '    at SterlingService.getTokenAsync (/home/ibrahim/apps/sterling-integration-api/src/services/integrations/sterling-service.ts:138:65)\n' +
    '    at processTicksAndRejections (node:internal/process/task_queues:95:5)\n' +
    '    at SterlingService.requestAsync (/home/ibrahim/apps/sterling-integration-api/src/services/integrations/sterling-service.ts:110:21)\n' +
    '    at SterlingService.trackOrderAsync (/home/ibrahim/apps/sterling-integration-api/src/services/integrations/sterling-service.ts:23:49)\n' +
    '    at OrderService.trackSterlingOrders (/home/ibrahim/apps/sterling-integration-api/src/services/order-service.ts:638:41)\n' +
    '    at handle (/home/ibrahim/apps/sterling-integration-api/src/tasks/update-order-task.ts:22:28)\n' +
    '    at Task.handleOverLapping (/home/ibrahim/apps/sterling-integration-api/src/tasks/task.ts:87:17)',
  message: "Cannot read properties of undefined (reading 'access_token')",
  error: TypeError: Cannot read properties of undefined (reading 'access_token')
      at SterlingService.getTokenAsync (/home/ibrahim/apps/sterling-integration-api/src/services/integrations/sterling-service.ts:138:65)
      at processTicksAndRejections (node:internal/process/task_queues:95:5)
      at SterlingService.requestAsync (/home/ibrahim/apps/sterling-integration-api/src/services/integrations/sterling-service.ts:110:21)
      at SterlingService.trackOrderAsync (/home/ibrahim/apps/sterling-integration-api/src/services/integrations/sterling-service.ts:23:49)
      at OrderService.trackSterlingOrders (/home/ibrahim/apps/sterling-integration-api/src/services/order-service.ts:638:41)
      at handle (/home/ibrahim/apps/sterling-integration-api/src/tasks/update-order-task.ts:22:28)
      at Task.handleOverLapping (/home/ibrahim/apps/sterling-integration-api/src/tasks/task.ts:87:17),
  level: 'error',
  timestamp: '2026-05-04 11:27:01'
}
{
  name: 'TypeError',
  stack: "TypeError: Cannot read properties of undefined (reading 'access_token')\n" +
    '    at SterlingService.getTokenAsync (/home/ibrahim/apps/sterling-integration-api/src/services/integrations/sterling-service.ts:138:65)\n' +
    '    at processTicksAndRejections (node:internal/process/task_queues:95:5)\n' +
    '    at SterlingService.requestAsync (/home/ibrahim/apps/sterling-integration-api/src/services/integrations/sterling-service.ts:110:21)\n' +
    '    at SterlingService.trackOrderAsync (/home/ibrahim/apps/sterling-integration-api/src/services/integrations/sterling-service.ts:23:49)\n' +
    '    at OrderService.trackSterlingOrders (/home/ibrahim/apps/sterling-integration-api/src/services/order-service.ts:638:41)\n' +
    '    at handle (/home/ibrahim/apps/sterling-integration-api/src/tasks/update-order-task.ts:22:28)\n' +
    '    at Task.handleOverLapping (/home/ibrahim/apps/sterling-integration-api/src/tasks/task.ts:87:17)',
  message: "Cannot read properties of undefined (reading 'access_token')",
  error: TypeError: Cannot read properties of undefined (reading 'access_token')
      at SterlingService.getTokenAsync (/home/ibrahim/apps/sterling-integration-api/src/services/integrations/sterling-service.ts:138:65)
      at processTicksAndRejections (node:internal/process/task_queues:95:5)
      at SterlingService.requestAsync (/home/ibrahim/apps/sterling-integration-api/src/services/integrations/sterling-service.ts:110:21)
      at SterlingService.trackOrderAsync (/home/ibrahim/apps/sterling-integration-api/src/services/integrations/sterling-service.ts:23:49)
      at OrderService.trackSterlingOrders (/home/ibrahim/apps/sterling-integration-api/src/services/order-service.ts:638:41)
      at handle (/home/ibrahim/apps/sterling-integration-api/src/tasks/update-order-task.ts:22:28)
      at Task.handleOverLapping (/home/ibrahim/apps/sterling-integration-api/src/tasks/task.ts:87:17),
  level: 'error',
  timestamp: '2026-05-04 11:27:02'
}
{
  name: 'TypeError',
  stack: "TypeError: Cannot read properties of undefined (reading 'access_token')\n" +
    '    at SterlingService.getTokenAsync (/home/ibrahim/apps/sterling-integration-api/src/services/integrations/sterling-service.ts:138:65)\n' +
    '    at processTicksAndRejections (node:internal/process/task_queues:95:5)\n' +
    '    at SterlingService.requestAsync (/home/ibrahim/apps/sterling-integration-api/src/services/integrations/sterling-service.ts:110:21)\n' +
    '    at SterlingService.trackOrderAsync (/home/ibrahim/apps/sterling-integration-api/src/services/integrations/sterling-service.ts:23:49)\n' +
    '    at OrderService.trackSterlingOrders (/home/ibrahim/apps/sterling-integration-api/src/services/order-service.ts:638:41)\n' +
    '    at handle (/home/ibrahim/apps/sterling-integration-api/src/tasks/update-order-task.ts:22:28)\n' +
    '    at Task.handleOverLapping (/home/ibrahim/apps/sterling-integration-api/src/tasks/task.ts:87:17)',
  message: "Cannot read properties of undefined (reading 'access_token')",
  error: TypeError: Cannot read properties of undefined (reading 'access_token')
      at SterlingService.getTokenAsync (/home/ibrahim/apps/sterling-integration-api/src/services/integrations/sterling-service.ts:138:65)
      at processTicksAndRejections (node:internal/process/task_queues:95:5)
      at SterlingService.requestAsync (/home/ibrahim/apps/sterling-integration-api/src/services/integrations/sterling-service.ts:110:21)
      at SterlingService.trackOrderAsync (/home/ibrahim/apps/sterling-integration-api/src/services/integrations/sterling-service.ts:23:49)
      at OrderService.trackSterlingOrders (/home/ibrahim/apps/sterling-integration-api/src/services/order-service.ts:638:41)
      at handle (/home/ibrahim/apps/sterling-integration-api/src/tasks/update-order-task.ts:22:28)
      at Task.handleOverLapping (/home/ibrahim/apps/sterling-integration-api/src/tasks/task.ts:87:17),
  level: 'error',
  timestamp: '2026-05-04 11:27:02'
}
{
  name: 'TypeError',
  stack: "TypeError: Cannot read properties of undefined (reading 'access_token')\n" +
    '    at SterlingService.getTokenAsync (/home/ibrahim/apps/sterling-integration-api/src/services/integrations/sterling-service.ts:138:65)\n' +
    '    at processTicksAndRejections (node:internal/process/task_queues:95:5)\n' +
    '    at SterlingService.requestAsync (/home/ibrahim/apps/sterling-integration-api/src/services/integrations/sterling-service.ts:110:21)\n' +
    '    at SterlingService.trackOrderAsync (/home/ibrahim/apps/sterling-integration-api/src/services/integrations/sterling-service.ts:23:49)\n' +
    '    at OrderService.trackSterlingOrders (/home/ibrahim/apps/sterling-integration-api/src/services/order-service.ts:638:41)\n' +
    '    at handle (/home/ibrahim/apps/sterling-integration-api/src/tasks/update-order-task.ts:22:28)\n' +
    '    at Task.handleOverLapping (/home/ibrahim/apps/sterling-integration-api/src/tasks/task.ts:87:17)',
  message: "Cannot read properties of undefined (reading 'access_token')",
  error: TypeError: Cannot read properties of undefined (reading 'access_token')
      at SterlingService.getTokenAsync (/home/ibrahim/apps/sterling-integration-api/src/services/integrations/sterling-service.ts:138:65)
      at processTicksAndRejections (node:internal/process/task_queues:95:5)
      at SterlingService.requestAsync (/home/ibrahim/apps/sterling-integration-api/src/services/integrations/sterling-service.ts:110:21)
      at SterlingService.trackOrderAsync (/home/ibrahim/apps/sterling-integration-api/src/services/integrations/sterling-service.ts:23:49)
      at OrderService.trackSterlingOrders (/home/ibrahim/apps/sterling-integration-api/src/services/order-service.ts:638:41)
      at handle (/home/ibrahim/apps/sterling-integration-api/src/tasks/update-order-task.ts:22:28)
      at Task.handleOverLapping (/home/ibrahim/apps/sterling-integration-api/src/tasks/task.ts:87:17),
  level: 'error',
  timestamp: '2026-05-04 11:27:02'
}
{
  name: 'TypeError',
  stack: "TypeError: Cannot read properties of undefined (reading 'access_token')\n" +
    '    at SterlingService.getTokenAsync (/home/ibrahim/apps/sterling-integration-api/src/services/integrations/sterling-service.ts:138:65)\n' +
    '    at processTicksAndRejections (node:internal/process/task_queues:95:5)\n' +
    '    at SterlingService.requestAsync (/home/ibrahim/apps/sterling-integration-api/src/services/integrations/sterling-service.ts:110:21)\n' +
    '    at SterlingService.trackOrderAsync (/home/ibrahim/apps/sterling-integration-api/src/services/integrations/sterling-service.ts:23:49)\n' +
    '    at OrderService.trackSterlingOrders (/home/ibrahim/apps/sterling-integration-api/src/services/order-service.ts:638:41)\n' +
    '    at handle (/home/ibrahim/apps/sterling-integration-api/src/tasks/update-order-task.ts:22:28)\n' +
    '    at Task.handleOverLapping (/home/ibrahim/apps/sterling-integration-api/src/tasks/task.ts:87:17)',
  message: "Cannot read properties of undefined (reading 'access_token')",
  error: TypeError: Cannot read properties of undefined (reading 'access_token')
      at SterlingService.getTokenAsync (/home/ibrahim/apps/sterling-integration-api/src/services/integrations/sterling-service.ts:138:65)
      at processTicksAndRejections (node:internal/process/task_queues:95:5)
      at SterlingService.requestAsync (/home/ibrahim/apps/sterling-integration-api/src/services/integrations/sterling-service.ts:110:21)
      at SterlingService.trackOrderAsync (/home/ibrahim/apps/sterling-integration-api/src/services/integrations/sterling-service.ts:23:49)
      at OrderService.trackSterlingOrders (/home/ibrahim/apps/sterling-integration-api/src/services/order-service.ts:638:41)
      at handle (/home/ibrahim/apps/sterling-integration-api/src/tasks/update-order-task.ts:22:28)
      at Task.handleOverLapping (/home/ibrahim/apps/sterling-integration-api/src/tasks/task.ts:87:17),
  level: 'error',
  timestamp: '2026-05-04 11:27:02'
}
{
  name: 'TypeError',
  stack: "TypeError: Cannot read properties of undefined (reading 'access_token')\n" +
    '    at SterlingService.getTokenAsync (/home/ibrahim/apps/sterling-integration-api/src/services/integrations/sterling-service.ts:138:65)\n' +
    '    at processTicksAndRejections (node:internal/process/task_queues:95:5)\n' +
    '    at SterlingService.requestAsync (/home/ibrahim/apps/sterling-integration-api/src/services/integrations/sterling-service.ts:110:21)\n' +
    '    at SterlingService.trackOrderAsync (/home/ibrahim/apps/sterling-integration-api/src/services/integrations/sterling-service.ts:23:49)\n' +
    '    at OrderService.trackSterlingOrders (/home/ibrahim/apps/sterling-integration-api/src/services/order-service.ts:638:41)\n' +
    '    at handle (/home/ibrahim/apps/sterling-integration-api/src/tasks/update-order-task.ts:22:28)\n' +
    '    at Task.handleOverLapping (/home/ibrahim/apps/sterling-integration-api/src/tasks/task.ts:87:17)',
  message: "Cannot read properties of undefined (reading 'access_token')",
  error: TypeError: Cannot read properties of undefined (reading 'access_token')
      at SterlingService.getTokenAsync (/home/ibrahim/apps/sterling-integration-api/src/services/integrations/sterling-service.ts:138:65)
      at processTicksAndRejections (node:internal/process/task_queues:95:5)
      at SterlingService.requestAsync (/home/ibrahim/apps/sterling-integration-api/src/services/integrations/sterling-service.ts:110:21)
      at SterlingService.trackOrderAsync (/home/ibrahim/apps/sterling-integration-api/src/services/integrations/sterling-service.ts:23:49)
      at OrderService.trackSterlingOrders (/home/ibrahim/apps/sterling-integration-api/src/services/order-service.ts:638:41)
      at handle (/home/ibrahim/apps/sterling-integration-api/src/tasks/update-order-task.ts:22:28)
      at Task.handleOverLapping (/home/ibrahim/apps/sterling-integration-api/src/tasks/task.ts:87:17),
  level: 'error',
  timestamp: '2026-05-04 11:27:02'
}
{
  name: 'TypeError',
  stack: "TypeError: Cannot read properties of undefined (reading 'access_token')\n" +
    '    at SterlingService.getTokenAsync (/home/ibrahim/apps/sterling-integration-api/src/services/integrations/sterling-service.ts:138:65)\n' +
    '    at processTicksAndRejections (node:internal/process/task_queues:95:5)\n' +
    '    at SterlingService.requestAsync (/home/ibrahim/apps/sterling-integration-api/src/services/integrations/sterling-service.ts:110:21)\n' +
    '    at SterlingService.trackOrderAsync (/home/ibrahim/apps/sterling-integration-api/src/services/integrations/sterling-service.ts:23:49)\n' +
    '    at OrderService.trackSterlingOrders (/home/ibrahim/apps/sterling-integration-api/src/services/order-service.ts:638:41)\n' +
    '    at handle (/home/ibrahim/apps/sterling-integration-api/src/tasks/update-order-task.ts:22:28)\n' +
    '    at Task.handleOverLapping (/home/ibrahim/apps/sterling-integration-api/src/tasks/task.ts:87:17)',
  message: "Cannot read properties of undefined (reading 'access_token')",
  error: TypeError: Cannot read properties of undefined (reading 'access_token')
      at SterlingService.getTokenAsync (/home/ibrahim/apps/sterling-integration-api/src/services/integrations/sterling-service.ts:138:65)
      at processTicksAndRejections (node:internal/process/task_queues:95:5)
      at SterlingService.requestAsync (/home/ibrahim/apps/sterling-integration-api/src/services/integrations/sterling-service.ts:110:21)
      at SterlingService.trackOrderAsync (/home/ibrahim/apps/sterling-integration-api/src/services/integrations/sterling-service.ts:23:49)
      at OrderService.trackSterlingOrders (/home/ibrahim/apps/sterling-integration-api/src/services/order-service.ts:638:41)
      at handle (/home/ibrahim/apps/sterling-integration-api/src/tasks/update-order-task.ts:22:28)
      at Task.handleOverLapping (/home/ibrahim/apps/sterling-integration-api/src/tasks/task.ts:87:17),
  level: 'error',
  timestamp: '2026-05-04 11:27:02'
}
{
  name: 'TypeError',
  stack: "TypeError: Cannot read properties of undefined (reading 'access_token')\n" +
    '    at SterlingService.getTokenAsync (/home/ibrahim/apps/sterling-integration-api/src/services/integrations/sterling-service.ts:138:65)\n' +
    '    at processTicksAndRejections (node:internal/process/task_queues:95:5)\n' +
    '    at SterlingService.requestAsync (/home/ibrahim/apps/sterling-integration-api/src/services/integrations/sterling-service.ts:110:21)\n' +
    '    at SterlingService.trackOrderAsync (/home/ibrahim/apps/sterling-integration-api/src/services/integrations/sterling-service.ts:23:49)\n' +
    '    at OrderService.trackSterlingOrders (/home/ibrahim/apps/sterling-integration-api/src/services/order-service.ts:638:41)\n' +
    '    at handle (/home/ibrahim/apps/sterling-integration-api/src/tasks/update-order-task.ts:22:28)\n' +
    '    at Task.handleOverLapping (/home/ibrahim/apps/sterling-integration-api/src/tasks/task.ts:87:17)',
  message: "Cannot read properties of undefined (reading 'access_token')",
  error: TypeError: Cannot read properties of undefined (reading 'access_token')
      at SterlingService.getTokenAsync (/home/ibrahim/apps/sterling-integration-api/src/services/integrations/sterling-service.ts:138:65)
      at processTicksAndRejections (node:internal/process/task_queues:95:5)
      at SterlingService.requestAsync (/home/ibrahim/apps/sterling-integration-api/src/services/integrations/sterling-service.ts:110:21)
      at SterlingService.trackOrderAsync (/home/ibrahim/apps/sterling-integration-api/src/services/integrations/sterling-service.ts:23:49)
      at OrderService.trackSterlingOrders (/home/ibrahim/apps/sterling-integration-api/src/services/order-service.ts:638:41)
      at handle (/home/ibrahim/apps/sterling-integration-api/src/tasks/update-order-task.ts:22:28)
      at Task.handleOverLapping (/home/ibrahim/apps/sterling-integration-api/src/tasks/task.ts:87:17),
  level: 'error',
  timestamp: '2026-05-04 11:27:02'
}
{
  name: 'TypeError',
  stack: "TypeError: Cannot read properties of undefined (reading 'access_token')\n" +
    '    at SterlingService.getTokenAsync (/home/ibrahim/apps/sterling-integration-api/src/services/integrations/sterling-service.ts:138:65)\n' +
    '    at processTicksAndRejections (node:internal/process/task_queues:95:5)\n' +
    '    at SterlingService.requestAsync (/home/ibrahim/apps/sterling-integration-api/src/services/integrations/sterling-service.ts:110:21)\n' +
    '    at SterlingService.trackOrderAsync (/home/ibrahim/apps/sterling-integration-api/src/services/integrations/sterling-service.ts:23:49)\n' +
    '    at OrderService.trackSterlingOrders (/home/ibrahim/apps/sterling-integration-api/src/services/order-service.ts:638:41)\n' +
    '    at handle (/home/ibrahim/apps/sterling-integration-api/src/tasks/update-order-task.ts:22:28)\n' +
    '    at Task.handleOverLapping (/home/ibrahim/apps/sterling-integration-api/src/tasks/task.ts:87:17)',
  message: "Cannot read properties of undefined (reading 'access_token')",
  error: TypeError: Cannot read properties of undefined (reading 'access_token')
      at SterlingService.getTokenAsync (/home/ibrahim/apps/sterling-integration-api/src/services/integrations/sterling-service.ts:138:65)
      at processTicksAndRejections (node:internal/process/task_queues:95:5)
      at SterlingService.requestAsync (/home/ibrahim/apps/sterling-integration-api/src/services/integrations/sterling-service.ts:110:21)
      at SterlingService.trackOrderAsync (/home/ibrahim/apps/sterling-integration-api/src/services/integrations/sterling-service.ts:23:49)
      at OrderService.trackSterlingOrders (/home/ibrahim/apps/sterling-integration-api/src/services/order-service.ts:638:41)
      at handle (/home/ibrahim/apps/sterling-integration-api/src/tasks/update-order-task.ts:22:28)
      at Task.handleOverLapping (/home/ibrahim/apps/sterling-integration-api/src/tasks/task.ts:87:17),
  level: 'error',
  timestamp: '2026-05-04 11:27:03'
}
{
  name: 'TypeError',
  stack: "TypeError: Cannot read properties of undefined (reading 'access_token')\n" +
    '    at SterlingService.getTokenAsync (/home/ibrahim/apps/sterling-integration-api/src/services/integrations/sterling-service.ts:138:65)\n' +
    '    at processTicksAndRejections (node:internal/process/task_queues:95:5)\n' +
    '    at SterlingService.requestAsync (/home/ibrahim/apps/sterling-integration-api/src/services/integrations/sterling-service.ts:110:21)\n' +
    '    at SterlingService.trackOrderAsync (/home/ibrahim/apps/sterling-integration-api/src/services/integrations/sterling-service.ts:23:49)\n' +
    '    at OrderService.trackSterlingOrders (/home/ibrahim/apps/sterling-integration-api/src/services/order-service.ts:638:41)\n' +
    '    at handle (/home/ibrahim/apps/sterling-integration-api/src/tasks/update-order-task.ts:22:28)\n' +
    '    at Task.handleOverLapping (/home/ibrahim/apps/sterling-integration-api/src/tasks/task.ts:87:17)',
  message: "Cannot read properties of undefined (reading 'access_token')",
  error: TypeError: Cannot read properties of undefined (reading 'access_token')
      at SterlingService.getTokenAsync (/home/ibrahim/apps/sterling-integration-api/src/services/integrations/sterling-service.ts:138:65)
      at processTicksAndRejections (node:internal/process/task_queues:95:5)
      at SterlingService.requestAsync (/home/ibrahim/apps/sterling-integration-api/src/services/integrations/sterling-service.ts:110:21)
      at SterlingService.trackOrderAsync (/home/ibrahim/apps/sterling-integration-api/src/services/integrations/sterling-service.ts:23:49)
      at OrderService.trackSterlingOrders (/home/ibrahim/apps/sterling-integration-api/src/services/order-service.ts:638:41)
      at handle (/home/ibrahim/apps/sterling-integration-api/src/tasks/update-order-task.ts:22:28)
      at Task.handleOverLapping (/home/ibrahim/apps/sterling-integration-api/src/tasks/task.ts:87:17),
  level: 'error',
  timestamp: '2026-05-04 11:27:03'
}
{
  name: 'TypeError',
  stack: "TypeError: Cannot read properties of undefined (reading 'access_token')\n" +
    '    at SterlingService.getTokenAsync (/home/ibrahim/apps/sterling-integration-api/src/services/integrations/sterling-service.ts:138:65)\n' +
    '    at processTicksAndRejections (node:internal/process/task_queues:95:5)\n' +
    '    at SterlingService.requestAsync (/home/ibrahim/apps/sterling-integration-api/src/services/integrations/sterling-service.ts:110:21)\n' +
    '    at SterlingService.trackOrderAsync (/home/ibrahim/apps/sterling-integration-api/src/services/integrations/sterling-service.ts:23:49)\n' +
    '    at OrderService.trackSterlingOrders (/home/ibrahim/apps/sterling-integration-api/src/services/order-service.ts:638:41)\n' +
    '    at handle (/home/ibrahim/apps/sterling-integration-api/src/tasks/update-order-task.ts:22:28)\n' +
    '    at Task.handleOverLapping (/home/ibrahim/apps/sterling-integration-api/src/tasks/task.ts:87:17)',
  message: "Cannot read properties of undefined (reading 'access_token')",
  error: TypeError: Cannot read properties of undefined (reading 'access_token')
      at SterlingService.getTokenAsync (/home/ibrahim/apps/sterling-integration-api/src/services/integrations/sterling-service.ts:138:65)
      at processTicksAndRejections (node:internal/process/task_queues:95:5)
      at SterlingService.requestAsync (/home/ibrahim/apps/sterling-integration-api/src/services/integrations/sterling-service.ts:110:21)
      at SterlingService.trackOrderAsync (/home/ibrahim/apps/sterling-integration-api/src/services/integrations/sterling-service.ts:23:49)
      at OrderService.trackSterlingOrders (/home/ibrahim/apps/sterling-integration-api/src/services/order-service.ts:638:41)
      at handle (/home/ibrahim/apps/sterling-integration-api/src/tasks/update-order-task.ts:22:28)
      at Task.handleOverLapping (/home/ibrahim/apps/sterling-integration-api/src/tasks/task.ts:87:17),
  level: 'error',
  timestamp: '2026-05-04 11:27:03'
}
{
  name: 'TypeError',
  stack: "TypeError: Cannot read properties of undefined (reading 'access_token')\n" +
    '    at SterlingService.getTokenAsync (/home/ibrahim/apps/sterling-integration-api/src/services/integrations/sterling-service.ts:138:65)\n' +
    '    at processTicksAndRejections (node:internal/process/task_queues:95:5)\n' +
    '    at SterlingService.requestAsync (/home/ibrahim/apps/sterling-integration-api/src/services/integrations/sterling-service.ts:110:21)\n' +
    '    at SterlingService.trackOrderAsync (/home/ibrahim/apps/sterling-integration-api/src/services/integrations/sterling-service.ts:23:49)\n' +
    '    at OrderService.trackSterlingOrders (/home/ibrahim/apps/sterling-integration-api/src/services/order-service.ts:638:41)\n' +
    '    at handle (/home/ibrahim/apps/sterling-integration-api/src/tasks/update-order-task.ts:22:28)\n' +
    '    at Task.handleOverLapping (/home/ibrahim/apps/sterling-integration-api/src/tasks/task.ts:87:17)',
  message: "Cannot read properties of undefined (reading 'access_token')",
  error: TypeError: Cannot read properties of undefined (reading 'access_token')
      at SterlingService.getTokenAsync (/home/ibrahim/apps/sterling-integration-api/src/services/integrations/sterling-service.ts:138:65)
      at processTicksAndRejections (node:internal/process/task_queues:95:5)
      at SterlingService.requestAsync (/home/ibrahim/apps/sterling-integration-api/src/services/integrations/sterling-service.ts:110:21)
      at SterlingService.trackOrderAsync (/home/ibrahim/apps/sterling-integration-api/src/services/integrations/sterling-service.ts:23:49)
      at OrderService.trackSterlingOrders (/home/ibrahim/apps/sterling-integration-api/src/services/order-service.ts:638:41)
      at handle (/home/ibrahim/apps/sterling-integration-api/src/tasks/update-order-task.ts:22:28)
      at Task.handleOverLapping (/home/ibrahim/apps/sterling-integration-api/src/tasks/task.ts:87:17),
  level: 'error',
  timestamp: '2026-05-04 11:27:03'
}
{
  name: 'TypeError',
  stack: "TypeError: Cannot read properties of undefined (reading 'access_token')\n" +
    '    at SterlingService.getTokenAsync (/home/ibrahim/apps/sterling-integration-api/src/services/integrations/sterling-service.ts:138:65)\n' +
    '    at processTicksAndRejections (node:internal/process/task_queues:95:5)\n' +
    '    at SterlingService.requestAsync (/home/ibrahim/apps/sterling-integration-api/src/services/integrations/sterling-service.ts:110:21)\n' +
    '    at SterlingService.trackOrderAsync (/home/ibrahim/apps/sterling-integration-api/src/services/integrations/sterling-service.ts:23:49)\n' +
    '    at OrderService.trackSterlingOrders (/home/ibrahim/apps/sterling-integration-api/src/services/order-service.ts:638:41)\n' +
    '    at handle (/home/ibrahim/apps/sterling-integration-api/src/tasks/update-order-task.ts:22:28)\n' +
    '    at Task.handleOverLapping (/home/ibrahim/apps/sterling-integration-api/src/tasks/task.ts:87:17)',
  message: "Cannot read properties of undefined (reading 'access_token')",
  error: TypeError: Cannot read properties of undefined (reading 'access_token')
      at SterlingService.getTokenAsync (/home/ibrahim/apps/sterling-integration-api/src/services/integrations/sterling-service.ts:138:65)
      at processTicksAndRejections (node:internal/process/task_queues:95:5)
      at SterlingService.requestAsync (/home/ibrahim/apps/sterling-integration-api/src/services/integrations/sterling-service.ts:110:21)
      at SterlingService.trackOrderAsync (/home/ibrahim/apps/sterling-integration-api/src/services/integrations/sterling-service.ts:23:49)
      at OrderService.trackSterlingOrders (/home/ibrahim/apps/sterling-integration-api/src/services/order-service.ts:638:41)
      at handle (/home/ibrahim/apps/sterling-integration-api/src/tasks/update-order-task.ts:22:28)
      at Task.handleOverLapping (/home/ibrahim/apps/sterling-integration-api/src/tasks/task.ts:87:17),
  level: 'error',
  timestamp: '2026-05-04 11:27:03'
}
{
  name: 'TypeError',
  stack: "TypeError: Cannot read properties of undefined (reading 'access_token')\n" +
    '    at SterlingService.getTokenAsync (/home/ibrahim/apps/sterling-integration-api/src/services/integrations/sterling-service.ts:138:65)\n' +
    '    at processTicksAndRejections (node:internal/process/task_queues:95:5)\n' +
    '    at SterlingService.requestAsync (/home/ibrahim/apps/sterling-integration-api/src/services/integrations/sterling-service.ts:110:21)\n' +
    '    at SterlingService.trackOrderAsync (/home/ibrahim/apps/sterling-integration-api/src/services/integrations/sterling-service.ts:23:49)\n' +
    '    at OrderService.trackSterlingOrders (/home/ibrahim/apps/sterling-integration-api/src/services/order-service.ts:638:41)\n' +
    '    at handle (/home/ibrahim/apps/sterling-integration-api/src/tasks/update-order-task.ts:22:28)\n' +
    '    at Task.handleOverLapping (/home/ibrahim/apps/sterling-integration-api/src/tasks/task.ts:87:17)',
  message: "Cannot read properties of undefined (reading 'access_token')",
  error: TypeError: Cannot read properties of undefined (reading 'access_token')
      at SterlingService.getTokenAsync (/home/ibrahim/apps/sterling-integration-api/src/services/integrations/sterling-service.ts:138:65)
      at processTicksAndRejections (node:internal/process/task_queues:95:5)
      at SterlingService.requestAsync (/home/ibrahim/apps/sterling-integration-api/src/services/integrations/sterling-service.ts:110:21)
      at SterlingService.trackOrderAsync (/home/ibrahim/apps/sterling-integration-api/src/services/integrations/sterling-service.ts:23:49)
      at OrderService.trackSterlingOrders (/home/ibrahim/apps/sterling-integration-api/src/services/order-service.ts:638:41)
      at handle (/home/ibrahim/apps/sterling-integration-api/src/tasks/update-order-task.ts:22:28)
      at Task.handleOverLapping (/home/ibrahim/apps/sterling-integration-api/src/tasks/task.ts:87:17),
  level: 'error',
  timestamp: '2026-05-04 11:27:03'
}
{
  name: 'TypeError',
  stack: "TypeError: Cannot read properties of undefined (reading 'access_token')\n" +
    '    at SterlingService.getTokenAsync (/home/ibrahim/apps/sterling-integration-api/src/services/integrations/sterling-service.ts:138:65)\n' +
    '    at processTicksAndRejections (node:internal/process/task_queues:95:5)\n' +
    '    at SterlingService.requestAsync (/home/ibrahim/apps/sterling-integration-api/src/services/integrations/sterling-service.ts:110:21)\n' +
    '    at SterlingService.trackOrderAsync (/home/ibrahim/apps/sterling-integration-api/src/services/integrations/sterling-service.ts:23:49)\n' +
    '    at OrderService.trackSterlingOrders (/home/ibrahim/apps/sterling-integration-api/src/services/order-service.ts:638:41)\n' +
    '    at handle (/home/ibrahim/apps/sterling-integration-api/src/tasks/update-order-task.ts:22:28)\n' +
    '    at Task.handleOverLapping (/home/ibrahim/apps/sterling-integration-api/src/tasks/task.ts:87:17)',
  message: "Cannot read properties of undefined (reading 'access_token')",
  error: TypeError: Cannot read properties of undefined (reading 'access_token')
      at SterlingService.getTokenAsync (/home/ibrahim/apps/sterling-integration-api/src/services/integrations/sterling-service.ts:138:65)
      at processTicksAndRejections (node:internal/process/task_queues:95:5)
      at SterlingService.requestAsync (/home/ibrahim/apps/sterling-integration-api/src/services/integrations/sterling-service.ts:110:21)
      at SterlingService.trackOrderAsync (/home/ibrahim/apps/sterling-integration-api/src/services/integrations/sterling-service.ts:23:49)
      at OrderService.trackSterlingOrders (/home/ibrahim/apps/sterling-integration-api/src/services/order-service.ts:638:41)
      at handle (/home/ibrahim/apps/sterling-integration-api/src/tasks/update-order-task.ts:22:28)
      at Task.handleOverLapping (/home/ibrahim/apps/sterling-integration-api/src/tasks/task.ts:87:17),
  level: 'error',
  timestamp: '2026-05-04 11:27:03'
}
{
  name: 'TypeError',
  stack: "TypeError: Cannot read properties of undefined (reading 'access_token')\n" +
    '    at SterlingService.getTokenAsync (/home/ibrahim/apps/sterling-integration-api/src/services/integrations/sterling-service.ts:138:65)\n' +
    '    at processTicksAndRejections (node:internal/process/task_queues:95:5)\n' +
    '    at SterlingService.requestAsync (/home/ibrahim/apps/sterling-integration-api/src/services/integrations/sterling-service.ts:110:21)\n' +
    '    at SterlingService.trackOrderAsync (/home/ibrahim/apps/sterling-integration-api/src/services/integrations/sterling-service.ts:23:49)\n' +
    '    at OrderService.trackSterlingOrders (/home/ibrahim/apps/sterling-integration-api/src/services/order-service.ts:638:41)\n' +
    '    at handle (/home/ibrahim/apps/sterling-integration-api/src/tasks/update-order-task.ts:22:28)\n' +
    '    at Task.handleOverLapping (/home/ibrahim/apps/sterling-integration-api/src/tasks/task.ts:87:17)',
  message: "Cannot read properties of undefined (reading 'access_token')",
  error: TypeError: Cannot read properties of undefined (reading 'access_token')
      at SterlingService.getTokenAsync (/home/ibrahim/apps/sterling-integration-api/src/services/integrations/sterling-service.ts:138:65)
      at processTicksAndRejections (node:internal/process/task_queues:95:5)
      at SterlingService.requestAsync (/home/ibrahim/apps/sterling-integration-api/src/services/integrations/sterling-service.ts:110:21)
      at SterlingService.trackOrderAsync (/home/ibrahim/apps/sterling-integration-api/src/services/integrations/sterling-service.ts:23:49)
      at OrderService.trackSterlingOrders (/home/ibrahim/apps/sterling-integration-api/src/services/order-service.ts:638:41)
      at handle (/home/ibrahim/apps/sterling-integration-api/src/tasks/update-order-task.ts:22:28)
      at Task.handleOverLapping (/home/ibrahim/apps/sterling-integration-api/src/tasks/task.ts:87:17),
  level: 'error',
  timestamp: '2026-05-04 11:27:03'
}
{
  name: 'TypeError',
  stack: "TypeError: Cannot read properties of undefined (reading 'access_token')\n" +
    '    at SterlingService.getTokenAsync (/home/ibrahim/apps/sterling-integration-api/src/services/integrations/sterling-service.ts:138:65)\n' +
    '    at processTicksAndRejections (node:internal/process/task_queues:95:5)\n' +
    '    at SterlingService.requestAsync (/home/ibrahim/apps/sterling-integration-api/src/services/integrations/sterling-service.ts:110:21)\n' +
    '    at SterlingService.trackOrderAsync (/home/ibrahim/apps/sterling-integration-api/src/services/integrations/sterling-service.ts:23:49)\n' +
    '    at OrderService.trackSterlingOrders (/home/ibrahim/apps/sterling-integration-api/src/services/order-service.ts:638:41)\n' +
    '    at handle (/home/ibrahim/apps/sterling-integration-api/src/tasks/update-order-task.ts:22:28)\n' +
    '    at Task.handleOverLapping (/home/ibrahim/apps/sterling-integration-api/src/tasks/task.ts:87:17)',
  message: "Cannot read properties of undefined (reading 'access_token')",
  error: TypeError: Cannot read properties of undefined (reading 'access_token')
      at SterlingService.getTokenAsync (/home/ibrahim/apps/sterling-integration-api/src/services/integrations/sterling-service.ts:138:65)
      at processTicksAndRejections (node:internal/process/task_queues:95:5)
      at SterlingService.requestAsync (/home/ibrahim/apps/sterling-integration-api/src/services/integrations/sterling-service.ts:110:21)
      at SterlingService.trackOrderAsync (/home/ibrahim/apps/sterling-integration-api/src/services/integrations/sterling-service.ts:23:49)
      at OrderService.trackSterlingOrders (/home/ibrahim/apps/sterling-integration-api/src/services/order-service.ts:638:41)
      at handle (/home/ibrahim/apps/sterling-integration-api/src/tasks/update-order-task.ts:22:28)
      at Task.handleOverLapping (/home/ibrahim/apps/sterling-integration-api/src/tasks/task.ts:87:17),
  level: 'error',
  timestamp: '2026-05-04 11:27:03'
}
{
  name: 'TypeError',
  stack: "TypeError: Cannot read properties of undefined (reading 'access_token')\n" +
    '    at SterlingService.getTokenAsync (/home/ibrahim/apps/sterling-integration-api/src/services/integrations/sterling-service.ts:138:65)\n' +
    '    at processTicksAndRejections (node:internal/process/task_queues:95:5)\n' +
    '    at SterlingService.requestAsync (/home/ibrahim/apps/sterling-integration-api/src/services/integrations/sterling-service.ts:110:21)\n' +
    '    at SterlingService.trackOrderAsync (/home/ibrahim/apps/sterling-integration-api/src/services/integrations/sterling-service.ts:23:49)\n' +
    '    at OrderService.trackSterlingOrders (/home/ibrahim/apps/sterling-integration-api/src/services/order-service.ts:638:41)\n' +
    '    at handle (/home/ibrahim/apps/sterling-integration-api/src/tasks/update-order-task.ts:22:28)\n' +
    '    at Task.handleOverLapping (/home/ibrahim/apps/sterling-integration-api/src/tasks/task.ts:87:17)',
  message: "Cannot read properties of undefined (reading 'access_token')",
  error: TypeError: Cannot read properties of undefined (reading 'access_token')
      at SterlingService.getTokenAsync (/home/ibrahim/apps/sterling-integration-api/src/services/integrations/sterling-service.ts:138:65)
      at processTicksAndRejections (node:internal/process/task_queues:95:5)
      at SterlingService.requestAsync (/home/ibrahim/apps/sterling-integration-api/src/services/integrations/sterling-service.ts:110:21)
      at SterlingService.trackOrderAsync (/home/ibrahim/apps/sterling-integration-api/src/services/integrations/sterling-service.ts:23:49)
      at OrderService.trackSterlingOrders (/home/ibrahim/apps/sterling-integration-api/src/services/order-service.ts:638:41)
      at handle (/home/ibrahim/apps/sterling-integration-api/src/tasks/update-order-task.ts:22:28)
      at Task.handleOverLapping (/home/ibrahim/apps/sterling-integration-api/src/tasks/task.ts:87:17),
  level: 'error',
  timestamp: '2026-05-04 11:27:04'
}
{
  name: 'TypeError',
  stack: "TypeError: Cannot read properties of undefined (reading 'access_token')\n" +
    '    at SterlingService.getTokenAsync (/home/ibrahim/apps/sterling-integration-api/src/services/integrations/sterling-service.ts:138:65)\n' +
    '    at processTicksAndRejections (node:internal/process/task_queues:95:5)\n' +
    '    at SterlingService.requestAsync (/home/ibrahim/apps/sterling-integration-api/src/services/integrations/sterling-service.ts:110:21)\n' +
    '    at SterlingService.trackOrderAsync (/home/ibrahim/apps/sterling-integration-api/src/services/integrations/sterling-service.ts:23:49)\n' +
    '    at OrderService.trackSterlingOrders (/home/ibrahim/apps/sterling-integration-api/src/services/order-service.ts:638:41)\n' +
    '    at handle (/home/ibrahim/apps/sterling-integration-api/src/tasks/update-order-task.ts:22:28)\n' +
    '    at Task.handleOverLapping (/home/ibrahim/apps/sterling-integration-api/src/tasks/task.ts:87:17)',
  message: "Cannot read properties of undefined (reading 'access_token')",
  error: TypeError: Cannot read properties of undefined (reading 'access_token')
      at SterlingService.getTokenAsync (/home/ibrahim/apps/sterling-integration-api/src/services/integrations/sterling-service.ts:138:65)
      at processTicksAndRejections (node:internal/process/task_queues:95:5)
      at SterlingService.requestAsync (/home/ibrahim/apps/sterling-integration-api/src/services/integrations/sterling-service.ts:110:21)
      at SterlingService.trackOrderAsync (/home/ibrahim/apps/sterling-integration-api/src/services/integrations/sterling-service.ts:23:49)
      at OrderService.trackSterlingOrders (/home/ibrahim/apps/sterling-integration-api/src/services/order-service.ts:638:41)
      at handle (/home/ibrahim/apps/sterling-integration-api/src/tasks/update-order-task.ts:22:28)
      at Task.handleOverLapping (/home/ibrahim/apps/sterling-integration-api/src/tasks/task.ts:87:17),
  level: 'error',
  timestamp: '2026-05-04 11:27:04'
}
{
  name: 'TypeError',
  stack: "TypeError: Cannot read properties of undefined (reading 'access_token')\n" +
    '    at SterlingService.getTokenAsync (/home/ibrahim/apps/sterling-integration-api/src/services/integrations/sterling-service.ts:138:65)\n' +
    '    at processTicksAndRejections (node:internal/process/task_queues:95:5)\n' +
    '    at SterlingService.requestAsync (/home/ibrahim/apps/sterling-integration-api/src/services/integrations/sterling-service.ts:110:21)\n' +
    '    at SterlingService.trackOrderAsync (/home/ibrahim/apps/sterling-integration-api/src/services/integrations/sterling-service.ts:23:49)\n' +
    '    at OrderService.trackSterlingOrders (/home/ibrahim/apps/sterling-integration-api/src/services/order-service.ts:638:41)\n' +
    '    at handle (/home/ibrahim/apps/sterling-integration-api/src/tasks/update-order-task.ts:22:28)\n' +
    '    at Task.handleOverLapping (/home/ibrahim/apps/sterling-integration-api/src/tasks/task.ts:87:17)',
  message: "Cannot read properties of undefined (reading 'access_token')",
  error: TypeError: Cannot read properties of undefined (reading 'access_token')
      at SterlingService.getTokenAsync (/home/ibrahim/apps/sterling-integration-api/src/services/integrations/sterling-service.ts:138:65)
      at processTicksAndRejections (node:internal/process/task_queues:95:5)
      at SterlingService.requestAsync (/home/ibrahim/apps/sterling-integration-api/src/services/integrations/sterling-service.ts:110:21)
      at SterlingService.trackOrderAsync (/home/ibrahim/apps/sterling-integration-api/src/services/integrations/sterling-service.ts:23:49)
      at OrderService.trackSterlingOrders (/home/ibrahim/apps/sterling-integration-api/src/services/order-service.ts:638:41)
      at handle (/home/ibrahim/apps/sterling-integration-api/src/tasks/update-order-task.ts:22:28)
      at Task.handleOverLapping (/home/ibrahim/apps/sterling-integration-api/src/tasks/task.ts:87:17),
  level: 'error',
  timestamp: '2026-05-04 11:27:04'
}
{
  name: 'TypeError',
  stack: "TypeError: Cannot read properties of undefined (reading 'access_token')\n" +
    '    at SterlingService.getTokenAsync (/home/ibrahim/apps/sterling-integration-api/src/services/integrations/sterling-service.ts:138:65)\n' +
    '    at processTicksAndRejections (node:internal/process/task_queues:95:5)\n' +
    '    at SterlingService.requestAsync (/home/ibrahim/apps/sterling-integration-api/src/services/integrations/sterling-service.ts:110:21)\n' +
    '    at SterlingService.trackOrderAsync (/home/ibrahim/apps/sterling-integration-api/src/services/integrations/sterling-service.ts:23:49)\n' +
    '    at OrderService.trackSterlingOrders (/home/ibrahim/apps/sterling-integration-api/src/services/order-service.ts:638:41)\n' +
    '    at handle (/home/ibrahim/apps/sterling-integration-api/src/tasks/update-order-task.ts:22:28)\n' +
    '    at Task.handleOverLapping (/home/ibrahim/apps/sterling-integration-api/src/tasks/task.ts:87:17)',
  message: "Cannot read properties of undefined (reading 'access_token')",
  error: TypeError: Cannot read properties of undefined (reading 'access_token')
      at SterlingService.getTokenAsync (/home/ibrahim/apps/sterling-integration-api/src/services/integrations/sterling-service.ts:138:65)
      at processTicksAndRejections (node:internal/process/task_queues:95:5)
      at SterlingService.requestAsync (/home/ibrahim/apps/sterling-integration-api/src/services/integrations/sterling-service.ts:110:21)
      at SterlingService.trackOrderAsync (/home/ibrahim/apps/sterling-integration-api/src/services/integrations/sterling-service.ts:23:49)
      at OrderService.trackSterlingOrders (/home/ibrahim/apps/sterling-integration-api/src/services/order-service.ts:638:41)
      at handle (/home/ibrahim/apps/sterling-integration-api/src/tasks/update-order-task.ts:22:28)
      at Task.handleOverLapping (/home/ibrahim/apps/sterling-integration-api/src/tasks/task.ts:87:17),
  level: 'error',
  timestamp: '2026-05-04 11:27:04'
}
{
  name: 'TypeError',
  stack: "TypeError: Cannot read properties of undefined (reading 'access_token')\n" +
    '    at SterlingService.getTokenAsync (/home/ibrahim/apps/sterling-integration-api/src/services/integrations/sterling-service.ts:138:65)\n' +
    '    at processTicksAndRejections (node:internal/process/task_queues:95:5)\n' +
    '    at SterlingService.requestAsync (/home/ibrahim/apps/sterling-integration-api/src/services/integrations/sterling-service.ts:110:21)\n' +
    '    at SterlingService.trackOrderAsync (/home/ibrahim/apps/sterling-integration-api/src/services/integrations/sterling-service.ts:23:49)\n' +
    '    at OrderService.trackSterlingOrders (/home/ibrahim/apps/sterling-integration-api/src/services/order-service.ts:638:41)\n' +
    '    at handle (/home/ibrahim/apps/sterling-integration-api/src/tasks/update-order-task.ts:22:28)\n' +
    '    at Task.handleOverLapping (/home/ibrahim/apps/sterling-integration-api/src/tasks/task.ts:87:17)',
  message: "Cannot read properties of undefined (reading 'access_token')",
  error: TypeError: Cannot read properties of undefined (reading 'access_token')
      at SterlingService.getTokenAsync (/home/ibrahim/apps/sterling-integration-api/src/services/integrations/sterling-service.ts:138:65)
      at processTicksAndRejections (node:internal/process/task_queues:95:5)
      at SterlingService.requestAsync (/home/ibrahim/apps/sterling-integration-api/src/services/integrations/sterling-service.ts:110:21)
      at SterlingService.trackOrderAsync (/home/ibrahim/apps/sterling-integration-api/src/services/integrations/sterling-service.ts:23:49)
      at OrderService.trackSterlingOrders (/home/ibrahim/apps/sterling-integration-api/src/services/order-service.ts:638:41)
      at handle (/home/ibrahim/apps/sterling-integration-api/src/tasks/update-order-task.ts:22:28)
      at Task.handleOverLapping (/home/ibrahim/apps/sterling-integration-api/src/tasks/task.ts:87:17),
  level: 'error',
  timestamp: '2026-05-04 11:27:04'
}
{
  name: 'TypeError',
  stack: "TypeError: Cannot read properties of undefined (reading 'access_token')\n" +
    '    at SterlingService.getTokenAsync (/home/ibrahim/apps/sterling-integration-api/src/services/integrations/sterling-service.ts:138:65)\n' +
    '    at processTicksAndRejections (node:internal/process/task_queues:95:5)\n' +
    '    at SterlingService.requestAsync (/home/ibrahim/apps/sterling-integration-api/src/services/integrations/sterling-service.ts:110:21)\n' +
    '    at SterlingService.trackOrderAsync (/home/ibrahim/apps/sterling-integration-api/src/services/integrations/sterling-service.ts:23:49)\n' +
    '    at OrderService.trackSterlingOrders (/home/ibrahim/apps/sterling-integration-api/src/services/order-service.ts:638:41)\n' +
    '    at handle (/home/ibrahim/apps/sterling-integration-api/src/tasks/update-order-task.ts:22:28)\n' +
    '    at Task.handleOverLapping (/home/ibrahim/apps/sterling-integration-api/src/tasks/task.ts:87:17)',
  message: "Cannot read properties of undefined (reading 'access_token')",
  error: TypeError: Cannot read properties of undefined (reading 'access_token')
      at SterlingService.getTokenAsync (/home/ibrahim/apps/sterling-integration-api/src/services/integrations/sterling-service.ts:138:65)
      at processTicksAndRejections (node:internal/process/task_queues:95:5)
      at SterlingService.requestAsync (/home/ibrahim/apps/sterling-integration-api/src/services/integrations/sterling-service.ts:110:21)
      at SterlingService.trackOrderAsync (/home/ibrahim/apps/sterling-integration-api/src/services/integrations/sterling-service.ts:23:49)
      at OrderService.trackSterlingOrders (/home/ibrahim/apps/sterling-integration-api/src/services/order-service.ts:638:41)
      at handle (/home/ibrahim/apps/sterling-integration-api/src/tasks/update-order-task.ts:22:28)
      at Task.handleOverLapping (/home/ibrahim/apps/sterling-integration-api/src/tasks/task.ts:87:17),
  level: 'error',
  timestamp: '2026-05-04 11:27:04'
}
{
  name: 'TypeError',
  stack: "TypeError: Cannot read properties of undefined (reading 'access_token')\n" +
    '    at SterlingService.getTokenAsync (/home/ibrahim/apps/sterling-integration-api/src/services/integrations/sterling-service.ts:138:65)\n' +
    '    at processTicksAndRejections (node:internal/process/task_queues:95:5)\n' +
    '    at SterlingService.requestAsync (/home/ibrahim/apps/sterling-integration-api/src/services/integrations/sterling-service.ts:110:21)\n' +
    '    at SterlingService.trackOrderAsync (/home/ibrahim/apps/sterling-integration-api/src/services/integrations/sterling-service.ts:23:49)\n' +
    '    at OrderService.trackSterlingOrders (/home/ibrahim/apps/sterling-integration-api/src/services/order-service.ts:638:41)\n' +
    '    at handle (/home/ibrahim/apps/sterling-integration-api/src/tasks/update-order-task.ts:22:28)\n' +
    '    at Task.handleOverLapping (/home/ibrahim/apps/sterling-integration-api/src/tasks/task.ts:87:17)',
  message: "Cannot read properties of undefined (reading 'access_token')",
  error: TypeError: Cannot read properties of undefined (reading 'access_token')
      at SterlingService.getTokenAsync (/home/ibrahim/apps/sterling-integration-api/src/services/integrations/sterling-service.ts:138:65)
      at processTicksAndRejections (node:internal/process/task_queues:95:5)
      at SterlingService.requestAsync (/home/ibrahim/apps/sterling-integration-api/src/services/integrations/sterling-service.ts:110:21)
      at SterlingService.trackOrderAsync (/home/ibrahim/apps/sterling-integration-api/src/services/integrations/sterling-service.ts:23:49)
      at OrderService.trackSterlingOrders (/home/ibrahim/apps/sterling-integration-api/src/services/order-service.ts:638:41)
      at handle (/home/ibrahim/apps/sterling-integration-api/src/tasks/update-order-task.ts:22:28)
      at Task.handleOverLapping (/home/ibrahim/apps/sterling-integration-api/src/tasks/task.ts:87:17),
  level: 'error',
  timestamp: '2026-05-04 11:27:04'
}
{
  name: 'TypeError',
  stack: "TypeError: Cannot read properties of undefined (reading 'access_token')\n" +
    '    at SterlingService.getTokenAsync (/home/ibrahim/apps/sterling-integration-api/src/services/integrations/sterling-service.ts:138:65)\n' +
    '    at processTicksAndRejections (node:internal/process/task_queues:95:5)\n' +
    '    at SterlingService.requestAsync (/home/ibrahim/apps/sterling-integration-api/src/services/integrations/sterling-service.ts:110:21)\n' +
    '    at SterlingService.trackOrderAsync (/home/ibrahim/apps/sterling-integration-api/src/services/integrations/sterling-service.ts:23:49)\n' +
    '    at OrderService.trackSterlingOrders (/home/ibrahim/apps/sterling-integration-api/src/services/order-service.ts:638:41)\n' +
    '    at handle (/home/ibrahim/apps/sterling-integration-api/src/tasks/update-order-task.ts:22:28)\n' +
    '    at Task.handleOverLapping (/home/ibrahim/apps/sterling-integration-api/src/tasks/task.ts:87:17)',
  message: "Cannot read properties of undefined (reading 'access_token')",
  error: TypeError: Cannot read properties of undefined (reading 'access_token')
      at SterlingService.getTokenAsync (/home/ibrahim/apps/sterling-integration-api/src/services/integrations/sterling-service.ts:138:65)
      at processTicksAndRejections (node:internal/process/task_queues:95:5)
      at SterlingService.requestAsync (/home/ibrahim/apps/sterling-integration-api/src/services/integrations/sterling-service.ts:110:21)
      at SterlingService.trackOrderAsync (/home/ibrahim/apps/sterling-integration-api/src/services/integrations/sterling-service.ts:23:49)
      at OrderService.trackSterlingOrders (/home/ibrahim/apps/sterling-integration-api/src/services/order-service.ts:638:41)
      at handle (/home/ibrahim/apps/sterling-integration-api/src/tasks/update-order-task.ts:22:28)
      at Task.handleOverLapping (/home/ibrahim/apps/sterling-integration-api/src/tasks/task.ts:87:17),
  level: 'error',
  timestamp: '2026-05-04 11:27:04'
}
{
  name: 'TypeError',
  stack: "TypeError: Cannot read properties of undefined (reading 'access_token')\n" +
    '    at SterlingService.getTokenAsync (/home/ibrahim/apps/sterling-integration-api/src/services/integrations/sterling-service.ts:138:65)\n' +
    '    at processTicksAndRejections (node:internal/process/task_queues:95:5)\n' +
    '    at SterlingService.requestAsync (/home/ibrahim/apps/sterling-integration-api/src/services/integrations/sterling-service.ts:110:21)\n' +
    '    at SterlingService.trackOrderAsync (/home/ibrahim/apps/sterling-integration-api/src/services/integrations/sterling-service.ts:23:49)\n' +
    '    at OrderService.trackSterlingOrders (/home/ibrahim/apps/sterling-integration-api/src/services/order-service.ts:638:41)\n' +
    '    at handle (/home/ibrahim/apps/sterling-integration-api/src/tasks/update-order-task.ts:22:28)\n' +
    '    at Task.handleOverLapping (/home/ibrahim/apps/sterling-integration-api/src/tasks/task.ts:87:17)',
  message: "Cannot read properties of undefined (reading 'access_token')",
  error: TypeError: Cannot read properties of undefined (reading 'access_token')
      at SterlingService.getTokenAsync (/home/ibrahim/apps/sterling-integration-api/src/services/integrations/sterling-service.ts:138:65)
      at processTicksAndRejections (node:internal/process/task_queues:95:5)
      at SterlingService.requestAsync (/home/ibrahim/apps/sterling-integration-api/src/services/integrations/sterling-service.ts:110:21)
      at SterlingService.trackOrderAsync (/home/ibrahim/apps/sterling-integration-api/src/services/integrations/sterling-service.ts:23:49)
      at OrderService.trackSterlingOrders (/home/ibrahim/apps/sterling-integration-api/src/services/order-service.ts:638:41)
      at handle (/home/ibrahim/apps/sterling-integration-api/src/tasks/update-order-task.ts:22:28)
      at Task.handleOverLapping (/home/ibrahim/apps/sterling-integration-api/src/tasks/task.ts:87:17),
  level: 'error',
  timestamp: '2026-05-04 11:27:04'
}
{
  name: 'TypeError',
  stack: "TypeError: Cannot read properties of undefined (reading 'access_token')\n" +
    '    at SterlingService.getTokenAsync (/home/ibrahim/apps/sterling-integration-api/src/services/integrations/sterling-service.ts:138:65)\n' +
    '    at processTicksAndRejections (node:internal/process/task_queues:95:5)\n' +
    '    at SterlingService.requestAsync (/home/ibrahim/apps/sterling-integration-api/src/services/integrations/sterling-service.ts:110:21)\n' +
    '    at SterlingService.trackOrderAsync (/home/ibrahim/apps/sterling-integration-api/src/services/integrations/sterling-service.ts:23:49)\n' +
    '    at OrderService.trackSterlingOrders (/home/ibrahim/apps/sterling-integration-api/src/services/order-service.ts:638:41)\n' +
    '    at handle (/home/ibrahim/apps/sterling-integration-api/src/tasks/update-order-task.ts:22:28)\n' +
    '    at Task.handleOverLapping (/home/ibrahim/apps/sterling-integration-api/src/tasks/task.ts:87:17)',
  message: "Cannot read properties of undefined (reading 'access_token')",
  error: TypeError: Cannot read properties of undefined (reading 'access_token')
      at SterlingService.getTokenAsync (/home/ibrahim/apps/sterling-integration-api/src/services/integrations/sterling-service.ts:138:65)
      at processTicksAndRejections (node:internal/process/task_queues:95:5)
      at SterlingService.requestAsync (/home/ibrahim/apps/sterling-integration-api/src/services/integrations/sterling-service.ts:110:21)
      at SterlingService.trackOrderAsync (/home/ibrahim/apps/sterling-integration-api/src/services/integrations/sterling-service.ts:23:49)
      at OrderService.trackSterlingOrders (/home/ibrahim/apps/sterling-integration-api/src/services/order-service.ts:638:41)
      at handle (/home/ibrahim/apps/sterling-integration-api/src/tasks/update-order-task.ts:22:28)
      at Task.handleOverLapping (/home/ibrahim/apps/sterling-integration-api/src/tasks/task.ts:87:17),
  level: 'error',
  timestamp: '2026-05-04 11:27:04'
}
{
  name: 'TypeError',
  stack: "TypeError: Cannot read properties of undefined (reading 'access_token')\n" +
    '    at SterlingService.getTokenAsync (/home/ibrahim/apps/sterling-integration-api/src/services/integrations/sterling-service.ts:138:65)\n' +
    '    at processTicksAndRejections (node:internal/process/task_queues:95:5)\n' +
    '    at SterlingService.requestAsync (/home/ibrahim/apps/sterling-integration-api/src/services/integrations/sterling-service.ts:110:21)\n' +
    '    at SterlingService.trackOrderAsync (/home/ibrahim/apps/sterling-integration-api/src/services/integrations/sterling-service.ts:23:49)\n' +
    '    at OrderService.trackSterlingOrders (/home/ibrahim/apps/sterling-integration-api/src/services/order-service.ts:638:41)\n' +
    '    at handle (/home/ibrahim/apps/sterling-integration-api/src/tasks/update-order-task.ts:22:28)\n' +
    '    at Task.handleOverLapping (/home/ibrahim/apps/sterling-integration-api/src/tasks/task.ts:87:17)',
  message: "Cannot read properties of undefined (reading 'access_token')",
  error: TypeError: Cannot read properties of undefined (reading 'access_token')
      at SterlingService.getTokenAsync (/home/ibrahim/apps/sterling-integration-api/src/services/integrations/sterling-service.ts:138:65)
      at processTicksAndRejections (node:internal/process/task_queues:95:5)
      at SterlingService.requestAsync (/home/ibrahim/apps/sterling-integration-api/src/services/integrations/sterling-service.ts:110:21)
      at SterlingService.trackOrderAsync (/home/ibrahim/apps/sterling-integration-api/src/services/integrations/sterling-service.ts:23:49)
      at OrderService.trackSterlingOrders (/home/ibrahim/apps/sterling-integration-api/src/services/order-service.ts:638:41)
      at handle (/home/ibrahim/apps/sterling-integration-api/src/tasks/update-order-task.ts:22:28)
      at Task.handleOverLapping (/home/ibrahim/apps/sterling-integration-api/src/tasks/task.ts:87:17),
  level: 'error',
  timestamp: '2026-05-04 11:27:04'
}
{
  name: 'TypeError',
  stack: "TypeError: Cannot read properties of undefined (reading 'access_token')\n" +
    '    at SterlingService.getTokenAsync (/home/ibrahim/apps/sterling-integration-api/src/services/integrations/sterling-service.ts:138:65)\n' +
    '    at processTicksAndRejections (node:internal/process/task_queues:95:5)\n' +
    '    at SterlingService.requestAsync (/home/ibrahim/apps/sterling-integration-api/src/services/integrations/sterling-service.ts:110:21)\n' +
    '    at SterlingService.trackOrderAsync (/home/ibrahim/apps/sterling-integration-api/src/services/integrations/sterling-service.ts:23:49)\n' +
    '    at OrderService.trackSterlingOrders (/home/ibrahim/apps/sterling-integration-api/src/services/order-service.ts:638:41)\n' +
    '    at handle (/home/ibrahim/apps/sterling-integration-api/src/tasks/update-order-task.ts:22:28)\n' +
    '    at Task.handleOverLapping (/home/ibrahim/apps/sterling-integration-api/src/tasks/task.ts:87:17)',
  message: "Cannot read properties of undefined (reading 'access_token')",
  error: TypeError: Cannot read properties of undefined (reading 'access_token')
      at SterlingService.getTokenAsync (/home/ibrahim/apps/sterling-integration-api/src/services/integrations/sterling-service.ts:138:65)
      at processTicksAndRejections (node:internal/process/task_queues:95:5)
      at SterlingService.requestAsync (/home/ibrahim/apps/sterling-integration-api/src/services/integrations/sterling-service.ts:110:21)
      at SterlingService.trackOrderAsync (/home/ibrahim/apps/sterling-integration-api/src/services/integrations/sterling-service.ts:23:49)
      at OrderService.trackSterlingOrders (/home/ibrahim/apps/sterling-integration-api/src/services/order-service.ts:638:41)
      at handle (/home/ibrahim/apps/sterling-integration-api/src/tasks/update-order-task.ts:22:28)
      at Task.handleOverLapping (/home/ibrahim/apps/sterling-integration-api/src/tasks/task.ts:87:17),
  level: 'error',
  timestamp: '2026-05-04 11:27:05'
}
{
  name: 'TypeError',
  stack: "TypeError: Cannot read properties of undefined (reading 'access_token')\n" +
    '    at SterlingService.getTokenAsync (/home/ibrahim/apps/sterling-integration-api/src/services/integrations/sterling-service.ts:138:65)\n' +
    '    at processTicksAndRejections (node:internal/process/task_queues:95:5)\n' +
    '    at SterlingService.requestAsync (/home/ibrahim/apps/sterling-integration-api/src/services/integrations/sterling-service.ts:110:21)\n' +
    '    at SterlingService.trackOrderAsync (/home/ibrahim/apps/sterling-integration-api/src/services/integrations/sterling-service.ts:23:49)\n' +
    '    at OrderService.trackSterlingOrders (/home/ibrahim/apps/sterling-integration-api/src/services/order-service.ts:638:41)\n' +
    '    at handle (/home/ibrahim/apps/sterling-integration-api/src/tasks/update-order-task.ts:22:28)\n' +
    '    at Task.handleOverLapping (/home/ibrahim/apps/sterling-integration-api/src/tasks/task.ts:87:17)',
  message: "Cannot read properties of undefined (reading 'access_token')",
  error: TypeError: Cannot read properties of undefined (reading 'access_token')
      at SterlingService.getTokenAsync (/home/ibrahim/apps/sterling-integration-api/src/services/integrations/sterling-service.ts:138:65)
      at processTicksAndRejections (node:internal/process/task_queues:95:5)
      at SterlingService.requestAsync (/home/ibrahim/apps/sterling-integration-api/src/services/integrations/sterling-service.ts:110:21)
      at SterlingService.trackOrderAsync (/home/ibrahim/apps/sterling-integration-api/src/services/integrations/sterling-service.ts:23:49)
      at OrderService.trackSterlingOrders (/home/ibrahim/apps/sterling-integration-api/src/services/order-service.ts:638:41)
      at handle (/home/ibrahim/apps/sterling-integration-api/src/tasks/update-order-task.ts:22:28)
      at Task.handleOverLapping (/home/ibrahim/apps/sterling-integration-api/src/tasks/task.ts:87:17),
  level: 'error',
  timestamp: '2026-05-04 11:27:05'
}
{
  name: 'TypeError',
  stack: "TypeError: Cannot read properties of undefined (reading 'access_token')\n" +
    '    at SterlingService.getTokenAsync (/home/ibrahim/apps/sterling-integration-api/src/services/integrations/sterling-service.ts:138:65)\n' +
    '    at processTicksAndRejections (node:internal/process/task_queues:95:5)\n' +
    '    at SterlingService.requestAsync (/home/ibrahim/apps/sterling-integration-api/src/services/integrations/sterling-service.ts:110:21)\n' +
    '    at SterlingService.trackOrderAsync (/home/ibrahim/apps/sterling-integration-api/src/services/integrations/sterling-service.ts:23:49)\n' +
    '    at OrderService.trackSterlingOrders (/home/ibrahim/apps/sterling-integration-api/src/services/order-service.ts:638:41)\n' +
    '    at handle (/home/ibrahim/apps/sterling-integration-api/src/tasks/update-order-task.ts:22:28)\n' +
    '    at Task.handleOverLapping (/home/ibrahim/apps/sterling-integration-api/src/tasks/task.ts:87:17)',
  message: "Cannot read properties of undefined (reading 'access_token')",
  error: TypeError: Cannot read properties of undefined (reading 'access_token')
      at SterlingService.getTokenAsync (/home/ibrahim/apps/sterling-integration-api/src/services/integrations/sterling-service.ts:138:65)
      at processTicksAndRejections (node:internal/process/task_queues:95:5)
      at SterlingService.requestAsync (/home/ibrahim/apps/sterling-integration-api/src/services/integrations/sterling-service.ts:110:21)
      at SterlingService.trackOrderAsync (/home/ibrahim/apps/sterling-integration-api/src/services/integrations/sterling-service.ts:23:49)
      at OrderService.trackSterlingOrders (/home/ibrahim/apps/sterling-integration-api/src/services/order-service.ts:638:41)
      at handle (/home/ibrahim/apps/sterling-integration-api/src/tasks/update-order-task.ts:22:28)
      at Task.handleOverLapping (/home/ibrahim/apps/sterling-integration-api/src/tasks/task.ts:87:17),
  level: 'error',
  timestamp: '2026-05-04 11:27:05'
}
{
  name: 'TypeError',
  stack: "TypeError: Cannot read properties of undefined (reading 'access_token')\n" +
    '    at SterlingService.getTokenAsync (/home/ibrahim/apps/sterling-integration-api/src/services/integrations/sterling-service.ts:138:65)\n' +
    '    at processTicksAndRejections (node:internal/process/task_queues:95:5)\n' +
    '    at SterlingService.requestAsync (/home/ibrahim/apps/sterling-integration-api/src/services/integrations/sterling-service.ts:110:21)\n' +
    '    at SterlingService.trackOrderAsync (/home/ibrahim/apps/sterling-integration-api/src/services/integrations/sterling-service.ts:23:49)\n' +
    '    at OrderService.trackSterlingOrders (/home/ibrahim/apps/sterling-integration-api/src/services/order-service.ts:638:41)\n' +
    '    at handle (/home/ibrahim/apps/sterling-integration-api/src/tasks/update-order-task.ts:22:28)\n' +
    '    at Task.handleOverLapping (/home/ibrahim/apps/sterling-integration-api/src/tasks/task.ts:87:17)',
  message: "Cannot read properties of undefined (reading 'access_token')",
  error: TypeError: Cannot read properties of undefined (reading 'access_token')
      at SterlingService.getTokenAsync (/home/ibrahim/apps/sterling-integration-api/src/services/integrations/sterling-service.ts:138:65)
      at processTicksAndRejections (node:internal/process/task_queues:95:5)
      at SterlingService.requestAsync (/home/ibrahim/apps/sterling-integration-api/src/services/integrations/sterling-service.ts:110:21)
      at SterlingService.trackOrderAsync (/home/ibrahim/apps/sterling-integration-api/src/services/integrations/sterling-service.ts:23:49)
      at OrderService.trackSterlingOrders (/home/ibrahim/apps/sterling-integration-api/src/services/order-service.ts:638:41)
      at handle (/home/ibrahim/apps/sterling-integration-api/src/tasks/update-order-task.ts:22:28)
      at Task.handleOverLapping (/home/ibrahim/apps/sterling-integration-api/src/tasks/task.ts:87:17),
  level: 'error',
  timestamp: '2026-05-04 11:27:05'
}
{
  name: 'TypeError',
  stack: "TypeError: Cannot read properties of undefined (reading 'access_token')\n" +
    '    at SterlingService.getTokenAsync (/home/ibrahim/apps/sterling-integration-api/src/services/integrations/sterling-service.ts:138:65)\n' +
    '    at processTicksAndRejections (node:internal/process/task_queues:95:5)\n' +
    '    at SterlingService.requestAsync (/home/ibrahim/apps/sterling-integration-api/src/services/integrations/sterling-service.ts:110:21)\n' +
    '    at SterlingService.trackOrderAsync (/home/ibrahim/apps/sterling-integration-api/src/services/integrations/sterling-service.ts:23:49)\n' +
    '    at OrderService.trackSterlingOrders (/home/ibrahim/apps/sterling-integration-api/src/services/order-service.ts:638:41)\n' +
    '    at handle (/home/ibrahim/apps/sterling-integration-api/src/tasks/update-order-task.ts:22:28)\n' +
    '    at Task.handleOverLapping (/home/ibrahim/apps/sterling-integration-api/src/tasks/task.ts:87:17)',
  message: "Cannot read properties of undefined (reading 'access_token')",
  error: TypeError: Cannot read properties of undefined (reading 'access_token')
      at SterlingService.getTokenAsync (/home/ibrahim/apps/sterling-integration-api/src/services/integrations/sterling-service.ts:138:65)
      at processTicksAndRejections (node:internal/process/task_queues:95:5)
      at SterlingService.requestAsync (/home/ibrahim/apps/sterling-integration-api/src/services/integrations/sterling-service.ts:110:21)
      at SterlingService.trackOrderAsync (/home/ibrahim/apps/sterling-integration-api/src/services/integrations/sterling-service.ts:23:49)
      at OrderService.trackSterlingOrders (/home/ibrahim/apps/sterling-integration-api/src/services/order-service.ts:638:41)
      at handle (/home/ibrahim/apps/sterling-integration-api/src/tasks/update-order-task.ts:22:28)
      at Task.handleOverLapping (/home/ibrahim/apps/sterling-integration-api/src/tasks/task.ts:87:17),
  level: 'error',
  timestamp: '2026-05-04 11:27:05'
}
{
  name: 'TypeError',
  stack: "TypeError: Cannot read properties of undefined (reading 'access_token')\n" +
    '    at SterlingService.getTokenAsync (/home/ibrahim/apps/sterling-integration-api/src/services/integrations/sterling-service.ts:138:65)\n' +
    '    at processTicksAndRejections (node:internal/process/task_queues:95:5)\n' +
    '    at SterlingService.requestAsync (/home/ibrahim/apps/sterling-integration-api/src/services/integrations/sterling-service.ts:110:21)\n' +
    '    at SterlingService.trackOrderAsync (/home/ibrahim/apps/sterling-integration-api/src/services/integrations/sterling-service.ts:23:49)\n' +
    '    at OrderService.trackSterlingOrders (/home/ibrahim/apps/sterling-integration-api/src/services/order-service.ts:638:41)\n' +
    '    at handle (/home/ibrahim/apps/sterling-integration-api/src/tasks/update-order-task.ts:22:28)\n' +
    '    at Task.handleOverLapping (/home/ibrahim/apps/sterling-integration-api/src/tasks/task.ts:87:17)',
  message: "Cannot read properties of undefined (reading 'access_token')",
  error: TypeError: Cannot read properties of undefined (reading 'access_token')
      at SterlingService.getTokenAsync (/home/ibrahim/apps/sterling-integration-api/src/services/integrations/sterling-service.ts:138:65)
      at processTicksAndRejections (node:internal/process/task_queues:95:5)
      at SterlingService.requestAsync (/home/ibrahim/apps/sterling-integration-api/src/services/integrations/sterling-service.ts:110:21)
      at SterlingService.trackOrderAsync (/home/ibrahim/apps/sterling-integration-api/src/services/integrations/sterling-service.ts:23:49)
      at OrderService.trackSterlingOrders (/home/ibrahim/apps/sterling-integration-api/src/services/order-service.ts:638:41)
      at handle (/home/ibrahim/apps/sterling-integration-api/src/tasks/update-order-task.ts:22:28)
      at Task.handleOverLapping (/home/ibrahim/apps/sterling-integration-api/src/tasks/task.ts:87:17),
  level: 'error',
  timestamp: '2026-05-04 11:27:05'
}
{
  name: 'TypeError',
  stack: "TypeError: Cannot read properties of undefined (reading 'access_token')\n" +
    '    at SterlingService.getTokenAsync (/home/ibrahim/apps/sterling-integration-api/src/services/integrations/sterling-service.ts:138:65)\n' +
    '    at processTicksAndRejections (node:internal/process/task_queues:95:5)\n' +
    '    at SterlingService.requestAsync (/home/ibrahim/apps/sterling-integration-api/src/services/integrations/sterling-service.ts:110:21)\n' +
    '    at SterlingService.trackOrderAsync (/home/ibrahim/apps/sterling-integration-api/src/services/integrations/sterling-service.ts:23:49)\n' +
    '    at OrderService.trackSterlingOrders (/home/ibrahim/apps/sterling-integration-api/src/services/order-service.ts:638:41)\n' +
    '    at handle (/home/ibrahim/apps/sterling-integration-api/src/tasks/update-order-task.ts:22:28)\n' +
    '    at Task.handleOverLapping (/home/ibrahim/apps/sterling-integration-api/src/tasks/task.ts:87:17)',
  message: "Cannot read properties of undefined (reading 'access_token')",
  error: TypeError: Cannot read properties of undefined (reading 'access_token')
      at SterlingService.getTokenAsync (/home/ibrahim/apps/sterling-integration-api/src/services/integrations/sterling-service.ts:138:65)
      at processTicksAndRejections (node:internal/process/task_queues:95:5)
      at SterlingService.requestAsync (/home/ibrahim/apps/sterling-integration-api/src/services/integrations/sterling-service.ts:110:21)
      at SterlingService.trackOrderAsync (/home/ibrahim/apps/sterling-integration-api/src/services/integrations/sterling-service.ts:23:49)
      at OrderService.trackSterlingOrders (/home/ibrahim/apps/sterling-integration-api/src/services/order-service.ts:638:41)
      at handle (/home/ibrahim/apps/sterling-integration-api/src/tasks/update-order-task.ts:22:28)
      at Task.handleOverLapping (/home/ibrahim/apps/sterling-integration-api/src/tasks/task.ts:87:17),
  level: 'error',
  timestamp: '2026-05-04 11:27:05'
}
{
  name: 'TypeError',
  stack: "TypeError: Cannot read properties of undefined (reading 'access_token')\n" +
    '    at SterlingService.getTokenAsync (/home/ibrahim/apps/sterling-integration-api/src/services/integrations/sterling-service.ts:138:65)\n' +
    '    at processTicksAndRejections (node:internal/process/task_queues:95:5)\n' +
    '    at SterlingService.requestAsync (/home/ibrahim/apps/sterling-integration-api/src/services/integrations/sterling-service.ts:110:21)\n' +
    '    at SterlingService.trackOrderAsync (/home/ibrahim/apps/sterling-integration-api/src/services/integrations/sterling-service.ts:23:49)\n' +
    '    at OrderService.trackSterlingOrders (/home/ibrahim/apps/sterling-integration-api/src/services/order-service.ts:638:41)\n' +
    '    at handle (/home/ibrahim/apps/sterling-integration-api/src/tasks/update-order-task.ts:22:28)\n' +
    '    at Task.handleOverLapping (/home/ibrahim/apps/sterling-integration-api/src/tasks/task.ts:87:17)',
  message: "Cannot read properties of undefined (reading 'access_token')",
  error: TypeError: Cannot read properties of undefined (reading 'access_token')
      at SterlingService.getTokenAsync (/home/ibrahim/apps/sterling-integration-api/src/services/integrations/sterling-service.ts:138:65)
      at processTicksAndRejections (node:internal/process/task_queues:95:5)
      at SterlingService.requestAsync (/home/ibrahim/apps/sterling-integration-api/src/services/integrations/sterling-service.ts:110:21)
      at SterlingService.trackOrderAsync (/home/ibrahim/apps/sterling-integration-api/src/services/integrations/sterling-service.ts:23:49)
      at OrderService.trackSterlingOrders (/home/ibrahim/apps/sterling-integration-api/src/services/order-service.ts:638:41)
      at handle (/home/ibrahim/apps/sterling-integration-api/src/tasks/update-order-task.ts:22:28)
      at Task.handleOverLapping (/home/ibrahim/apps/sterling-integration-api/src/tasks/task.ts:87:17),
  level: 'error',
  timestamp: '2026-05-04 11:27:05'
}
{
  name: 'TypeError',
  stack: "TypeError: Cannot read properties of undefined (reading 'access_token')\n" +
    '    at SterlingService.getTokenAsync (/home/ibrahim/apps/sterling-integration-api/src/services/integrations/sterling-service.ts:138:65)\n' +
    '    at processTicksAndRejections (node:internal/process/task_queues:95:5)\n' +
    '    at SterlingService.requestAsync (/home/ibrahim/apps/sterling-integration-api/src/services/integrations/sterling-service.ts:110:21)\n' +
    '    at SterlingService.trackOrderAsync (/home/ibrahim/apps/sterling-integration-api/src/services/integrations/sterling-service.ts:23:49)\n' +
    '    at OrderService.trackSterlingOrders (/home/ibrahim/apps/sterling-integration-api/src/services/order-service.ts:638:41)\n' +
    '    at handle (/home/ibrahim/apps/sterling-integration-api/src/tasks/update-order-task.ts:22:28)\n' +
    '    at Task.handleOverLapping (/home/ibrahim/apps/sterling-integration-api/src/tasks/task.ts:87:17)',
  message: "Cannot read properties of undefined (reading 'access_token')",
  error: TypeError: Cannot read properties of undefined (reading 'access_token')
      at SterlingService.getTokenAsync (/home/ibrahim/apps/sterling-integration-api/src/services/integrations/sterling-service.ts:138:65)
      at processTicksAndRejections (node:internal/process/task_queues:95:5)
      at SterlingService.requestAsync (/home/ibrahim/apps/sterling-integration-api/src/services/integrations/sterling-service.ts:110:21)
      at SterlingService.trackOrderAsync (/home/ibrahim/apps/sterling-integration-api/src/services/integrations/sterling-service.ts:23:49)
      at OrderService.trackSterlingOrders (/home/ibrahim/apps/sterling-integration-api/src/services/order-service.ts:638:41)
      at handle (/home/ibrahim/apps/sterling-integration-api/src/tasks/update-order-task.ts:22:28)
      at Task.handleOverLapping (/home/ibrahim/apps/sterling-integration-api/src/tasks/task.ts:87:17),
  level: 'error',
  timestamp: '2026-05-04 11:27:05'
}
{
  name: 'Error',
  stack: 'Error: Error: connect ETIMEDOUT 150.171.110.114:443\n' +
    '    at SterlingSchedulingService.requestAsync (/home/ibrahim/apps/sterling-integration-api/src/services/integrations/sterling-scheduling-service.ts:115:27)\n' +
    '    at processTicksAndRejections (node:internal/process/task_queues:95:5)\n' +
    '    at SterlingSchedulingService.getLocationByExternalId (/home/ibrahim/apps/sterling-integration-api/src/services/integrations/sterling-scheduling-service.ts:47:24)\n' +
    '    at UpdateOrderLocationsTask.getSterlingLocationsByExternalIds (/home/ibrahim/apps/sterling-integration-api/src/tasks/update-order-locations-task.ts:63:42)\n' +
    '    at handle (/home/ibrahim/apps/sterling-integration-api/src/tasks/update-order-locations-task.ts:43:53)\n' +
    '    at Task.handleOverLapping (/home/ibrahim/apps/sterling-integration-api/src/tasks/task.ts:87:17)',
  message: Error: connect ETIMEDOUT 150.171.110.114:443
      at createConnectionError (node:net:1634:14)
      at Timeout.internalConnectMultipleTimeout (node:net:1685:38)
      at listOnTimeout (node:internal/timers:575:11)
      at processTimers (node:internal/timers:514:7) {
    errno: -110,
    code: 'ETIMEDOUT',
    syscall: 'connect',
    address: '150.171.110.114',
    port: 443
  },
  error: 'Error: connect ETIMEDOUT 150.171.110.114:443',
  code: 'SterlingError',
  level: 'error',
  timestamp: '2026-05-04 12:00:01'
}
{
  name: 'Error',
  stack: 'Error: A location with locationId TUPSS23604 was not found.\n' +
    '    at SterlingSchedulingService.requestAsync (/home/ibrahim/apps/sterling-integration-api/src/services/integrations/sterling-scheduling-service.ts:107:27)\n' +
    '    at processTicksAndRejections (node:internal/process/task_queues:95:5)\n' +
    '    at SterlingSchedulingService.getLocationByExternalId (/home/ibrahim/apps/sterling-integration-api/src/services/integrations/sterling-scheduling-service.ts:47:24)\n' +
    '    at UpdateOrderLocationsTask.getSterlingLocationsByExternalIds (/home/ibrahim/apps/sterling-integration-api/src/tasks/update-order-locations-task.ts:63:42)\n' +
    '    at handle (/home/ibrahim/apps/sterling-integration-api/src/tasks/update-order-locations-task.ts:43:53)\n' +
    '    at Task.handleOverLapping (/home/ibrahim/apps/sterling-integration-api/src/tasks/task.ts:87:17)',
  message: 'A location with locationId TUPSS23604 was not found.',
  error: 'A location with locationId TUPSS23604 was not found.',
  code: 'SterlingNotFound',
  level: 'error',
  timestamp: '2026-05-04 12:00:02'
}
{
  name: 'Error',
  stack: 'Error: A location with locationId null was not found.\n' +
    '    at SterlingSchedulingService.requestAsync (/home/ibrahim/apps/sterling-integration-api/src/services/integrations/sterling-scheduling-service.ts:107:27)\n' +
    '    at processTicksAndRejections (node:internal/process/task_queues:95:5)\n' +
    '    at SterlingSchedulingService.getLocationByExternalId (/home/ibrahim/apps/sterling-integration-api/src/services/integrations/sterling-scheduling-service.ts:47:24)\n' +
    '    at UpdateOrderLocationsTask.getSterlingLocationsByExternalIds (/home/ibrahim/apps/sterling-integration-api/src/tasks/update-order-locations-task.ts:63:42)\n' +
    '    at handle (/home/ibrahim/apps/sterling-integration-api/src/tasks/update-order-locations-task.ts:43:53)\n' +
    '    at Task.handleOverLapping (/home/ibrahim/apps/sterling-integration-api/src/tasks/task.ts:87:17)',
  message: 'A location with locationId null was not found.',
  error: 'A location with locationId null was not found.',
  code: 'SterlingNotFound',
  level: 'error',
  timestamp: '2026-05-04 12:00:02'
}
{
  name: 'Error',
  stack: 'Error: A valid latitude and longitude or searchTerm must be specified.\n' +
    '    at SterlingSchedulingService.requestAsync (/home/ibrahim/apps/sterling-integration-api/src/services/integrations/sterling-scheduling-service.ts:115:27)\n' +
    '    at processTicksAndRejections (node:internal/process/task_queues:95:5)\n' +
    '    at SterlingSchedulingService.getLocationByExternalId (/home/ibrahim/apps/sterling-integration-api/src/services/integrations/sterling-scheduling-service.ts:47:24)\n' +
    '    at UpdateOrderLocationsTask.getSterlingLocationsByExternalIds (/home/ibrahim/apps/sterling-integration-api/src/tasks/update-order-locations-task.ts:63:42)\n' +
    '    at handle (/home/ibrahim/apps/sterling-integration-api/src/tasks/update-order-locations-task.ts:43:53)\n' +
    '    at Task.handleOverLapping (/home/ibrahim/apps/sterling-integration-api/src/tasks/task.ts:87:17)',
  message: 'A valid latitude and longitude or searchTerm must be specified.',
  error: 'A valid latitude and longitude or searchTerm must be specified.',
  code: 'SterlingError',
  level: 'error',
  timestamp: '2026-05-04 13:00:02'
}
{
  name: 'Error',
  stack: 'Error: A location with locationId TUPSS23604 was not found.\n' +
    '    at SterlingSchedulingService.requestAsync (/home/ibrahim/apps/sterling-integration-api/src/services/integrations/sterling-scheduling-service.ts:107:27)\n' +
    '    at processTicksAndRejections (node:internal/process/task_queues:95:5)\n' +
    '    at SterlingSchedulingService.getLocationByExternalId (/home/ibrahim/apps/sterling-integration-api/src/services/integrations/sterling-scheduling-service.ts:47:24)\n' +
    '    at UpdateOrderLocationsTask.getSterlingLocationsByExternalIds (/home/ibrahim/apps/sterling-integration-api/src/tasks/update-order-locations-task.ts:63:42)\n' +
    '    at handle (/home/ibrahim/apps/sterling-integration-api/src/tasks/update-order-locations-task.ts:43:53)\n' +
    '    at Task.handleOverLapping (/home/ibrahim/apps/sterling-integration-api/src/tasks/task.ts:87:17)',
  message: 'A location with locationId TUPSS23604 was not found.',
  error: 'A location with locationId TUPSS23604 was not found.',
  code: 'SterlingNotFound',
  level: 'error',
  timestamp: '2026-05-04 13:00:02'
}
{
  name: 'Error',
  stack: 'Error: A location with locationId null was not found.\n' +
    '    at SterlingSchedulingService.requestAsync (/home/ibrahim/apps/sterling-integration-api/src/services/integrations/sterling-scheduling-service.ts:107:27)\n' +
    '    at processTicksAndRejections (node:internal/process/task_queues:95:5)\n' +
    '    at SterlingSchedulingService.getLocationByExternalId (/home/ibrahim/apps/sterling-integration-api/src/services/integrations/sterling-scheduling-service.ts:47:24)\n' +
    '    at UpdateOrderLocationsTask.getSterlingLocationsByExternalIds (/home/ibrahim/apps/sterling-integration-api/src/tasks/update-order-locations-task.ts:63:42)\n' +
    '    at handle (/home/ibrahim/apps/sterling-integration-api/src/tasks/update-order-locations-task.ts:43:53)\n' +
    '    at Task.handleOverLapping (/home/ibrahim/apps/sterling-integration-api/src/tasks/task.ts:87:17)',
  message: 'A location with locationId null was not found.',
  error: 'A location with locationId null was not found.',
  code: 'SterlingNotFound',
  level: 'error',
  timestamp: '2026-05-04 13:00:02'
}
{
  name: 'Error',
  stack: 'Error: Error: connect ETIMEDOUT 150.171.109.83:443\n' +
    '    at SterlingSchedulingService.requestAsync (/home/ibrahim/apps/sterling-integration-api/src/services/integrations/sterling-scheduling-service.ts:115:27)\n' +
    '    at processTicksAndRejections (node:internal/process/task_queues:95:5)\n' +
    '    at SterlingSchedulingService.getLocationByExternalId (/home/ibrahim/apps/sterling-integration-api/src/services/integrations/sterling-scheduling-service.ts:47:24)\n' +
    '    at UpdateOrderLocationsTask.getSterlingLocationsByExternalIds (/home/ibrahim/apps/sterling-integration-api/src/tasks/update-order-locations-task.ts:63:42)\n' +
    '    at handle (/home/ibrahim/apps/sterling-integration-api/src/tasks/update-order-locations-task.ts:43:53)\n' +
    '    at Task.handleOverLapping (/home/ibrahim/apps/sterling-integration-api/src/tasks/task.ts:87:17)',
  message: Error: connect ETIMEDOUT 150.171.109.83:443
      at createConnectionError (node:net:1634:14)
      at Timeout.internalConnectMultipleTimeout (node:net:1685:38)
      at listOnTimeout (node:internal/timers:575:11)
      at processTimers (node:internal/timers:514:7) {
    errno: -110,
    code: 'ETIMEDOUT',
    syscall: 'connect',
    address: '150.171.109.83',
    port: 443
  },
  error: 'Error: connect ETIMEDOUT 150.171.109.83:443',
  code: 'SterlingError',
  level: 'error',
  timestamp: '2026-05-04 14:11:43'
}
{
  name: 'Error',
  stack: 'Error: Error: connect ETIMEDOUT 150.171.109.83:443\n' +
    '    at SterlingSchedulingService.requestAsync (/home/ibrahim/apps/sterling-integration-api/src/services/integrations/sterling-scheduling-service.ts:115:27)\n' +
    '    at processTicksAndRejections (node:internal/process/task_queues:95:5)\n' +
    '    at SterlingSchedulingService.getLocationByExternalId (/home/ibrahim/apps/sterling-integration-api/src/services/integrations/sterling-scheduling-service.ts:47:24)\n' +
    '    at UpdateOrderLocationsTask.getSterlingLocationsByExternalIds (/home/ibrahim/apps/sterling-integration-api/src/tasks/update-order-locations-task.ts:63:42)\n' +
    '    at handle (/home/ibrahim/apps/sterling-integration-api/src/tasks/update-order-locations-task.ts:43:53)\n' +
    '    at Task.handleOverLapping (/home/ibrahim/apps/sterling-integration-api/src/tasks/task.ts:87:17)',
  message: Error: connect ETIMEDOUT 150.171.109.83:443
      at createConnectionError (node:net:1634:14)
      at Timeout.internalConnectMultipleTimeout (node:net:1685:38)
      at listOnTimeout (node:internal/timers:575:11)
      at processTimers (node:internal/timers:514:7) {
    errno: -110,
    code: 'ETIMEDOUT',
    syscall: 'connect',
    address: '150.171.109.83',
    port: 443
  },
  error: 'Error: connect ETIMEDOUT 150.171.109.83:443',
  code: 'SterlingError',
  level: 'error',
  timestamp: '2026-05-04 14:11:44'
}
{
  name: 'Error',
  stack: 'Error: A location with locationId null was not found.\n' +
    '    at SterlingSchedulingService.requestAsync (/home/ibrahim/apps/sterling-integration-api/src/services/integrations/sterling-scheduling-service.ts:107:27)\n' +
    '    at processTicksAndRejections (node:internal/process/task_queues:95:5)\n' +
    '    at SterlingSchedulingService.getLocationByExternalId (/home/ibrahim/apps/sterling-integration-api/src/services/integrations/sterling-scheduling-service.ts:47:24)\n' +
    '    at UpdateOrderLocationsTask.getSterlingLocationsByExternalIds (/home/ibrahim/apps/sterling-integration-api/src/tasks/update-order-locations-task.ts:63:42)\n' +
    '    at handle (/home/ibrahim/apps/sterling-integration-api/src/tasks/update-order-locations-task.ts:43:53)\n' +
    '    at Task.handleOverLapping (/home/ibrahim/apps/sterling-integration-api/src/tasks/task.ts:87:17)',
  message: 'A location with locationId null was not found.',
  error: 'A location with locationId null was not found.',
  code: 'SterlingNotFound',
  level: 'error',
  timestamp: '2026-05-04 14:11:45'
}
{
  name: 'Error',
  stack: 'Error: A valid latitude and longitude or searchTerm must be specified.\n' +
    '    at SterlingSchedulingService.requestAsync (/home/ibrahim/apps/sterling-integration-api/src/services/integrations/sterling-scheduling-service.ts:115:27)\n' +
    '    at processTicksAndRejections (node:internal/process/task_queues:95:5)\n' +
    '    at SterlingSchedulingService.getLocationByExternalId (/home/ibrahim/apps/sterling-integration-api/src/services/integrations/sterling-scheduling-service.ts:47:24)\n' +
    '    at UpdateOrderLocationsTask.getSterlingLocationsByExternalIds (/home/ibrahim/apps/sterling-integration-api/src/tasks/update-order-locations-task.ts:63:42)\n' +
    '    at handle (/home/ibrahim/apps/sterling-integration-api/src/tasks/update-order-locations-task.ts:43:53)\n' +
    '    at Task.handleOverLapping (/home/ibrahim/apps/sterling-integration-api/src/tasks/task.ts:87:17)',
  message: 'A valid latitude and longitude or searchTerm must be specified.',
  error: 'A valid latitude and longitude or searchTerm must be specified.',
  code: 'SterlingError',
  level: 'error',
  timestamp: '2026-05-04 15:00:01'
}
{
  name: 'Error',
  stack: 'Error: A location with locationId TUPSS23604 was not found.\n' +
    '    at SterlingSchedulingService.requestAsync (/home/ibrahim/apps/sterling-integration-api/src/services/integrations/sterling-scheduling-service.ts:107:27)\n' +
    '    at processTicksAndRejections (node:internal/process/task_queues:95:5)\n' +
    '    at SterlingSchedulingService.getLocationByExternalId (/home/ibrahim/apps/sterling-integration-api/src/services/integrations/sterling-scheduling-service.ts:47:24)\n' +
    '    at UpdateOrderLocationsTask.getSterlingLocationsByExternalIds (/home/ibrahim/apps/sterling-integration-api/src/tasks/update-order-locations-task.ts:63:42)\n' +
    '    at handle (/home/ibrahim/apps/sterling-integration-api/src/tasks/update-order-locations-task.ts:43:53)\n' +
    '    at Task.handleOverLapping (/home/ibrahim/apps/sterling-integration-api/src/tasks/task.ts:87:17)',
  message: 'A location with locationId TUPSS23604 was not found.',
  error: 'A location with locationId TUPSS23604 was not found.',
  code: 'SterlingNotFound',
  level: 'error',
  timestamp: '2026-05-04 15:00:02'
}
{
  name: 'Error',
  stack: 'Error: A location with locationId null was not found.\n' +
    '    at SterlingSchedulingService.requestAsync (/home/ibrahim/apps/sterling-integration-api/src/services/integrations/sterling-scheduling-service.ts:107:27)\n' +
    '    at processTicksAndRejections (node:internal/process/task_queues:95:5)\n' +
    '    at SterlingSchedulingService.getLocationByExternalId (/home/ibrahim/apps/sterling-integration-api/src/services/integrations/sterling-scheduling-service.ts:47:24)\n' +
    '    at UpdateOrderLocationsTask.getSterlingLocationsByExternalIds (/home/ibrahim/apps/sterling-integration-api/src/tasks/update-order-locations-task.ts:63:42)\n' +
    '    at handle (/home/ibrahim/apps/sterling-integration-api/src/tasks/update-order-locations-task.ts:43:53)\n' +
    '    at Task.handleOverLapping (/home/ibrahim/apps/sterling-integration-api/src/tasks/task.ts:87:17)',
  message: 'A location with locationId null was not found.',
  error: 'A location with locationId null was not found.',
  code: 'SterlingNotFound',
  level: 'error',
  timestamp: '2026-05-04 15:00:03'
}
{
  name: 'Error',
  stack: 'Error: A valid latitude and longitude or searchTerm must be specified.\n' +
    '    at SterlingSchedulingService.requestAsync (/home/ibrahim/apps/sterling-integration-api/src/services/integrations/sterling-scheduling-service.ts:115:27)\n' +
    '    at processTicksAndRejections (node:internal/process/task_queues:95:5)\n' +
    '    at SterlingSchedulingService.getLocationByExternalId (/home/ibrahim/apps/sterling-integration-api/src/services/integrations/sterling-scheduling-service.ts:47:24)\n' +
    '    at UpdateOrderLocationsTask.getSterlingLocationsByExternalIds (/home/ibrahim/apps/sterling-integration-api/src/tasks/update-order-locations-task.ts:63:42)\n' +
    '    at handle (/home/ibrahim/apps/sterling-integration-api/src/tasks/update-order-locations-task.ts:43:53)\n' +
    '    at Task.handleOverLapping (/home/ibrahim/apps/sterling-integration-api/src/tasks/task.ts:87:17)',
  message: 'A valid latitude and longitude or searchTerm must be specified.',
  error: 'A valid latitude and longitude or searchTerm must be specified.',
  code: 'SterlingError',
  level: 'error',
  timestamp: '2026-05-04 16:00:01'
}
{
  name: 'Error',
  stack: 'Error: A location with locationId TUPSS23604 was not found.\n' +
    '    at SterlingSchedulingService.requestAsync (/home/ibrahim/apps/sterling-integration-api/src/services/integrations/sterling-scheduling-service.ts:107:27)\n' +
    '    at processTicksAndRejections (node:internal/process/task_queues:95:5)\n' +
    '    at SterlingSchedulingService.getLocationByExternalId (/home/ibrahim/apps/sterling-integration-api/src/services/integrations/sterling-scheduling-service.ts:47:24)\n' +
    '    at UpdateOrderLocationsTask.getSterlingLocationsByExternalIds (/home/ibrahim/apps/sterling-integration-api/src/tasks/update-order-locations-task.ts:63:42)\n' +
    '    at handle (/home/ibrahim/apps/sterling-integration-api/src/tasks/update-order-locations-task.ts:43:53)\n' +
    '    at Task.handleOverLapping (/home/ibrahim/apps/sterling-integration-api/src/tasks/task.ts:87:17)',
  message: 'A location with locationId TUPSS23604 was not found.',
  error: 'A location with locationId TUPSS23604 was not found.',
  code: 'SterlingNotFound',
  level: 'error',
  timestamp: '2026-05-04 16:00:02'
}
{
  name: 'Error',
  stack: 'Error: A location with locationId null was not found.\n' +
    '    at SterlingSchedulingService.requestAsync (/home/ibrahim/apps/sterling-integration-api/src/services/integrations/sterling-scheduling-service.ts:107:27)\n' +
    '    at processTicksAndRejections (node:internal/process/task_queues:95:5)\n' +
    '    at SterlingSchedulingService.getLocationByExternalId (/home/ibrahim/apps/sterling-integration-api/src/services/integrations/sterling-scheduling-service.ts:47:24)\n' +
    '    at UpdateOrderLocationsTask.getSterlingLocationsByExternalIds (/home/ibrahim/apps/sterling-integration-api/src/tasks/update-order-locations-task.ts:63:42)\n' +
    '    at handle (/home/ibrahim/apps/sterling-integration-api/src/tasks/update-order-locations-task.ts:43:53)\n' +
    '    at Task.handleOverLapping (/home/ibrahim/apps/sterling-integration-api/src/tasks/task.ts:87:17)',
  message: 'A location with locationId null was not found.',
  error: 'A location with locationId null was not found.',
  code: 'SterlingNotFound',
  level: 'error',
  timestamp: '2026-05-04 16:00:02'
}
{
  name: 'Error',
  stack: 'Error: A valid latitude and longitude or searchTerm must be specified.\n' +
    '    at SterlingSchedulingService.requestAsync (/home/ibrahim/apps/sterling-integration-api/src/services/integrations/sterling-scheduling-service.ts:115:27)\n' +
    '    at processTicksAndRejections (node:internal/process/task_queues:95:5)\n' +
    '    at SterlingSchedulingService.getLocationByExternalId (/home/ibrahim/apps/sterling-integration-api/src/services/integrations/sterling-scheduling-service.ts:47:24)\n' +
    '    at UpdateOrderLocationsTask.getSterlingLocationsByExternalIds (/home/ibrahim/apps/sterling-integration-api/src/tasks/update-order-locations-task.ts:63:42)\n' +
    '    at handle (/home/ibrahim/apps/sterling-integration-api/src/tasks/update-order-locations-task.ts:43:53)\n' +
    '    at Task.handleOverLapping (/home/ibrahim/apps/sterling-integration-api/src/tasks/task.ts:87:17)',
  message: 'A valid latitude and longitude or searchTerm must be specified.',
  error: 'A valid latitude and longitude or searchTerm must be specified.',
  code: 'SterlingError',
  level: 'error',
  timestamp: '2026-05-04 17:00:01'
}
{
  name: 'Error',
  stack: 'Error: A location with locationId TUPSS23604 was not found.\n' +
    '    at SterlingSchedulingService.requestAsync (/home/ibrahim/apps/sterling-integration-api/src/services/integrations/sterling-scheduling-service.ts:107:27)\n' +
    '    at processTicksAndRejections (node:internal/process/task_queues:95:5)\n' +
    '    at SterlingSchedulingService.getLocationByExternalId (/home/ibrahim/apps/sterling-integration-api/src/services/integrations/sterling-scheduling-service.ts:47:24)\n' +
    '    at UpdateOrderLocationsTask.getSterlingLocationsByExternalIds (/home/ibrahim/apps/sterling-integration-api/src/tasks/update-order-locations-task.ts:63:42)\n' +
    '    at handle (/home/ibrahim/apps/sterling-integration-api/src/tasks/update-order-locations-task.ts:43:53)\n' +
    '    at Task.handleOverLapping (/home/ibrahim/apps/sterling-integration-api/src/tasks/task.ts:87:17)',
  message: 'A location with locationId TUPSS23604 was not found.',
  error: 'A location with locationId TUPSS23604 was not found.',
  code: 'SterlingNotFound',
  level: 'error',
  timestamp: '2026-05-04 17:00:02'
}
{
  name: 'Error',
  stack: 'Error: A location with locationId null was not found.\n' +
    '    at SterlingSchedulingService.requestAsync (/home/ibrahim/apps/sterling-integration-api/src/services/integrations/sterling-scheduling-service.ts:107:27)\n' +
    '    at processTicksAndRejections (node:internal/process/task_queues:95:5)\n' +
    '    at SterlingSchedulingService.getLocationByExternalId (/home/ibrahim/apps/sterling-integration-api/src/services/integrations/sterling-scheduling-service.ts:47:24)\n' +
    '    at UpdateOrderLocationsTask.getSterlingLocationsByExternalIds (/home/ibrahim/apps/sterling-integration-api/src/tasks/update-order-locations-task.ts:63:42)\n' +
    '    at handle (/home/ibrahim/apps/sterling-integration-api/src/tasks/update-order-locations-task.ts:43:53)\n' +
    '    at Task.handleOverLapping (/home/ibrahim/apps/sterling-integration-api/src/tasks/task.ts:87:17)',
  message: 'A location with locationId null was not found.',
  error: 'A location with locationId null was not found.',
  code: 'SterlingNotFound',
  level: 'error',
  timestamp: '2026-05-04 17:00:04'
}
{
  message: {
    name: 'Error',
    stack: 'Error: \n' +
      '    at SterlingService.trackOrderAsync (/home/ibrahim/apps/sterling-integration-api/src/services/integrations/sterling-service.ts:28:15)\n' +
      '    at processTicksAndRejections (node:internal/process/task_queues:95:5)\n' +
      '    at OrderService.trackSterlingOrders (/home/ibrahim/apps/sterling-integration-api/src/services/order-service.ts:638:41)\n' +
      '    at handle (/home/ibrahim/apps/sterling-integration-api/src/tasks/update-order-task.ts:22:28)\n' +
      '    at Task.handleOverLapping (/home/ibrahim/apps/sterling-integration-api/src/tasks/task.ts:87:17)',
    message: '',
    error: 'Error: read ETIMEDOUT',
    code: 'SterlingError'
  },
  level: 'error',
  timestamp: '2026-05-04 17:12:50'
}
